id,transaction,android_id,slip_number,order_type,payment_method,items_json,total,status,source,table_number,customer_name,is_unpaid,order_mode,created_at,updated_at
5,"{""id"": 5, ""order_detail"": {""id"": 5, ""slip_number"": ""9405863"", ""order_type"": ""DINE_IN"", ""payment_method"": ""CASH"", ""table_number"": """", ""items_json"": [{""productId"": 10, ""name"": ""Leg - Unli"", ""price"": 159, ""quantity"": 2, ""discount"": 0}, {""productId"": 7, ""name"": ""Pechopak - Unli"", ""price"": 179, ""quantity"": 1, ""discount"": 0}, {""productId"": 7, ""name"": ""Pechopak - Meal"", ""price"": 169, ""quantity"": 2, ""discount"": 0}, {""productId"": 9, ""name"": ""BBQ - Meal"", ""price"": 139, ""quantity"": 2, ""discount"": 0}, {""productId"": 6, ""name"": ""Delivery Fee - DF1"", ""price"": 30, ""quantity"": 1, ""discount"": 0}], ""order_mode"": ""REGULAR""}, ""android_id"": null, ""total"": ""1143.00"", ""completed_at"": ""2026-05-05T22:13:24.439326+08:00"", ""order"": 5}",,9405863,DINE_IN,CASH,"[{""productId"": 10, ""name"": ""Leg - Unli"", ""price"": 159, ""quantity"": 2, ""discount"": 0}, {""productId"": 7, ""name"": ""Pechopak - Unli"", ""price"": 179, ""quantity"": 1, ""discount"": 0}, {""productId"": 7, ""name"": ""Pechopak - Meal"", ""price"": 169, ""quantity"": 2, ""discount"": 0}, {""productId"": 9, ""name"": ""BBQ - Meal"", ""price"": 139, ""quantity"": 2, ""discount"": 0}, {""productId"": 6, ""name"": ""Delivery Fee - DF1"", ""price"": 30, ""quantity"": 1, ""discount"": 0}]",1143.00,COMPLETED,walk-in,,,False,REGULAR,2026-06-04T03:46:32.368607+08:00,2026-06-04T03:46:32.368607+08:00
6,,,9405864,DINE_IN,CASH,"[{""productId"": 7, ""name"": ""Pechopak - Unli"", ""price"": 179, ""quantity"": 1, ""discount"": 0}]",179.00,VOIDED,walk-in,,,False,REGULAR,2026-06-04T03:46:32.365609+08:00,2026-06-04T03:46:32.365609+08:00
7,,,9405864,DINE_IN,CASH,"[{""productId"": 7, ""name"": ""Pechopak - Unli"", ""price"": 179, ""quantity"": 1, ""discount"": 0}]",179.00,VOIDED,walk-in,,,False,REGULAR,2026-06-04T03:46:32.350218+08:00,2026-06-04T03:46:32.350218+08:00
8,"{""id"": 6, ""order_detail"": {""id"": 8, ""slip_number"": ""9405864"", ""order_type"": ""DINE_IN"", ""payment_method"": ""CASH"", ""table_number"": """", ""items_json"": [{""productId"": 7, ""name"": ""Pechopak - Unli"", ""price"": 179, ""quantity"": 1, ""discount"": 0}, {""productId"": 7, ""name"": ""Pechopak - Unli"", ""price"": 179, ""quantity"": 1, ""discount"": 20}], ""order_mode"": ""REGULAR""}, ""android_id"": null, ""total"": ""322.20"", ""completed_at"": ""2026-05-05T22:23:28.462149+08:00"", ""order"": 8}",,9405864,DINE_IN,CASH,"[{""productId"": 7, ""name"": ""Pechopak - Unli"", ""price"": 179, ""quantity"": 1, ""discount"": 0}, {""productId"": 7, ""name"": ""Pechopak - Unli"", ""price"": 179, ""quantity"": 1, ""discount"": 20}]",322.20,COMPLETED,walk-in,,,False,REGULAR,2026-06-04T03:46:32.311913+08:00,2026-06-04T03:46:32.311913+08:00
9,"{""id"": 7, ""order_detail"": {""id"": 9, ""slip_number"": ""9405865"", ""order_type"": ""DINE_IN"", ""payment_method"": ""CASH"", ""table_number"": """", ""items_json"": [{""productId"": 1, ""name"": ""Coke - Mismo"", ""price"": 25, ""quantity"": 1, ""discount"": 0}], ""order_mode"": ""REGULAR""}, ""android_id"": null, ""total"": ""25.00"", ""completed_at"": ""2026-05-05T22:23:47.879890+08:00"", ""order"": 9}",,9405865,DINE_IN,CASH,"[{""productId"": 1, ""name"": ""Coke - Mismo"", ""price"": 25, ""quantity"": 1, ""discount"": 0}]",25.00,COMPLETED,walk-in,,,False,REGULAR,2026-06-04T03:46:32.308403+08:00,2026-06-04T03:46:32.308403+08:00
10,"{""id"": 8, ""order_detail"": {""id"": 10, ""slip_number"": ""9405866"", ""order_type"": ""DINE_IN"", ""payment_method"": ""CASH"", ""table_number"": """", ""items_json"": [{""productId"": 11, ""name"": ""Wings - Unli"", ""price"": 139, ""quantity"": 1, ""discount"": 0}, {""productId"": 9, ""name"": ""BBQ - Unli"", ""price"": 149, ""quantity"": 1, ""discount"": 0}], ""order_mode"": ""REGULAR""}, ""android_id"": null, ""total"": ""288.00"", ""completed_at"": ""2026-05-05T22:24:17.620045+08:00"", ""order"": 10}",,9405866,DINE_IN,CASH,"[{""productId"": 11, ""name"": ""Wings - Unli"", ""price"": 139, ""quantity"": 1, ""discount"": 0}, {""productId"": 9, ""name"": ""BBQ - Unli"", ""price"": 149, ""quantity"": 1, ""discount"": 0}]",288.00,COMPLETED,walk-in,,,False,REGULAR,2026-06-04T03:46:32.281880+08:00,2026-06-04T03:46:32.281880+08:00
11,"{""id"": 9, ""order_detail"": {""id"": 11, ""slip_number"": ""9405867"", ""order_type"": ""DINE_IN"", ""payment_method"": ""CASH"", ""table_number"": """", ""items_json"": [{""productId"": 11, ""name"": ""Wings - One Piece Meal"", ""price"": 79, ""quantity"": 1, ""discount"": 0}], ""order_mode"": ""REGULAR""}, ""android_id"": null, ""total"": ""79.00"", ""completed_at"": ""2026-05-05T22:25:17.863459+08:00"", ""order"": 11}",,9405867,DINE_IN,CASH,"[{""productId"": 11, ""name"": ""Wings - One Piece Meal"", ""price"": 79, ""quantity"": 1, ""discount"": 0}]",79.00,COMPLETED,walk-in,,,False,REGULAR,2026-06-04T03:46:32.268678+08:00,2026-06-04T03:46:32.268678+08:00
12,"{""id"": 10, ""order_detail"": {""id"": 12, ""slip_number"": ""9405868"", ""order_type"": ""DINE_IN"", ""payment_method"": ""CASH"", ""table_number"": """", ""items_json"": [{""productId"": 7, ""name"": ""Pechopak - Unli"", ""price"": 179, ""quantity"": 1, ""discount"": 0}, {""productId"": 11, ""name"": ""Wings - Meal"", ""price"": 129, ""quantity"": 1, ""discount"": 0}, {""productId"": 10, ""name"": ""Leg - Meal"", ""price"": 149, ""quantity"": 1, ""discount"": 0}, {""productId"": 10, ""name"": ""Leg - Unli"", ""price"": 159, ""quantity"": 1, ""discount"": 0}, {""productId"": 9, ""name"": ""BBQ - Meal"", ""price"": 139, ""quantity"": 1, ""discount"": 0}, {""productId"": 6, ""name"": ""Delivery Fee - DF1"", ""price"": 30, ""quantity"": 1, ""discount"": 0}], ""order_mode"": ""REGULAR""}, ""android_id"": null, ""total"": ""785.00"", ""completed_at"": ""2026-05-05T22:25:50.912056+08:00"", ""order"": 12}",,9405868,DINE_IN,CASH,"[{""productId"": 7, ""name"": ""Pechopak - Unli"", ""price"": 179, ""quantity"": 1, ""discount"": 0}, {""productId"": 11, ""name"": ""Wings - Meal"", ""price"": 129, ""quantity"": 1, ""discount"": 0}, {""productId"": 10, ""name"": ""Leg - Meal"", ""price"": 149, ""quantity"": 1, ""discount"": 0}, {""productId"": 10, ""name"": ""Leg - Unli"", ""price"": 159, ""quantity"": 1, ""discount"": 0}, {""productId"": 9, ""name"": ""BBQ - Meal"", ""price"": 139, ""quantity"": 1, ""discount"": 0}, {""productId"": 6, ""name"": ""Delivery Fee - DF1"", ""price"": 30, ""quantity"": 1, ""discount"": 0}]",785.00,COMPLETED,walk-in,,,False,REGULAR,2026-06-04T03:46:32.247916+08:00,2026-06-04T03:46:32.247916+08:00
13,"{""id"": 11, ""order_detail"": {""id"": 13, ""slip_number"": ""9405869"", ""order_type"": ""DINE_IN"", ""payment_method"": ""CASH"", ""table_number"": """", ""items_json"": [{""productId"": 8, ""name"": ""Liempo - Unli"", ""price"": 199, ""quantity"": 2, ""discount"": 0}], ""order_mode"": ""REGULAR""}, ""android_id"": null, ""total"": ""398.00"", ""completed_at"": ""2026-05-05T22:26:37.069787+08:00"", ""order"": 13}",,9405869,DINE_IN,CASH,"[{""productId"": 8, ""name"": ""Liempo - Unli"", ""price"": 199, ""quantity"": 2, ""discount"": 0}]",398.00,COMPLETED,walk-in,,,False,REGULAR,2026-06-04T03:46:32.234661+08:00,2026-06-04T03:46:32.234661+08:00
14,"{""id"": 12, ""order_detail"": {""id"": 14, ""slip_number"": ""9405870"", ""order_type"": ""DINE_IN"", ""payment_method"": ""CASH"", ""table_number"": """", ""items_json"": [{""productId"": 7, ""name"": ""Pechopak - Meal"", ""price"": 169, ""quantity"": 1, ""discount"": 0}, {""productId"": 10, ""name"": ""Leg - Meal"", ""price"": 149, ""quantity"": 1, ""discount"": 0}], ""order_mode"": ""REGULAR""}, ""android_id"": null, ""total"": ""318.00"", ""completed_at"": ""2026-05-05T22:28:27.967415+08:00"", ""order"": 14}",,9405870,DINE_IN,CASH,"[{""productId"": 7, ""name"": ""Pechopak - Meal"", ""price"": 169, ""quantity"": 1, ""discount"": 0}, {""productId"": 10, ""name"": ""Leg - Meal"", ""price"": 149, ""quantity"": 1, ""discount"": 0}]",318.00,COMPLETED,walk-in,,,False,REGULAR,2026-06-04T03:46:32.232664+08:00,2026-06-04T03:46:32.232664+08:00
15,"{""id"": 13, ""order_detail"": {""id"": 15, ""slip_number"": ""9405871"", ""order_type"": ""DINE_IN"", ""payment_method"": ""CASH"", ""table_number"": """", ""items_json"": [{""productId"": 7, ""name"": ""Pechopak - Unli"", ""price"": 179, ""quantity"": 2, ""discount"": 0}, {""productId"": 1, ""name"": ""Coke - Mismo"", ""price"": 25, ""quantity"": 1, ""discount"": 0}], ""order_mode"": ""REGULAR""}, ""android_id"": null, ""total"": ""383.00"", ""completed_at"": ""2026-05-05T22:29:13.321940+08:00"", ""order"": 15}",,9405871,DINE_IN,CASH,"[{""productId"": 7, ""name"": ""Pechopak - Unli"", ""price"": 179, ""quantity"": 2, ""discount"": 0}, {""productId"": 1, ""name"": ""Coke - Mismo"", ""price"": 25, ""quantity"": 1, ""discount"": 0}]",383.00,COMPLETED,walk-in,,,False,REGULAR,2026-06-04T03:46:32.209943+08:00,2026-06-04T03:46:32.209943+08:00
16,"{""id"": 14, ""order_detail"": {""id"": 16, ""slip_number"": ""9405872"", ""order_type"": ""DINE_IN"", ""payment_method"": ""CASH"", ""table_number"": """", ""items_json"": [{""productId"": 7, ""name"": ""Pechopak - Only"", ""price"": 159, ""quantity"": 2, ""discount"": 0}], ""order_mode"": ""REGULAR""}, ""android_id"": null, ""total"": ""318.00"", ""completed_at"": ""2026-05-05T22:29:29.477136+08:00"", ""order"": 16}",,9405872,DINE_IN,CASH,"[{""productId"": 7, ""name"": ""Pechopak - Only"", ""price"": 159, ""quantity"": 2, ""discount"": 0}]",318.00,COMPLETED,walk-in,,,False,REGULAR,2026-06-04T03:46:32.207932+08:00,2026-06-04T03:46:32.207932+08:00
17,"{""id"": 15, ""order_detail"": {""id"": 17, ""slip_number"": ""9405873"", ""order_type"": ""DINE_IN"", ""payment_method"": ""CASH"", ""table_number"": """", ""items_json"": [{""productId"": 10, ""name"": ""Leg - Only"", ""price"": 139, ""quantity"": 2, ""discount"": 0}, {""productId"": 11, ""name"": ""Wings - Only"", ""price"": 119, ""quantity"": 1, ""discount"": 0}], ""order_mode"": ""REGULAR""}, ""android_id"": null, ""total"": ""397.00"", ""completed_at"": ""2026-05-05T22:30:07.370026+08:00"", ""order"": 17}",,9405873,DINE_IN,CASH,"[{""productId"": 10, ""name"": ""Leg - Only"", ""price"": 139, ""quantity"": 2, ""discount"": 0}, {""productId"": 11, ""name"": ""Wings - Only"", ""price"": 119, ""quantity"": 1, ""discount"": 0}]",397.00,COMPLETED,walk-in,,,False,REGULAR,2026-06-04T03:46:32.184939+08:00,2026-06-04T03:46:32.184939+08:00
18,"{""id"": 16, ""order_detail"": {""id"": 18, ""slip_number"": ""9405874"", ""order_type"": ""DINE_IN"", ""payment_method"": ""CASH"", ""table_number"": """", ""items_json"": [{""productId"": 10, ""name"": ""Leg - Unli"", ""price"": 159, ""quantity"": 2, ""discount"": 0}, {""productId"": 3, ""name"": ""Icetea - Icetea"", ""price"": 39, ""quantity"": 1, ""discount"": 0}], ""order_mode"": ""REGULAR""}, ""android_id"": null, ""total"": ""357.00"", ""completed_at"": ""2026-05-05T22:30:24.468792+08:00"", ""order"": 18}",,9405874,DINE_IN,CASH,"[{""productId"": 10, ""name"": ""Leg - Unli"", ""price"": 159, ""quantity"": 2, ""discount"": 0}, {""productId"": 3, ""name"": ""Icetea - Icetea"", ""price"": 39, ""quantity"": 1, ""discount"": 0}]",357.00,COMPLETED,walk-in,,,False,REGULAR,2026-06-04T03:46:32.172052+08:00,2026-06-04T03:46:32.172052+08:00
19,"{""id"": 17, ""order_detail"": {""id"": 19, ""slip_number"": ""9405875"", ""order_type"": ""DINE_IN"", ""payment_method"": ""CASH"", ""table_number"": """", ""items_json"": [{""productId"": 10, ""name"": ""Leg - Unli"", ""price"": 159, ""quantity"": 2, ""discount"": 0}], ""order_mode"": ""REGULAR""}, ""android_id"": null, ""total"": ""318.00"", ""completed_at"": ""2026-05-05T22:30:47.522104+08:00"", ""order"": 19}",,9405875,DINE_IN,CASH,"[{""productId"": 10, ""name"": ""Leg - Unli"", ""price"": 159, ""quantity"": 2, ""discount"": 0}]",318.00,COMPLETED,walk-in,,,False,REGULAR,2026-06-04T03:46:32.159423+08:00,2026-06-04T03:46:32.159423+08:00
20,"{""id"": 18, ""order_detail"": {""id"": 20, ""slip_number"": ""9405876"", ""order_type"": ""DINE_IN"", ""payment_method"": ""CASH"", ""table_number"": """", ""items_json"": [{""productId"": 10, ""name"": ""Leg - Unli"", ""price"": 159, ""quantity"": 2, ""discount"": 0}, {""productId"": 7, ""name"": ""Pechopak - Unli"", ""price"": 179, ""quantity"": 2, ""discount"": 0}], ""order_mode"": ""REGULAR""}, ""android_id"": null, ""total"": ""676.00"", ""completed_at"": ""2026-05-05T22:32:54.983934+08:00"", ""order"": 20}",,9405876,DINE_IN,CASH,"[{""productId"": 10, ""name"": ""Leg - Unli"", ""price"": 159, ""quantity"": 2, ""discount"": 0}, {""productId"": 7, ""name"": ""Pechopak - Unli"", ""price"": 179, ""quantity"": 2, ""discount"": 0}]",676.00,COMPLETED,walk-in,,,False,REGULAR,2026-06-04T03:46:32.131845+08:00,2026-06-04T03:46:32.131845+08:00
21,"{""id"": 19, ""order_detail"": {""id"": 21, ""slip_number"": ""9405877"", ""order_type"": ""DINE_IN"", ""payment_method"": ""CASH"", ""table_number"": """", ""items_json"": [{""productId"": 1, ""name"": ""Coke - 1.5"", ""price"": 120, ""quantity"": 1, ""discount"": 0}], ""order_mode"": ""REGULAR""}, ""android_id"": null, ""total"": ""120.00"", ""completed_at"": ""2026-05-05T22:33:21.474671+08:00"", ""order"": 21}",,9405877,DINE_IN,CASH,"[{""productId"": 1, ""name"": ""Coke - 1.5"", ""price"": 120, ""quantity"": 1, ""discount"": 0}]",120.00,COMPLETED,walk-in,,,False,REGULAR,2026-06-04T03:46:32.128845+08:00,2026-06-04T03:46:32.128845+08:00
22,"{""id"": 20, ""order_detail"": {""id"": 22, ""slip_number"": ""9405878"", ""order_type"": ""DINE_IN"", ""payment_method"": ""CASH"", ""table_number"": """", ""items_json"": [{""productId"": 10, ""name"": ""Leg - Meal"", ""price"": 149, ""quantity"": 1, ""discount"": 0}], ""order_mode"": ""REGULAR""}, ""android_id"": null, ""total"": ""149.00"", ""completed_at"": ""2026-05-05T22:33:35.313802+08:00"", ""order"": 22}",,9405878,DINE_IN,CASH,"[{""productId"": 10, ""name"": ""Leg - Meal"", ""price"": 149, ""quantity"": 1, ""discount"": 0}]",149.00,COMPLETED,walk-in,,,False,REGULAR,2026-06-04T03:46:32.107987+08:00,2026-06-04T03:46:32.107987+08:00
23,"{""id"": 21, ""order_detail"": {""id"": 23, ""slip_number"": ""9405879"", ""order_type"": ""DINE_IN"", ""payment_method"": ""CASH"", ""table_number"": """", ""items_json"": [{""productId"": 7, ""name"": ""Pechopak - Meal"", ""price"": 169, ""quantity"": 2, ""discount"": 0}], ""order_mode"": ""REGULAR""}, ""android_id"": null, ""total"": ""338.00"", ""completed_at"": ""2026-05-05T22:33:46.118534+08:00"", ""order"": 23}",,9405879,DINE_IN,CASH,"[{""productId"": 7, ""name"": ""Pechopak - Meal"", ""price"": 169, ""quantity"": 2, ""discount"": 0}]",338.00,COMPLETED,walk-in,,,False,REGULAR,2026-06-04T03:46:32.096821+08:00,2026-06-04T03:46:32.096821+08:00
24,"{""id"": 22, ""order_detail"": {""id"": 24, ""slip_number"": ""9405880"", ""order_type"": ""DINE_IN"", ""payment_method"": ""CASH"", ""table_number"": """", ""items_json"": [{""productId"": 10, ""name"": ""Leg - Meal"", ""price"": 149, ""quantity"": 1, ""discount"": 0}], ""order_mode"": ""REGULAR""}, ""android_id"": null, ""total"": ""149.00"", ""completed_at"": ""2026-05-05T22:34:07.534005+08:00"", ""order"": 24}",,9405880,DINE_IN,CASH,"[{""productId"": 10, ""name"": ""Leg - Meal"", ""price"": 149, ""quantity"": 1, ""discount"": 0}]",149.00,COMPLETED,walk-in,,,False,REGULAR,2026-06-04T03:46:32.082141+08:00,2026-06-04T03:46:32.082141+08:00
25,"{""id"": 23, ""order_detail"": {""id"": 25, ""slip_number"": ""9405881"", ""order_type"": ""DINE_IN"", ""payment_method"": ""CASH"", ""table_number"": """", ""items_json"": [{""productId"": 7, ""name"": ""Pechopak - Unli"", ""price"": 179, ""quantity"": 1, ""discount"": 0}, {""productId"": 1, ""name"": ""Coke - Mismo"", ""price"": 25, ""quantity"": 1, ""discount"": 0}], ""order_mode"": ""REGULAR""}, ""android_id"": null, ""total"": ""204.00"", ""completed_at"": ""2026-05-05T22:35:02.001150+08:00"", ""order"": 25}",,9405881,DINE_IN,CASH,"[{""productId"": 7, ""name"": ""Pechopak - Unli"", ""price"": 179, ""quantity"": 1, ""discount"": 0}, {""productId"": 1, ""name"": ""Coke - Mismo"", ""price"": 25, ""quantity"": 1, ""discount"": 0}]",204.00,COMPLETED,walk-in,,,False,REGULAR,2026-06-04T03:46:32.069118+08:00,2026-06-04T03:46:32.069118+08:00
26,"{""id"": 24, ""order_detail"": {""id"": 26, ""slip_number"": ""9405882"", ""order_type"": ""DINE_IN"", ""payment_method"": ""CASH"", ""table_number"": """", ""items_json"": [{""productId"": 10, ""name"": ""Leg - Unli"", ""price"": 159, ""quantity"": 2, ""discount"": 0}, {""productId"": 3, ""name"": ""Icetea - Icetea"", ""price"": 39, ""quantity"": 2, ""discount"": 0}], ""order_mode"": ""REGULAR""}, ""android_id"": null, ""total"": ""396.00"", ""completed_at"": ""2026-05-05T22:35:20.642040+08:00"", ""order"": 26}",,9405882,DINE_IN,CASH,"[{""productId"": 10, ""name"": ""Leg - Unli"", ""price"": 159, ""quantity"": 2, ""discount"": 0}, {""productId"": 3, ""name"": ""Icetea - Icetea"", ""price"": 39, ""quantity"": 2, ""discount"": 0}]",396.00,COMPLETED,walk-in,,,False,REGULAR,2026-06-04T03:46:32.057457+08:00,2026-06-04T03:46:32.057457+08:00
27,"{""id"": 25, ""order_detail"": {""id"": 27, ""slip_number"": ""9405883"", ""order_type"": ""DINE_IN"", ""payment_method"": ""CASH"", ""table_number"": """", ""items_json"": [{""productId"": 3, ""name"": ""Icetea - Icetea"", ""price"": 39, ""quantity"": 2, ""discount"": 0}, {""productId"": 9, ""name"": ""BBQ - Unli"", ""price"": 149, ""quantity"": 2, ""discount"": 0}], ""order_mode"": ""REGULAR""}, ""android_id"": null, ""total"": ""376.00"", ""completed_at"": ""2026-05-05T22:35:46.861913+08:00"", ""order"": 27}",,9405883,DINE_IN,CASH,"[{""productId"": 3, ""name"": ""Icetea - Icetea"", ""price"": 39, ""quantity"": 2, ""discount"": 0}, {""productId"": 9, ""name"": ""BBQ - Unli"", ""price"": 149, ""quantity"": 2, ""discount"": 0}]",376.00,COMPLETED,walk-in,,,False,REGULAR,2026-06-04T03:46:32.043942+08:00,2026-06-04T03:46:32.043942+08:00
28,"{""id"": 26, ""order_detail"": {""id"": 28, ""slip_number"": ""9405884"", ""order_type"": ""DINE_IN"", ""payment_method"": ""CASH"", ""table_number"": """", ""items_json"": [{""productId"": 9, ""name"": ""BBQ - Only"", ""price"": 129, ""quantity"": 1, ""discount"": 0}, {""productId"": 8, ""name"": ""Liempo - Only"", ""price"": 179, ""quantity"": 1, ""discount"": 0}], ""order_mode"": ""REGULAR""}, ""android_id"": null, ""total"": ""308.00"", ""completed_at"": ""2026-05-05T22:36:02.862226+08:00"", ""order"": 28}",,9405884,DINE_IN,CASH,"[{""productId"": 9, ""name"": ""BBQ - Only"", ""price"": 129, ""quantity"": 1, ""discount"": 0}, {""productId"": 8, ""name"": ""Liempo - Only"", ""price"": 179, ""quantity"": 1, ""discount"": 0}]",308.00,COMPLETED,walk-in,,,False,REGULAR,2026-06-04T03:46:32.031582+08:00,2026-06-04T03:46:32.031582+08:00
29,,,9405885,DINE_IN,CASH,"[{""productId"": 10, ""name"": ""Leg - Meal"", ""price"": 149, ""quantity"": 1, ""discount"": 87}]",19.37,VOIDED,walk-in,,,False,REGULAR,2026-06-04T03:46:32.017793+08:00,2026-06-04T03:46:32.017793+08:00
30,"{""id"": 27, ""order_detail"": {""id"": 30, ""slip_number"": ""9405886"", ""order_type"": ""TAKE_OUT"", ""payment_method"": ""CASH"", ""table_number"": """", ""items_json"": [{""productId"": 10, ""name"": ""Leg - Only"", ""price"": 139, ""quantity"": 1, ""discount"": 0}], ""order_mode"": ""REGULAR""}, ""android_id"": null, ""total"": ""139.00"", ""completed_at"": ""2026-05-06T12:59:42.549702+08:00"", ""order"": 30}",,9405886,TAKE_OUT,CASH,"[{""productId"": 10, ""name"": ""Leg - Only"", ""price"": 139, ""quantity"": 1, ""discount"": 0}]",139.00,COMPLETED,walk-in,,,False,REGULAR,2026-06-04T03:46:32.004605+08:00,2026-06-04T03:46:32.004605+08:00
31,"{""id"": 28, ""order_detail"": {""id"": 31, ""slip_number"": ""9405887"", ""order_type"": ""DINE_IN"", ""payment_method"": ""CASH"", ""table_number"": ""4"", ""items_json"": [{""productId"": 7, ""name"": ""Pechopak - Meal"", ""price"": 169, ""quantity"": 2, ""discount"": 0}], ""order_mode"": ""REGULAR""}, ""android_id"": null, ""total"": ""338.00"", ""completed_at"": ""2026-05-06T14:55:12.513207+08:00"", ""order"": 31}",,9405887,DINE_IN,CASH,"[{""productId"": 7, ""name"": ""Pechopak - Meal"", ""price"": 169, ""quantity"": 2, ""discount"": 0}]",338.00,COMPLETED,walk-in,4,,False,REGULAR,2026-06-04T03:46:31.982151+08:00,2026-06-04T03:46:31.982151+08:00
32,"{""id"": 29, ""order_detail"": {""id"": 32, ""slip_number"": ""9405888"", ""order_type"": ""DINE_IN"", ""payment_method"": ""CASH"", ""table_number"": """", ""items_json"": [{""productId"": 7, ""name"": ""Pechopak - Meal"", ""price"": 169, ""quantity"": 1, ""discount"": 0}], ""order_mode"": ""REGULAR""}, ""android_id"": null, ""total"": ""169.00"", ""completed_at"": ""2026-05-06T16:29:26.352536+08:00"", ""order"": 32}",,9405888,DINE_IN,CASH,"[{""productId"": 7, ""name"": ""Pechopak - Meal"", ""price"": 169, ""quantity"": 1, ""discount"": 0}]",169.00,COMPLETED,walk-in,,,False,REGULAR,2026-06-04T03:46:31.980152+08:00,2026-06-04T03:46:31.980152+08:00
33,"{""id"": 30, ""order_detail"": {""id"": 33, ""slip_number"": ""9405889"", ""order_type"": ""DINE_IN"", ""payment_method"": ""GCASH"", ""table_number"": """", ""items_json"": [{""productId"": 9, ""name"": ""BBQ - Only"", ""price"": 129, ""quantity"": 1, ""discount"": 0}, {""productId"": 10, ""name"": ""Leg - Only"", ""price"": 139, ""quantity"": 1, ""discount"": 0}], ""order_mode"": ""REGULAR""}, ""android_id"": null, ""total"": ""268.00"", ""completed_at"": ""2026-05-06T17:45:55.917098+08:00"", ""order"": 33}",,9405889,DINE_IN,GCASH,"[{""productId"": 9, ""name"": ""BBQ - Only"", ""price"": 129, ""quantity"": 1, ""discount"": 0}, {""productId"": 10, ""name"": ""Leg - Only"", ""price"": 139, ""quantity"": 1, ""discount"": 0}]",268.00,COMPLETED,walk-in,,,False,REGULAR,2026-06-04T03:46:31.967058+08:00,2026-06-04T03:46:31.967058+08:00
34,"{""id"": 31, ""order_detail"": {""id"": 34, ""slip_number"": ""9405890"", ""order_type"": ""DINE_IN"", ""payment_method"": ""GCASH"", ""table_number"": """", ""items_json"": [{""productId"": 3, ""name"": ""Icetea - Icetea"", ""price"": 39, ""quantity"": 1, ""discount"": 0}], ""order_mode"": ""REGULAR""}, ""android_id"": null, ""total"": ""39.00"", ""completed_at"": ""2026-05-06T18:01:37.904334+08:00"", ""order"": 34}",,9405890,DINE_IN,GCASH,"[{""productId"": 3, ""name"": ""Icetea - Icetea"", ""price"": 39, ""quantity"": 1, ""discount"": 0}]",39.00,COMPLETED,walk-in,,,False,REGULAR,2026-06-04T03:46:31.954240+08:00,2026-06-04T03:46:31.954240+08:00
35,"{""id"": 32, ""order_detail"": {""id"": 35, ""slip_number"": ""9405891"", ""order_type"": ""DINE_IN"", ""payment_method"": ""CASH"", ""table_number"": ""2"", ""items_json"": [{""productId"": 8, ""name"": ""Liempo - Meal"", ""price"": 189, ""quantity"": 1}, {""productId"": 10, ""name"": ""Leg - Meal"", ""price"": 149, ""quantity"": 1}], ""order_mode"": ""REGULAR""}, ""android_id"": null, ""total"": ""338.00"", ""completed_at"": ""2026-05-06T19:32:47.375765+08:00"", ""order"": 35}",,9405891,DINE_IN,CASH,"[{""productId"": 8, ""name"": ""Liempo - Meal"", ""price"": 189, ""quantity"": 1}, {""productId"": 10, ""name"": ""Leg - Meal"", ""price"": 149, ""quantity"": 1}]",338.00,COMPLETED,walk-in,2,,False,REGULAR,2026-06-04T03:46:31.940191+08:00,2026-06-04T03:46:31.940191+08:00
36,"{""id"": 33, ""order_detail"": {""id"": 36, ""slip_number"": ""9405892"", ""order_type"": ""DINE_IN"", ""payment_method"": ""CASH"", ""table_number"": ""1"", ""items_json"": [{""productId"": 10, ""name"": ""Leg - Unli"", ""price"": 159, ""quantity"": 2, ""discount"": 0}], ""order_mode"": ""REGULAR""}, ""android_id"": null, ""total"": ""318.00"", ""completed_at"": ""2026-05-06T20:01:29.541333+08:00"", ""order"": 36}",,9405892,DINE_IN,CASH,"[{""productId"": 10, ""name"": ""Leg - Unli"", ""price"": 159, ""quantity"": 2, ""discount"": 0}]",318.00,COMPLETED,walk-in,1,,False,REGULAR,2026-06-04T03:46:31.926151+08:00,2026-06-04T03:46:31.926151+08:00
37,"{""id"": 34, ""order_detail"": {""id"": 37, ""slip_number"": ""9405893"", ""order_type"": ""TAKE_OUT"", ""payment_method"": ""CASH"", ""table_number"": ""5"", ""items_json"": [{""productId"": 7, ""name"": ""Pechopak - Unli"", ""price"": 179, ""quantity"": 1}, {""productId"": 8, ""name"": ""Liempo - Unli"", ""price"": 199, ""quantity"": 1}, {""productId"": 5, ""name"": ""Sprite - 1 Glass"", ""price"": 30, ""quantity"": 1}, {""productId"": 4, ""name"": ""Royal - 1 Glass"", ""price"": 30, ""quantity"": 1}], ""order_mode"": ""REGULAR""}, ""android_id"": null, ""total"": ""438.00"", ""completed_at"": ""2026-05-06T20:02:57.981963+08:00"", ""order"": 37}",,9405893,TAKE_OUT,CASH,"[{""productId"": 7, ""name"": ""Pechopak - Unli"", ""price"": 179, ""quantity"": 1}, {""productId"": 8, ""name"": ""Liempo - Unli"", ""price"": 199, ""quantity"": 1}, {""productId"": 5, ""name"": ""Sprite - 1 Glass"", ""price"": 30, ""quantity"": 1}, {""productId"": 4, ""name"": ""Royal - 1 Glass"", ""price"": 30, ""quantity"": 1}]",438.00,COMPLETED,walk-in,5,,False,REGULAR,2026-06-04T03:46:31.898665+08:00,2026-06-04T03:46:31.898665+08:00
38,"{""id"": 36, ""order_detail"": {""id"": 38, ""slip_number"": ""9405894"", ""order_type"": ""DINE_IN"", ""payment_method"": ""GCASH"", ""table_number"": ""2"", ""items_json"": [{""productId"": 7, ""name"": ""Pechopak - Unli"", ""price"": 179, ""quantity"": 2, ""discount"": 0}], ""order_mode"": ""REGULAR""}, ""android_id"": null, ""total"": ""358.00"", ""completed_at"": ""2026-05-06T20:03:00+08:00"", ""order"": 38}",,9405894,DINE_IN,GCASH,"[{""productId"": 7, ""name"": ""Pechopak - Unli"", ""price"": 179, ""quantity"": 2, ""discount"": 0}]",358.00,COMPLETED,walk-in,2,,False,REGULAR,2026-06-04T03:46:31.883504+08:00,2026-06-04T03:46:31.883504+08:00
39,"{""id"": 37, ""order_detail"": {""id"": 39, ""slip_number"": ""9405895"", ""order_type"": ""DINE_IN"", ""payment_method"": ""CASH"", ""table_number"": ""3"", ""items_json"": [{""productId"": 7, ""name"": ""Pechopak - Unli"", ""price"": 179, ""quantity"": 2}, {""productId"": 10, ""name"": ""Leg - Unli"", ""price"": 159, ""quantity"": 2}, {""productId"": 10, ""name"": ""Leg - Meal"", ""price"": 149, ""quantity"": 1}, {""productId"": 9, ""name"": ""BBQ - Meal"", ""price"": 139, ""quantity"": 1}, {""productId"": 1, ""name"": ""Coke - 1.5"", ""price"": 120, ""quantity"": 1}], ""order_mode"": ""REGULAR""}, ""android_id"": null, ""total"": ""1084.00"", ""completed_at"": ""2026-05-06T20:41:34.416232+08:00"", ""order"": 39}",,9405895,DINE_IN,CASH,"[{""productId"": 7, ""name"": ""Pechopak - Unli"", ""price"": 179, ""quantity"": 2}, {""productId"": 10, ""name"": ""Leg - Unli"", ""price"": 159, ""quantity"": 2}, {""productId"": 10, ""name"": ""Leg - Meal"", ""price"": 149, ""quantity"": 1}, {""productId"": 9, ""name"": ""BBQ - Meal"", ""price"": 139, ""quantity"": 1}, {""productId"": 1, ""name"": ""Coke - 1.5"", ""price"": 120, ""quantity"": 1}]",1084.00,COMPLETED,walk-in,3,,False,REGULAR,2026-06-04T03:46:31.859231+08:00,2026-06-04T03:46:31.859231+08:00
40,"{""id"": 35, ""order_detail"": {""id"": 40, ""slip_number"": ""9405896"", ""order_type"": ""DINE_IN"", ""payment_method"": ""GCASH"", ""table_number"": ""4"", ""items_json"": [{""productId"": 7, ""name"": ""Pechopak - Meal"", ""price"": 169, ""quantity"": 3}], ""order_mode"": ""REGULAR""}, ""android_id"": null, ""total"": ""507.00"", ""completed_at"": ""2026-05-06T20:42:00+08:00"", ""order"": 40}",,9405896,DINE_IN,GCASH,"[{""productId"": 7, ""name"": ""Pechopak - Meal"", ""price"": 169, ""quantity"": 3}]",507.00,COMPLETED,walk-in,4,,False,REGULAR,2026-06-04T03:46:31.845473+08:00,2026-06-04T03:46:31.845473+08:00
41,"{""id"": 38, ""order_detail"": {""id"": 41, ""slip_number"": ""9405897"", ""order_type"": ""DINE_IN"", ""payment_method"": ""CASH"", ""table_number"": ""1"", ""items_json"": [{""productId"": 10, ""name"": ""Leg - Unli"", ""price"": 159, ""quantity"": 4}, {""productId"": 7, ""name"": ""Pechopak - Unli"", ""price"": 179, ""quantity"": 1}, {""productId"": 9, ""name"": ""BBQ - Meal"", ""price"": 139, ""quantity"": 2}, {""productId"": 1, ""name"": ""Coke - 1.5"", ""price"": 120, ""quantity"": 1}], ""order_mode"": ""REGULAR""}, ""android_id"": null, ""total"": ""1213.00"", ""completed_at"": ""2026-05-06T21:03:54.430997+08:00"", ""order"": 41}",,9405897,DINE_IN,CASH,"[{""productId"": 10, ""name"": ""Leg - Unli"", ""price"": 159, ""quantity"": 4}, {""productId"": 7, ""name"": ""Pechopak - Unli"", ""price"": 179, ""quantity"": 1}, {""productId"": 9, ""name"": ""BBQ - Meal"", ""price"": 139, ""quantity"": 2}, {""productId"": 1, ""name"": ""Coke - 1.5"", ""price"": 120, ""quantity"": 1}]",1213.00,COMPLETED,walk-in,1,,False,REGULAR,2026-06-04T03:46:31.832436+08:00,2026-06-04T03:46:31.832436+08:00
42,"{""id"": 40, ""order_detail"": {""id"": 42, ""slip_number"": ""9405898"", ""order_type"": ""DINE_IN"", ""payment_method"": ""CASH"", ""table_number"": """", ""items_json"": [{""productId"": 10, ""name"": ""Leg - Unli"", ""price"": 159, ""quantity"": 2}, {""productId"": 10, ""name"": ""Leg - Meal"", ""price"": 149, ""quantity"": 1}, {""productId"": 1, ""name"": ""Coke - 1 Glass"", ""price"": 30, ""quantity"": 3}], ""order_mode"": ""REGULAR""}, ""android_id"": null, ""total"": ""557.00"", ""completed_at"": ""2026-05-06T21:15:25.886256+08:00"", ""order"": 42}",,9405898,DINE_IN,CASH,"[{""productId"": 10, ""name"": ""Leg - Unli"", ""price"": 159, ""quantity"": 2}, {""productId"": 10, ""name"": ""Leg - Meal"", ""price"": 149, ""quantity"": 1}, {""productId"": 1, ""name"": ""Coke - 1 Glass"", ""price"": 30, ""quantity"": 3}]",557.00,COMPLETED,walk-in,,,False,REGULAR,2026-06-04T03:46:31.820198+08:00,2026-06-04T03:46:31.820198+08:00
43,"{""id"": 41, ""order_detail"": {""id"": 43, ""slip_number"": ""9405899"", ""order_type"": ""DINE_IN"", ""payment_method"": ""CASH"", ""table_number"": ""3"", ""items_json"": [{""productId"": 9, ""name"": ""BBQ - Unli"", ""price"": 149, ""quantity"": 1, ""discount"": 0}, {""productId"": 10, ""name"": ""Leg - Meal"", ""price"": 149, ""quantity"": 1}], ""order_mode"": ""REGULAR""}, ""android_id"": null, ""total"": ""298.00"", ""completed_at"": ""2026-05-06T21:15:26.795040+08:00"", ""order"": 43}",,9405899,DINE_IN,CASH,"[{""productId"": 9, ""name"": ""BBQ - Unli"", ""price"": 149, ""quantity"": 1, ""discount"": 0}, {""productId"": 10, ""name"": ""Leg - Meal"", ""price"": 149, ""quantity"": 1}]",298.00,COMPLETED,walk-in,3,,False,REGULAR,2026-06-04T03:46:31.803556+08:00,2026-06-04T03:46:31.803556+08:00
44,"{""id"": 39, ""order_detail"": {""id"": 44, ""slip_number"": ""9405900"", ""order_type"": ""DINE_IN"", ""payment_method"": ""GCASH"", ""table_number"": ""1"", ""items_json"": [{""productId"": 9, ""name"": ""BBQ - Unli"", ""price"": 149, ""quantity"": 1}, {""productId"": 10, ""name"": ""Leg - Unli"", ""price"": 159, ""quantity"": 1}, {""productId"": 1, ""name"": ""Coke - Mismo"", ""price"": 25, ""quantity"": 2}], ""order_mode"": ""REGULAR""}, ""android_id"": null, ""total"": ""358.00"", ""completed_at"": ""2026-05-06T21:17:00+08:00"", ""order"": 44}",,9405900,DINE_IN,GCASH,"[{""productId"": 9, ""name"": ""BBQ - Unli"", ""price"": 149, ""quantity"": 1}, {""productId"": 10, ""name"": ""Leg - Unli"", ""price"": 159, ""quantity"": 1}, {""productId"": 1, ""name"": ""Coke - Mismo"", ""price"": 25, ""quantity"": 2}]",358.00,COMPLETED,walk-in,1,,False,REGULAR,2026-06-04T03:46:31.780168+08:00,2026-06-04T03:46:31.780168+08:00
45,"{""id"": 43, ""order_detail"": {""id"": 45, ""slip_number"": ""9405901"", ""order_type"": ""DINE_IN"", ""payment_method"": ""CASH"", ""table_number"": """", ""items_json"": [{""productId"": 1, ""name"": ""Coke - 1 Glass"", ""price"": 30, ""quantity"": 2}], ""order_mode"": ""REGULAR""}, ""android_id"": null, ""total"": ""60.00"", ""completed_at"": ""2026-05-06T21:53:00+08:00"", ""order"": 45}",,9405901,DINE_IN,CASH,"[{""productId"": 1, ""name"": ""Coke - 1 Glass"", ""price"": 30, ""quantity"": 2}]",60.00,COMPLETED,walk-in,,,False,REGULAR,2026-06-04T03:46:31.766647+08:00,2026-06-04T03:46:31.766647+08:00
46,"{""id"": 42, ""order_detail"": {""id"": 46, ""slip_number"": ""9405902"", ""order_type"": ""DINE_IN"", ""payment_method"": ""GCASH"", ""table_number"": """", ""items_json"": [{""productId"": 8, ""name"": ""Liempo - Only"", ""price"": 179, ""quantity"": 1, ""discount"": 0}], ""order_mode"": ""REGULAR""}, ""android_id"": null, ""total"": ""179.00"", ""completed_at"": ""2026-05-06T21:54:08.495342+08:00"", ""order"": 46}",,9405902,DINE_IN,GCASH,"[{""productId"": 8, ""name"": ""Liempo - Only"", ""price"": 179, ""quantity"": 1, ""discount"": 0}]",179.00,COMPLETED,walk-in,,,False,REGULAR,2026-06-04T03:46:31.764649+08:00,2026-06-04T03:46:31.764649+08:00
47,"{""id"": 44, ""order_detail"": {""id"": 47, ""slip_number"": ""9405906"", ""order_type"": ""DINE_IN"", ""payment_method"": ""CASH"", ""table_number"": ""1"", ""items_json"": [{""productId"": 10, ""name"": ""Leg - Meal"", ""price"": 149, ""quantity"": 4, ""discount"": 0}, {""productId"": 10, ""name"": ""Leg - Unli"", ""price"": 159, ""quantity"": 1, ""discount"": 0}, {""productId"": 7, ""name"": ""Pechopak - Unli"", ""price"": 179, ""quantity"": 1, ""discount"": 0}, {""productId"": 4, ""name"": ""Royal - Mismo"", ""price"": 25, ""quantity"": 1, ""discount"": 0}, {""productId"": 5, ""name"": ""Sprite - Mismo"", ""price"": 25, ""quantity"": 1, ""discount"": 0}, {""productId"": 1, ""name"": ""Coke - Mismo"", ""price"": 25, ""quantity"": 1}], ""order_mode"": ""REGULAR""}, ""android_id"": null, ""total"": ""1009.00"", ""completed_at"": ""2026-05-06T22:23:00+08:00"", ""order"": 47}",,9405906,DINE_IN,CASH,"[{""productId"": 10, ""name"": ""Leg - Meal"", ""price"": 149, ""quantity"": 4, ""discount"": 0}, {""productId"": 10, ""name"": ""Leg - Unli"", ""price"": 159, ""quantity"": 1, ""discount"": 0}, {""productId"": 7, ""name"": ""Pechopak - Unli"", ""price"": 179, ""quantity"": 1, ""discount"": 0}, {""productId"": 4, ""name"": ""Royal - Mismo"", ""price"": 25, ""quantity"": 1, ""discount"": 0}, {""productId"": 5, ""name"": ""Sprite - Mismo"", ""price"": 25, ""quantity"": 1, ""discount"": 0}, {""productId"": 1, ""name"": ""Coke - Mismo"", ""price"": 25, ""quantity"": 1}]",1009.00,COMPLETED,walk-in,1,,False,REGULAR,2026-06-04T03:46:31.736988+08:00,2026-06-04T03:46:31.736988+08:00
48,"{""id"": 45, ""order_detail"": {""id"": 48, ""slip_number"": ""9405907"", ""order_type"": ""DINE_IN"", ""payment_method"": ""CASH"", ""table_number"": ""3"", ""items_json"": [{""productId"": 10, ""name"": ""Leg - Unli"", ""price"": 159, ""quantity"": 1, ""discount"": 20}, {""productId"": 9, ""name"": ""BBQ - Meal"", ""price"": 139, ""quantity"": 1, ""discount"": 0}], ""order_mode"": ""REGULAR""}, ""android_id"": null, ""total"": ""266.20"", ""completed_at"": ""2026-05-06T22:31:03.511058+08:00"", ""order"": 48}",,9405907,DINE_IN,CASH,"[{""productId"": 10, ""name"": ""Leg - Unli"", ""price"": 159, ""quantity"": 1, ""discount"": 20}, {""productId"": 9, ""name"": ""BBQ - Meal"", ""price"": 139, ""quantity"": 1, ""discount"": 0}]",266.20,COMPLETED,walk-in,3,,False,REGULAR,2026-06-04T03:46:31.733979+08:00,2026-06-04T03:46:31.733979+08:00
49,"{""id"": 46, ""order_detail"": {""id"": 49, ""slip_number"": ""9405908"", ""order_type"": ""DINE_IN"", ""payment_method"": ""CASH"", ""table_number"": ""2"", ""items_json"": [{""productId"": 7, ""name"": ""Pechopak - Unli"", ""price"": 179, ""quantity"": 1, ""discount"": 0}, {""productId"": 7, ""name"": ""Pechopak - Meal"", ""price"": 169, ""quantity"": 1, ""discount"": 0}], ""order_mode"": ""REGULAR""}, ""android_id"": null, ""total"": ""348.00"", ""completed_at"": ""2026-05-06T22:37:18.724010+08:00"", ""order"": 49}",,9405908,DINE_IN,CASH,"[{""productId"": 7, ""name"": ""Pechopak - Unli"", ""price"": 179, ""quantity"": 1, ""discount"": 0}, {""productId"": 7, ""name"": ""Pechopak - Meal"", ""price"": 169, ""quantity"": 1, ""discount"": 0}]",348.00,COMPLETED,walk-in,2,,False,REGULAR,2026-06-04T03:46:31.711212+08:00,2026-06-04T03:46:31.711212+08:00
50,"{""id"": 47, ""order_detail"": {""id"": 50, ""slip_number"": ""9405903"", ""order_type"": ""DINE_IN"", ""payment_method"": ""CASH"", ""table_number"": """", ""items_json"": [{""productId"": 9, ""name"": ""BBQ - Unli"", ""price"": 149, ""quantity"": 1, ""discount"": 0}, {""productId"": 1, ""name"": ""Coke - 1 Glass"", ""price"": 30, ""quantity"": 1, ""discount"": 0}], ""order_mode"": ""REGULAR""}, ""android_id"": null, ""total"": ""179.00"", ""completed_at"": ""2026-05-06T22:20:00+08:00"", ""order"": 50}",,9405903,DINE_IN,CASH,"[{""productId"": 9, ""name"": ""BBQ - Unli"", ""price"": 149, ""quantity"": 1, ""discount"": 0}, {""productId"": 1, ""name"": ""Coke - 1 Glass"", ""price"": 30, ""quantity"": 1, ""discount"": 0}]",179.00,COMPLETED,walk-in,,,False,REGULAR,2026-06-04T03:46:31.688881+08:00,2026-06-04T03:46:31.688881+08:00
51,"{""id"": 48, ""order_detail"": {""id"": 51, ""slip_number"": ""9405904"", ""order_type"": ""DINE_IN"", ""payment_method"": ""GCASH"", ""table_number"": """", ""items_json"": [{""productId"": 8, ""name"": ""Liempo - Only"", ""price"": 179, ""quantity"": 1, ""discount"": 0}], ""order_mode"": ""REGULAR""}, ""android_id"": null, ""total"": ""179.00"", ""completed_at"": ""2026-05-06T22:21:00+08:00"", ""order"": 51}",,9405904,DINE_IN,GCASH,"[{""productId"": 8, ""name"": ""Liempo - Only"", ""price"": 179, ""quantity"": 1, ""discount"": 0}]",179.00,COMPLETED,walk-in,,,False,REGULAR,2026-06-04T03:46:31.686183+08:00,2026-06-04T03:46:31.686183+08:00
52,"{""id"": 49, ""order_detail"": {""id"": 52, ""slip_number"": ""9405905"", ""order_type"": ""DINE_IN"", ""payment_method"": ""GCASH"", ""table_number"": """", ""items_json"": [{""productId"": 8, ""name"": ""Liempo - Only"", ""price"": 179, ""quantity"": 1, ""discount"": 0}], ""order_mode"": ""REGULAR""}, ""android_id"": null, ""total"": ""179.00"", ""completed_at"": ""2026-05-06T22:22:00+08:00"", ""order"": 52}",,9405905,DINE_IN,GCASH,"[{""productId"": 8, ""name"": ""Liempo - Only"", ""price"": 179, ""quantity"": 1, ""discount"": 0}]",179.00,COMPLETED,walk-in,,,False,REGULAR,2026-06-04T03:46:31.672992+08:00,2026-06-04T03:46:31.672992+08:00
53,"{""id"": 50, ""order_detail"": {""id"": 53, ""slip_number"": ""9405909"", ""order_type"": ""DINE_IN"", ""payment_method"": ""CASH"", ""table_number"": """", ""items_json"": [{""productId"": 10, ""name"": ""Leg - Unli"", ""price"": 159, ""quantity"": 5, ""discount"": 0}, {""productId"": 11, ""name"": ""Wings - Unli"", ""price"": 139, ""quantity"": 1, ""discount"": 0}, {""productId"": 1, ""name"": ""Coke - 1.5"", ""price"": 120, ""quantity"": 1, ""discount"": 0}], ""order_mode"": ""REGULAR""}, ""android_id"": null, ""total"": ""1054.00"", ""completed_at"": ""2026-05-07T11:24:29.355413+08:00"", ""order"": 53}",,9405909,DINE_IN,CASH,"[{""productId"": 10, ""name"": ""Leg - Unli"", ""price"": 159, ""quantity"": 5, ""discount"": 0}, {""productId"": 11, ""name"": ""Wings - Unli"", ""price"": 139, ""quantity"": 1, ""discount"": 0}, {""productId"": 1, ""name"": ""Coke - 1.5"", ""price"": 120, ""quantity"": 1, ""discount"": 0}]",1054.00,COMPLETED,walk-in,,,False,REGULAR,2026-06-04T03:46:31.659552+08:00,2026-06-04T03:46:31.659552+08:00
54,"{""id"": 51, ""order_detail"": {""id"": 54, ""slip_number"": ""9405910"", ""order_type"": ""DINE_IN"", ""payment_method"": ""CASH"", ""table_number"": """", ""items_json"": [{""productId"": 1, ""name"": ""Coke - Mismo"", ""price"": 25, ""quantity"": 2, ""discount"": 0}, {""productId"": 10, ""name"": ""Leg - Unli"", ""price"": 159, ""quantity"": 1, ""discount"": 0}, {""productId"": 7, ""name"": ""Pechopak - Unli"", ""price"": 179, ""quantity"": 1, ""discount"": 0}], ""order_mode"": ""REGULAR""}, ""android_id"": null, ""total"": ""388.00"", ""completed_at"": ""2026-05-07T13:12:34.488779+08:00"", ""order"": 54}",,9405910,DINE_IN,CASH,"[{""productId"": 1, ""name"": ""Coke - Mismo"", ""price"": 25, ""quantity"": 2, ""discount"": 0}, {""productId"": 10, ""name"": ""Leg - Unli"", ""price"": 159, ""quantity"": 1, ""discount"": 0}, {""productId"": 7, ""name"": ""Pechopak - Unli"", ""price"": 179, ""quantity"": 1, ""discount"": 0}]",388.00,COMPLETED,walk-in,,,False,REGULAR,2026-06-04T03:46:31.644520+08:00,2026-06-04T03:46:31.644520+08:00
55,"{""id"": 52, ""order_detail"": {""id"": 55, ""slip_number"": ""9405911"", ""order_type"": ""TAKE_OUT"", ""payment_method"": ""CASH"", ""table_number"": """", ""items_json"": [{""productId"": 7, ""name"": ""Pechopak - Unli"", ""price"": 179, ""quantity"": 2, ""discount"": 0}, {""productId"": 11, ""name"": ""Wings - Unli"", ""price"": 139, ""quantity"": 1, ""discount"": 0}], ""order_mode"": ""REGULAR""}, ""android_id"": null, ""total"": ""497.00"", ""completed_at"": ""2026-05-07T14:22:31.277858+08:00"", ""order"": 55}",,9405911,TAKE_OUT,CASH,"[{""productId"": 7, ""name"": ""Pechopak - Unli"", ""price"": 179, ""quantity"": 2, ""discount"": 0}, {""productId"": 11, ""name"": ""Wings - Unli"", ""price"": 139, ""quantity"": 1, ""discount"": 0}]",497.00,COMPLETED,walk-in,,,False,REGULAR,2026-06-04T03:46:31.631040+08:00,2026-06-04T03:46:31.631040+08:00
56,"{""id"": 54, ""order_detail"": {""id"": 56, ""slip_number"": ""9405912"", ""order_type"": ""DINE_IN"", ""payment_method"": ""CASH"", ""table_number"": ""2"", ""items_json"": [{""productId"": 10, ""name"": ""Leg - Unli"", ""price"": 159, ""quantity"": 1, ""discount"": 0}, {""productId"": 3, ""name"": ""Icetea - Icetea"", ""price"": 39, ""quantity"": 1, ""discount"": 0}], ""order_mode"": ""REGULAR""}, ""android_id"": null, ""total"": ""198.00"", ""completed_at"": ""2026-05-07T15:04:04.135272+08:00"", ""order"": 56}",,9405912,DINE_IN,CASH,"[{""productId"": 10, ""name"": ""Leg - Unli"", ""price"": 159, ""quantity"": 1, ""discount"": 0}, {""productId"": 3, ""name"": ""Icetea - Icetea"", ""price"": 39, ""quantity"": 1, ""discount"": 0}]",198.00,COMPLETED,walk-in,2,,False,REGULAR,2026-06-04T03:46:31.608658+08:00,2026-06-04T03:46:31.608658+08:00
57,"{""id"": 53, ""order_detail"": {""id"": 57, ""slip_number"": ""9405913"", ""order_type"": ""DINE_IN"", ""payment_method"": ""CASH"", ""table_number"": ""5"", ""items_json"": [{""productId"": 7, ""name"": ""Pechopak - Unli"", ""price"": 179, ""quantity"": 1, ""discount"": 0}, {""productId"": 3, ""name"": ""Icetea - Icetea"", ""price"": 39, ""quantity"": 1, ""discount"": 0}], ""order_mode"": ""REGULAR""}, ""android_id"": null, ""total"": ""218.00"", ""completed_at"": ""2026-05-07T15:04:02.547303+08:00"", ""order"": 57}",,9405913,DINE_IN,CASH,"[{""productId"": 7, ""name"": ""Pechopak - Unli"", ""price"": 179, ""quantity"": 1, ""discount"": 0}, {""productId"": 3, ""name"": ""Icetea - Icetea"", ""price"": 39, ""quantity"": 1, ""discount"": 0}]",218.00,COMPLETED,walk-in,5,,False,REGULAR,2026-06-04T03:46:31.594481+08:00,2026-06-04T03:46:31.594481+08:00
58,"{""id"": 55, ""order_detail"": {""id"": 58, ""slip_number"": ""9405914"", ""order_type"": ""DINE_IN"", ""payment_method"": ""GCASH"", ""table_number"": ""1"", ""items_json"": [{""productId"": 7, ""name"": ""Pechopak - Unli"", ""price"": 179, ""quantity"": 1, ""discount"": 0}, {""productId"": 7, ""name"": ""Pechopak - Meal"", ""price"": 169, ""quantity"": 2, ""discount"": 0}, {""productId"": 9, ""name"": ""BBQ - Meal"", ""price"": 139, ""quantity"": 1, ""discount"": 0}, {""productId"": 8, ""name"": ""Liempo - Unli"", ""price"": 199, ""quantity"": 1, ""discount"": 0}, {""productId"": 3, ""name"": ""Icetea - Icetea"", ""price"": 39, ""quantity"": 3, ""discount"": 0}], ""order_mode"": ""REGULAR""}, ""android_id"": null, ""total"": ""972.00"", ""completed_at"": ""2026-05-07T17:22:39.979072+08:00"", ""order"": 58}",,9405914,DINE_IN,GCASH,"[{""productId"": 7, ""name"": ""Pechopak - Unli"", ""price"": 179, ""quantity"": 1, ""discount"": 0}, {""productId"": 7, ""name"": ""Pechopak - Meal"", ""price"": 169, ""quantity"": 2, ""discount"": 0}, {""productId"": 9, ""name"": ""BBQ - Meal"", ""price"": 139, ""quantity"": 1, ""discount"": 0}, {""productId"": 8, ""name"": ""Liempo - Unli"", ""price"": 199, ""quantity"": 1, ""discount"": 0}, {""productId"": 3, ""name"": ""Icetea - Icetea"", ""price"": 39, ""quantity"": 3, ""discount"": 0}]",972.00,COMPLETED,walk-in,1,,False,REGULAR,2026-06-04T03:46:31.579954+08:00,2026-06-04T03:46:31.579954+08:00
59,"{""id"": 56, ""order_detail"": {""id"": 59, ""slip_number"": ""9405915"", ""order_type"": ""DINE_IN"", ""payment_method"": ""GCASH"", ""table_number"": ""1"", ""items_json"": [{""productId"": 11, ""name"": ""Wings - Meal"", ""price"": 129, ""quantity"": 2, ""discount"": 0}, {""productId"": 3, ""name"": ""Icetea - Icetea"", ""price"": 39, ""quantity"": 3}, {""productId"": 7, ""name"": ""Pechopak - Meal"", ""price"": 169, ""quantity"": 1}], ""order_mode"": ""REGULAR""}, ""android_id"": null, ""total"": ""544.00"", ""completed_at"": ""2026-05-07T18:43:10.190526+08:00"", ""order"": 59}",,9405915,DINE_IN,GCASH,"[{""productId"": 11, ""name"": ""Wings - Meal"", ""price"": 129, ""quantity"": 2, ""discount"": 0}, {""productId"": 3, ""name"": ""Icetea - Icetea"", ""price"": 39, ""quantity"": 3}, {""productId"": 7, ""name"": ""Pechopak - Meal"", ""price"": 169, ""quantity"": 1}]",544.00,COMPLETED,walk-in,1,,False,REGULAR,2026-06-04T03:46:31.567511+08:00,2026-06-04T03:46:31.567511+08:00
60,"{""id"": 57, ""order_detail"": {""id"": 60, ""slip_number"": ""9405916"", ""order_type"": ""DINE_IN"", ""payment_method"": ""CASH"", ""table_number"": ""2"", ""items_json"": [{""productId"": 10, ""name"": ""Leg - Only"", ""price"": 139, ""quantity"": 1, ""discount"": 0}], ""order_mode"": ""REGULAR""}, ""android_id"": null, ""total"": ""139.00"", ""completed_at"": ""2026-05-07T18:53:38.769519+08:00"", ""order"": 60}",,9405916,DINE_IN,CASH,"[{""productId"": 10, ""name"": ""Leg - Only"", ""price"": 139, ""quantity"": 1, ""discount"": 0}]",139.00,COMPLETED,walk-in,2,,False,REGULAR,2026-06-04T03:46:31.554504+08:00,2026-06-04T03:46:31.554504+08:00
61,"{""id"": 58, ""order_detail"": {""id"": 61, ""slip_number"": ""9405917"", ""order_type"": ""DINE_IN"", ""payment_method"": ""CASH"", ""table_number"": ""5"", ""items_json"": [{""productId"": 10, ""name"": ""Leg - Meal"", ""price"": 149, ""quantity"": 1, ""discount"": 0}, {""productId"": 7, ""name"": ""Pechopak - Unli"", ""price"": 179, ""quantity"": 1, ""discount"": 0}, {""productId"": 3, ""name"": ""Icetea - Icetea"", ""price"": 39, ""quantity"": 2, ""discount"": 0}], ""order_mode"": ""REGULAR""}, ""android_id"": null, ""total"": ""406.00"", ""completed_at"": ""2026-05-07T19:12:46.681187+08:00"", ""order"": 61}",,9405917,DINE_IN,CASH,"[{""productId"": 10, ""name"": ""Leg - Meal"", ""price"": 149, ""quantity"": 1, ""discount"": 0}, {""productId"": 7, ""name"": ""Pechopak - Unli"", ""price"": 179, ""quantity"": 1, ""discount"": 0}, {""productId"": 3, ""name"": ""Icetea - Icetea"", ""price"": 39, ""quantity"": 2, ""discount"": 0}]",406.00,COMPLETED,walk-in,5,,False,REGULAR,2026-06-04T03:46:31.542187+08:00,2026-06-04T03:46:31.542187+08:00
62,"{""id"": 59, ""order_detail"": {""id"": 62, ""slip_number"": ""9405918"", ""order_type"": ""DINE_IN"", ""payment_method"": ""CASH"", ""table_number"": ""2"", ""items_json"": [{""productId"": 10, ""name"": ""Leg - Meal"", ""price"": 149, ""quantity"": 1}], ""order_mode"": ""REGULAR""}, ""android_id"": null, ""total"": ""149.00"", ""completed_at"": ""2026-05-07T19:18:00+08:00"", ""order"": 62}",,9405918,DINE_IN,CASH,"[{""productId"": 10, ""name"": ""Leg - Meal"", ""price"": 149, ""quantity"": 1}]",149.00,COMPLETED,walk-in,2,,False,REGULAR,2026-06-04T03:46:31.529155+08:00,2026-06-04T03:46:31.529155+08:00
63,"{""id"": 60, ""order_detail"": {""id"": 63, ""slip_number"": ""9405919"", ""order_type"": ""TAKE_OUT"", ""payment_method"": ""CASH"", ""table_number"": ""3"", ""items_json"": [{""productId"": 7, ""name"": ""Pechopak - Unli"", ""price"": 179, ""quantity"": 2}, {""productId"": 3, ""name"": ""Icetea - Icetea"", ""price"": 39, ""quantity"": 2}], ""order_mode"": ""REGULAR""}, ""android_id"": null, ""total"": ""436.00"", ""completed_at"": ""2026-05-07T19:21:00+08:00"", ""order"": 63}",,9405919,TAKE_OUT,CASH,"[{""productId"": 7, ""name"": ""Pechopak - Unli"", ""price"": 179, ""quantity"": 2}, {""productId"": 3, ""name"": ""Icetea - Icetea"", ""price"": 39, ""quantity"": 2}]",436.00,COMPLETED,walk-in,3,,False,REGULAR,2026-06-04T03:46:31.501155+08:00,2026-06-04T03:46:31.501155+08:00
64,"{""id"": 61, ""order_detail"": {""id"": 64, ""slip_number"": ""9405920"", ""order_type"": ""DINE_IN"", ""payment_method"": ""CASH"", ""table_number"": ""4"", ""items_json"": [{""productId"": 10, ""name"": ""Leg - Unli"", ""price"": 159, ""quantity"": 1, ""discount"": 0}], ""order_mode"": ""REGULAR""}, ""android_id"": null, ""total"": ""159.00"", ""completed_at"": ""2026-05-07T19:31:48.143489+08:00"", ""order"": 64}",,9405920,DINE_IN,CASH,"[{""productId"": 10, ""name"": ""Leg - Unli"", ""price"": 159, ""quantity"": 1, ""discount"": 0}]",159.00,COMPLETED,walk-in,4,,False,REGULAR,2026-06-04T03:46:31.488625+08:00,2026-06-04T03:46:31.488625+08:00
65,"{""id"": 62, ""order_detail"": {""id"": 65, ""slip_number"": ""9615941"", ""order_type"": ""DINE_IN"", ""payment_method"": ""CASH"", ""table_number"": ""1"", ""items_json"": [{""productId"": 11, ""name"": ""Wings - Unli"", ""price"": 139, ""quantity"": 2, ""discount"": 0}], ""order_mode"": ""REGULAR""}, ""android_id"": null, ""total"": ""278.00"", ""completed_at"": ""2026-05-07T20:03:30.003775+08:00"", ""order"": 65}",,9615941,DINE_IN,CASH,"[{""productId"": 11, ""name"": ""Wings - Unli"", ""price"": 139, ""quantity"": 2, ""discount"": 0}]",278.00,COMPLETED,walk-in,1,,False,REGULAR,2026-06-04T03:46:31.474168+08:00,2026-06-04T03:46:31.474168+08:00
66,"{""id"": 63, ""order_detail"": {""id"": 66, ""slip_number"": ""9615942"", ""order_type"": ""DINE_IN"", ""payment_method"": ""CASH"", ""table_number"": ""2"", ""items_json"": [{""productId"": 7, ""name"": ""Pechopak - Unli"", ""price"": 179, ""quantity"": 1, ""discount"": 0}, {""productId"": 8, ""name"": ""Liempo - Meal"", ""price"": 189, ""quantity"": 1, ""discount"": 0}, {""productId"": 1, ""name"": ""Coke - Mismo"", ""price"": 25, ""quantity"": 1, ""discount"": 0}, {""productId"": 5, ""name"": ""Sprite - Mismo"", ""price"": 25, ""quantity"": 1}], ""order_mode"": ""REGULAR""}, ""android_id"": null, ""total"": ""418.00"", ""completed_at"": ""2026-05-07T20:05:00+08:00"", ""order"": 66}",,9615942,DINE_IN,CASH,"[{""productId"": 7, ""name"": ""Pechopak - Unli"", ""price"": 179, ""quantity"": 1, ""discount"": 0}, {""productId"": 8, ""name"": ""Liempo - Meal"", ""price"": 189, ""quantity"": 1, ""discount"": 0}, {""productId"": 1, ""name"": ""Coke - Mismo"", ""price"": 25, ""quantity"": 1, ""discount"": 0}, {""productId"": 5, ""name"": ""Sprite - Mismo"", ""price"": 25, ""quantity"": 1}]",418.00,COMPLETED,walk-in,2,,False,REGULAR,2026-06-04T03:46:31.461178+08:00,2026-06-04T03:46:31.461178+08:00
67,"{""id"": 64, ""order_detail"": {""id"": 67, ""slip_number"": ""9615943"", ""order_type"": ""DINE_IN"", ""payment_method"": ""CASH"", ""table_number"": ""3"", ""items_json"": [{""productId"": 10, ""name"": ""Leg - Unli"", ""price"": 159, ""quantity"": 2, ""discount"": 0}, {""productId"": 3, ""name"": ""Icetea - Icetea"", ""price"": 39, ""quantity"": 1, ""discount"": 0}, {""productId"": 1, ""name"": ""Coke - Mismo"", ""price"": 25, ""quantity"": 1}], ""order_mode"": ""REGULAR""}, ""android_id"": null, ""total"": ""382.00"", ""completed_at"": ""2026-05-07T20:25:00+08:00"", ""order"": 67}",,9615943,DINE_IN,CASH,"[{""productId"": 10, ""name"": ""Leg - Unli"", ""price"": 159, ""quantity"": 2, ""discount"": 0}, {""productId"": 3, ""name"": ""Icetea - Icetea"", ""price"": 39, ""quantity"": 1, ""discount"": 0}, {""productId"": 1, ""name"": ""Coke - Mismo"", ""price"": 25, ""quantity"": 1}]",382.00,COMPLETED,walk-in,3,,False,REGULAR,2026-06-04T03:46:31.446520+08:00,2026-06-04T03:46:31.446520+08:00
68,"{""id"": 65, ""order_detail"": {""id"": 68, ""slip_number"": ""9615944"", ""order_type"": ""DINE_IN"", ""payment_method"": ""CASH"", ""table_number"": ""3"", ""items_json"": [{""productId"": 7, ""name"": ""Pechopak - Meal"", ""price"": 169, ""quantity"": 1, ""discount"": 0}, {""productId"": 7, ""name"": ""Pechopak - Unli"", ""price"": 179, ""quantity"": 1, ""discount"": 0}, {""productId"": 3, ""name"": ""Icetea - Icetea"", ""price"": 39, ""quantity"": 2, ""discount"": 0}], ""order_mode"": ""REGULAR""}, ""android_id"": null, ""total"": ""426.00"", ""completed_at"": ""2026-05-07T20:44:47.520665+08:00"", ""order"": 68}",,9615944,DINE_IN,CASH,"[{""productId"": 7, ""name"": ""Pechopak - Meal"", ""price"": 169, ""quantity"": 1, ""discount"": 0}, {""productId"": 7, ""name"": ""Pechopak - Unli"", ""price"": 179, ""quantity"": 1, ""discount"": 0}, {""productId"": 3, ""name"": ""Icetea - Icetea"", ""price"": 39, ""quantity"": 2, ""discount"": 0}]",426.00,COMPLETED,walk-in,3,,False,REGULAR,2026-06-04T03:46:31.432444+08:00,2026-06-04T03:46:31.432444+08:00
69,"{""id"": 66, ""order_detail"": {""id"": 69, ""slip_number"": ""9615945"", ""order_type"": ""DINE_IN"", ""payment_method"": ""CASH"", ""table_number"": ""2"", ""items_json"": [{""productId"": 7, ""name"": ""Pechopak - Meal"", ""price"": 169, ""quantity"": 2, ""discount"": 0}, {""productId"": 3, ""name"": ""Icetea - Icetea"", ""price"": 39, ""quantity"": 2, ""discount"": 0}], ""order_mode"": ""REGULAR""}, ""android_id"": null, ""total"": ""416.00"", ""completed_at"": ""2026-05-07T21:12:46.235062+08:00"", ""order"": 69}",,9615945,DINE_IN,CASH,"[{""productId"": 7, ""name"": ""Pechopak - Meal"", ""price"": 169, ""quantity"": 2, ""discount"": 0}, {""productId"": 3, ""name"": ""Icetea - Icetea"", ""price"": 39, ""quantity"": 2, ""discount"": 0}]",416.00,COMPLETED,walk-in,2,,False,REGULAR,2026-06-04T03:46:31.418940+08:00,2026-06-04T03:46:31.418940+08:00
70,"{""id"": 67, ""order_detail"": {""id"": 70, ""slip_number"": ""9615946"", ""order_type"": ""DINE_IN"", ""payment_method"": ""CASH"", ""table_number"": ""1"", ""items_json"": [{""productId"": 10, ""name"": ""Leg - Meal"", ""price"": 149, ""quantity"": 1, ""discount"": 0}, {""productId"": 10, ""name"": ""Leg - Unli"", ""price"": 159, ""quantity"": 1, ""discount"": 0}, {""productId"": 3, ""name"": ""Icetea - Icetea"", ""price"": 39, ""quantity"": 2, ""discount"": 0}], ""order_mode"": ""REGULAR""}, ""android_id"": null, ""total"": ""386.00"", ""completed_at"": ""2026-05-07T21:26:56.672665+08:00"", ""order"": 70}",,9615946,DINE_IN,CASH,"[{""productId"": 10, ""name"": ""Leg - Meal"", ""price"": 149, ""quantity"": 1, ""discount"": 0}, {""productId"": 10, ""name"": ""Leg - Unli"", ""price"": 159, ""quantity"": 1, ""discount"": 0}, {""productId"": 3, ""name"": ""Icetea - Icetea"", ""price"": 39, ""quantity"": 2, ""discount"": 0}]",386.00,COMPLETED,walk-in,1,,False,REGULAR,2026-06-04T03:46:31.396405+08:00,2026-06-04T03:46:31.396405+08:00
71,"{""id"": 68, ""order_detail"": {""id"": 71, ""slip_number"": ""9615947"", ""order_type"": ""DINE_IN"", ""payment_method"": ""CASH"", ""table_number"": ""5"", ""items_json"": [{""productId"": 8, ""name"": ""Liempo - Unli"", ""price"": 199, ""quantity"": 1, ""discount"": 0}, {""productId"": 7, ""name"": ""Pechopak - Unli"", ""price"": 179, ""quantity"": 1, ""discount"": 0}, {""productId"": 1, ""name"": ""Coke - Mismo"", ""price"": 25, ""quantity"": 1, ""discount"": 0}, {""productId"": 3, ""name"": ""Icetea - Icetea"", ""price"": 39, ""quantity"": 1, ""discount"": 0}], ""order_mode"": ""REGULAR""}, ""android_id"": null, ""total"": ""442.00"", ""completed_at"": ""2026-05-07T21:53:43.738467+08:00"", ""order"": 71}",,9615947,DINE_IN,CASH,"[{""productId"": 8, ""name"": ""Liempo - Unli"", ""price"": 199, ""quantity"": 1, ""discount"": 0}, {""productId"": 7, ""name"": ""Pechopak - Unli"", ""price"": 179, ""quantity"": 1, ""discount"": 0}, {""productId"": 1, ""name"": ""Coke - Mismo"", ""price"": 25, ""quantity"": 1, ""discount"": 0}, {""productId"": 3, ""name"": ""Icetea - Icetea"", ""price"": 39, ""quantity"": 1, ""discount"": 0}]",442.00,COMPLETED,walk-in,5,,False,REGULAR,2026-06-04T03:46:31.383362+08:00,2026-06-04T03:46:31.383362+08:00
76,,,9615951,DINE_IN,CASH,"[{""productId"": 10, ""name"": ""Leg - Unli"", ""price"": 159, ""quantity"": 1, ""discount"": 0}]",159.00,VOIDED,walk-in,1,,False,REGULAR,2026-06-04T03:46:31.369826+08:00,2026-06-04T03:46:31.369826+08:00
77,"{""id"": 73, ""order_detail"": {""id"": 77, ""slip_number"": ""9612021"", ""order_type"": ""DINE_IN"", ""payment_method"": ""CASH"", ""table_number"": ""1"", ""items_json"": [{""productId"": 11, ""name"": ""Wings - Meal"", ""price"": 129, ""quantity"": 2, ""discount"": 0}, {""productId"": 9, ""name"": ""BBQ - One Piece Only"", ""price"": 69, ""quantity"": 1, ""discount"": 0}, {""productId"": 10, ""name"": ""Leg - Unli"", ""price"": 159, ""quantity"": 1, ""discount"": 0}, {""productId"": 3, ""name"": ""Icetea - Icetea"", ""price"": 39, ""quantity"": 2, ""discount"": 0}, {""productId"": 12, ""name"": ""Water - Bottled"", ""price"": 20, ""quantity"": 1, ""discount"": 0}], ""order_mode"": ""REGULAR""}, ""android_id"": null, ""total"": ""584.00"", ""completed_at"": ""2026-05-08T13:40:39.964695+08:00"", ""order"": 77}",,9612021,DINE_IN,CASH,"[{""productId"": 11, ""name"": ""Wings - Meal"", ""price"": 129, ""quantity"": 2, ""discount"": 0}, {""productId"": 9, ""name"": ""BBQ - One Piece Only"", ""price"": 69, ""quantity"": 1, ""discount"": 0}, {""productId"": 10, ""name"": ""Leg - Unli"", ""price"": 159, ""quantity"": 1, ""discount"": 0}, {""productId"": 3, ""name"": ""Icetea - Icetea"", ""price"": 39, ""quantity"": 2, ""discount"": 0}, {""productId"": 12, ""name"": ""Water - Bottled"", ""price"": 20, ""quantity"": 1, ""discount"": 0}]",584.00,COMPLETED,walk-in,1,,False,REGULAR,2026-06-04T03:46:31.354803+08:00,2026-06-04T03:46:31.354803+08:00
78,,,9612022,DINE_IN,CASH,"[{""productId"": 7, ""name"": ""Pechopak - Unli"", ""price"": 179, ""quantity"": 1, ""discount"": 0}]",179.00,VOIDED,walk-in,,,False,REGULAR,2026-06-04T03:46:31.341285+08:00,2026-06-04T03:46:31.341285+08:00
79,,,9612023,DINE_IN,CASH,"[{""productId"": 11, ""name"": ""Wings - Meal"", ""price"": 129, ""quantity"": 1, ""discount"": 0}]",129.00,VOIDED,walk-in,,,False,REGULAR,2026-06-04T03:46:31.328260+08:00,2026-06-04T03:46:31.328260+08:00
80,,,9612024,DINE_IN,CASH,"[{""productId"": 7, ""name"": ""Pechopak - Meal"", ""price"": 169, ""quantity"": 1, ""discount"": 0}]",169.00,VOIDED,walk-in,,,False,REGULAR,2026-06-04T03:46:31.305325+08:00,2026-06-04T03:46:31.305325+08:00
81,,,9612025,DINE_IN,CASH,"[{""productId"": 7, ""name"": ""Pechopak - Unli"", ""price"": 179, ""quantity"": 1, ""discount"": 0}]",179.00,VOIDED,walk-in,,,False,REGULAR,2026-06-04T03:46:31.292674+08:00,2026-06-04T03:46:31.292674+08:00
82,,,9612026,DINE_IN,CASH,"[{""productId"": 7, ""name"": ""Pechopak - Unli"", ""price"": 179, ""quantity"": 1, ""discount"": 0}]",179.00,VOIDED,walk-in,,,False,REGULAR,2026-06-04T03:46:31.290676+08:00,2026-06-04T03:46:31.290676+08:00
83,,,9612027,DINE_IN,CASH,"[{""productId"": 10, ""name"": ""Leg - Unli"", ""price"": 159, ""quantity"": 2, ""discount"": 0}, {""productId"": 3, ""name"": ""Icetea - Icetea"", ""price"": 39, ""quantity"": 2, ""discount"": 0}]",396.00,VOIDED,walk-in,1,,False,REGULAR,2026-06-04T03:46:31.266414+08:00,2026-06-04T03:46:31.266414+08:00
84,,,9612025,DINE_IN,CASH,"[{""productId"": 3, ""name"": ""Icetea - Icetea"", ""price"": 39, ""quantity"": 2, ""discount"": 0}, {""productId"": 7, ""name"": ""Pechopak - Unli"", ""price"": 179, ""quantity"": 2, ""discount"": 0}]",436.00,VOIDED,walk-in,1,,False,REGULAR,2026-06-04T03:46:31.254239+08:00,2026-06-04T03:46:31.254239+08:00
85,,,9612026,DINE_IN,CASH,"[{""productId"": 11, ""name"": ""Wings - Meal"", ""price"": 129, ""quantity"": 1, ""discount"": 0}]",129.00,VOIDED,walk-in,,,False,REGULAR,2026-06-04T03:46:31.241723+08:00,2026-06-04T03:46:31.241723+08:00
86,"{""id"": 74, ""order_detail"": {""id"": 86, ""slip_number"": ""9612025"", ""order_type"": ""DINE_IN"", ""payment_method"": ""CASH"", ""table_number"": ""1"", ""items_json"": [{""productId"": 7, ""name"": ""Pechopak - Unli"", ""price"": 179, ""quantity"": 2, ""discount"": 0}, {""productId"": 3, ""name"": ""Icetea - Icetea Glass"", ""price"": 39, ""quantity"": 2, ""discount"": 0}], ""order_mode"": ""REGULAR""}, ""android_id"": null, ""total"": ""436.00"", ""completed_at"": ""2026-05-08T15:00:08.723862+08:00"", ""order"": 86}",,9612025,DINE_IN,CASH,"[{""productId"": 7, ""name"": ""Pechopak - Unli"", ""price"": 179, ""quantity"": 2, ""discount"": 0}, {""productId"": 3, ""name"": ""Icetea - Icetea Glass"", ""price"": 39, ""quantity"": 2, ""discount"": 0}]",436.00,COMPLETED,walk-in,1,,False,REGULAR,2026-06-04T03:46:31.228946+08:00,2026-06-04T03:46:31.228946+08:00
87,,,9612026,DINE_IN,CASH,"[{""productId"": 7, ""name"": ""Pechopak - Unli"", ""price"": 179, ""quantity"": 1, ""discount"": 0}]",179.00,VOIDED,walk-in,2,,False,REGULAR,2026-06-04T03:46:31.202674+08:00,2026-06-04T03:46:31.202674+08:00
88,,,9612027,DINE_IN,CASH,"[{""productId"": 5, ""name"": ""Sprite - Mismo"", ""price"": 25, ""quantity"": 1, ""discount"": 0}]",25.00,VOIDED,walk-in,1,,False,REGULAR,2026-06-04T03:46:31.190497+08:00,2026-06-04T03:46:31.190497+08:00
89,,,9612028,DINE_IN,CASH,"[{""productId"": 10, ""name"": ""Leg - Only"", ""price"": 139, ""quantity"": 1, ""discount"": 0}]",139.00,VOIDED,walk-in,,,False,REGULAR,2026-06-04T03:46:31.177392+08:00,2026-06-04T03:46:31.177392+08:00
90,"{""id"": 75, ""order_detail"": {""id"": 90, ""slip_number"": ""9612022"", ""order_type"": ""DINE_IN"", ""payment_method"": ""CASH"", ""table_number"": """", ""items_json"": [{""productId"": 10, ""name"": ""Leg - Only"", ""price"": 139, ""quantity"": 1, ""discount"": 0}], ""order_mode"": ""REGULAR""}, ""android_id"": null, ""total"": ""139.00"", ""completed_at"": ""2026-05-08T14:04:00+08:00"", ""order"": 90}",,9612022,DINE_IN,CASH,"[{""productId"": 10, ""name"": ""Leg - Only"", ""price"": 139, ""quantity"": 1, ""discount"": 0}]",139.00,COMPLETED,walk-in,,,False,REGULAR,2026-06-04T03:46:31.163878+08:00,2026-06-04T03:46:31.163878+08:00
91,"{""id"": 76, ""order_detail"": {""id"": 91, ""slip_number"": ""9612023"", ""order_type"": ""DINE_IN"", ""payment_method"": ""CASH"", ""table_number"": """", ""items_json"": [{""productId"": 3, ""name"": ""Icetea - Icetea Glass"", ""price"": 39, ""quantity"": 1, ""discount"": 0}], ""order_mode"": ""REGULAR""}, ""android_id"": null, ""total"": ""39.00"", ""completed_at"": ""2026-05-08T14:23:00+08:00"", ""order"": 91}",,9612023,DINE_IN,CASH,"[{""productId"": 3, ""name"": ""Icetea - Icetea Glass"", ""price"": 39, ""quantity"": 1, ""discount"": 0}]",39.00,COMPLETED,walk-in,,,False,REGULAR,2026-06-04T03:46:31.151652+08:00,2026-06-04T03:46:31.151652+08:00
92,"{""id"": 77, ""order_detail"": {""id"": 92, ""slip_number"": ""9612024"", ""order_type"": ""DINE_IN"", ""payment_method"": ""CASH"", ""table_number"": """", ""items_json"": [{""productId"": 10, ""name"": ""Leg - Only"", ""price"": 139, ""quantity"": 1, ""discount"": 0}], ""order_mode"": ""REGULAR""}, ""android_id"": null, ""total"": ""139.00"", ""completed_at"": ""2026-05-08T14:32:00+08:00"", ""order"": 92}",,9612024,DINE_IN,CASH,"[{""productId"": 10, ""name"": ""Leg - Only"", ""price"": 139, ""quantity"": 1, ""discount"": 0}]",139.00,COMPLETED,walk-in,,,False,REGULAR,2026-06-04T03:46:31.138069+08:00,2026-06-04T03:46:31.138069+08:00
93,,,9612025,DINE_IN,CASH,"[{""productId"": 1, ""name"": ""Coke - 1.5"", ""price"": 120, ""quantity"": 1, ""discount"": 0}, {""productId"": 7, ""name"": ""Pechopak - Meal"", ""price"": 169, ""quantity"": 3, ""discount"": 0}, {""productId"": 7, ""name"": ""Pechopak - Meal"", ""price"": 169, ""quantity"": 1, ""discount"": 26}, {""productId"": 7, ""name"": ""Pechopak - Meal"", ""price"": 169, ""quantity"": 1, ""discount"": 20}]",887.26,VOIDED,walk-in,5,,False,REGULAR,2026-06-04T03:46:31.114397+08:00,2026-06-04T03:46:31.114397+08:00
94,"{""id"": 78, ""order_detail"": {""id"": 94, ""slip_number"": ""9612026"", ""order_type"": ""DINE_IN"", ""payment_method"": ""CASH"", ""table_number"": ""1"", ""items_json"": [{""productId"": 7, ""name"": ""Pechopak - Unli"", ""price"": 179, ""quantity"": 1, ""discount"": 0}, {""productId"": 8, ""name"": ""Liempo - Unli"", ""price"": 199, ""quantity"": 1, ""discount"": 0}], ""order_mode"": ""REGULAR""}, ""android_id"": null, ""total"": ""378.00"", ""completed_at"": ""2026-05-08T16:18:05.347457+08:00"", ""order"": 94}",,9612026,DINE_IN,CASH,"[{""productId"": 7, ""name"": ""Pechopak - Unli"", ""price"": 179, ""quantity"": 1, ""discount"": 0}, {""productId"": 8, ""name"": ""Liempo - Unli"", ""price"": 199, ""quantity"": 1, ""discount"": 0}]",378.00,COMPLETED,walk-in,1,,False,REGULAR,2026-06-04T03:46:31.100976+08:00,2026-06-04T03:46:31.101972+08:00
95,,,9612027,DINE_IN,CASH,"[{""productId"": 3, ""name"": ""Icetea - Icetea Glass"", ""price"": 39, ""quantity"": 1, ""discount"": 0}]",39.00,VOIDED,walk-in,1,,False,REGULAR,2026-06-04T03:46:31.088177+08:00,2026-06-04T03:46:31.088177+08:00
96,,,9612028,DINE_IN,CASH,"[{""productId"": 4, ""name"": ""Royal - Mismo"", ""price"": 25, ""quantity"": 1, ""discount"": 0}, {""productId"": 1, ""name"": ""Coke - Mismo"", ""price"": 25, ""quantity"": 1, ""discount"": 0}]",50.00,VOIDED,walk-in,,,False,REGULAR,2026-06-04T03:46:31.076144+08:00,2026-06-04T03:46:31.076144+08:00
97,,,9612029,DINE_IN,GCASH,"[{""productId"": 3, ""name"": ""Icetea - Icetea Glass"", ""price"": 39, ""quantity"": 1, ""discount"": 0}]",39.00,VOIDED,walk-in,,,False,REGULAR,2026-06-04T03:46:31.063009+08:00,2026-06-04T03:46:31.063009+08:00
98,"{""id"": 79, ""order_detail"": {""id"": 98, ""slip_number"": ""9612027"", ""order_type"": ""DINE_IN"", ""payment_method"": ""GCASH"", ""table_number"": """", ""items_json"": [{""productId"": 3, ""name"": ""Icetea - Icetea Glass"", ""price"": 39, ""quantity"": 1, ""discount"": 0}], ""order_mode"": ""REGULAR""}, ""android_id"": null, ""total"": ""39.00"", ""completed_at"": ""2026-05-08T16:43:27.544262+08:00"", ""order"": 98}",,9612027,DINE_IN,GCASH,"[{""productId"": 3, ""name"": ""Icetea - Icetea Glass"", ""price"": 39, ""quantity"": 1, ""discount"": 0}]",39.00,COMPLETED,walk-in,,,False,REGULAR,2026-06-04T03:46:31.035078+08:00,2026-06-04T03:46:31.035078+08:00
99,"{""id"": 80, ""order_detail"": {""id"": 99, ""slip_number"": ""9612028"", ""order_type"": ""DINE_IN"", ""payment_method"": ""CASH"", ""table_number"": """", ""items_json"": [{""productId"": 1, ""name"": ""Coke - Mismo"", ""price"": 25, ""quantity"": 1, ""discount"": 0}, {""productId"": 4, ""name"": ""Royal - Mismo"", ""price"": 25, ""quantity"": 1, ""discount"": 0}], ""order_mode"": ""REGULAR""}, ""android_id"": null, ""total"": ""50.00"", ""completed_at"": ""2026-05-08T16:43:29.122706+08:00"", ""order"": 99}",,9612028,DINE_IN,CASH,"[{""productId"": 1, ""name"": ""Coke - Mismo"", ""price"": 25, ""quantity"": 1, ""discount"": 0}, {""productId"": 4, ""name"": ""Royal - Mismo"", ""price"": 25, ""quantity"": 1, ""discount"": 0}]",50.00,COMPLETED,walk-in,,,False,REGULAR,2026-06-04T03:46:31.021022+08:00,2026-06-04T03:46:31.021022+08:00
100,"{""id"": 81, ""order_detail"": {""id"": 100, ""slip_number"": ""9612029"", ""order_type"": ""DINE_IN"", ""payment_method"": ""CASH"", ""table_number"": ""5"", ""items_json"": [{""productId"": 7, ""name"": ""Pechopak - Unli"", ""price"": 179, ""quantity"": 2, ""discount"": 0}], ""order_mode"": ""REGULAR""}, ""android_id"": null, ""total"": ""358.00"", ""completed_at"": ""2026-05-08T19:09:54.558426+08:00"", ""order"": 100}",,9612029,DINE_IN,CASH,"[{""productId"": 7, ""name"": ""Pechopak - Unli"", ""price"": 179, ""quantity"": 2, ""discount"": 0}]",358.00,COMPLETED,walk-in,5,,False,REGULAR,2026-06-04T03:46:30.997766+08:00,2026-06-04T03:46:30.997766+08:00
101,"{""id"": 82, ""order_detail"": {""id"": 101, ""slip_number"": ""9612030"", ""order_type"": ""DINE_IN"", ""payment_method"": ""CASH"", ""table_number"": ""4"", ""items_json"": [{""productId"": 7, ""name"": ""Pechopak - Unli"", ""price"": 179, ""quantity"": 2, ""discount"": 0}], ""order_mode"": ""REGULAR""}, ""android_id"": null, ""total"": ""358.00"", ""completed_at"": ""2026-05-08T19:26:37.468532+08:00"", ""order"": 101}",,9612030,DINE_IN,CASH,"[{""productId"": 7, ""name"": ""Pechopak - Unli"", ""price"": 179, ""quantity"": 2, ""discount"": 0}]",358.00,COMPLETED,walk-in,4,,False,REGULAR,2026-06-04T03:46:30.984811+08:00,2026-06-04T03:46:30.984811+08:00
102,"{""id"": 83, ""order_detail"": {""id"": 102, ""slip_number"": ""9612031"", ""order_type"": ""TAKE_OUT"", ""payment_method"": ""CASH"", ""table_number"": ""3"", ""items_json"": [{""productId"": 7, ""name"": ""Pechopak - Unli"", ""price"": 179, ""quantity"": 2, ""discount"": 0}], ""order_mode"": ""REGULAR""}, ""android_id"": null, ""total"": ""358.00"", ""completed_at"": ""2026-05-08T19:26:44.355251+08:00"", ""order"": 102}",,9612031,TAKE_OUT,CASH,"[{""productId"": 7, ""name"": ""Pechopak - Unli"", ""price"": 179, ""quantity"": 2, ""discount"": 0}]",358.00,COMPLETED,walk-in,3,,False,REGULAR,2026-06-04T03:46:30.982811+08:00,2026-06-04T03:46:30.982811+08:00
103,"{""id"": 84, ""order_detail"": {""id"": 103, ""slip_number"": ""9612032"", ""order_type"": ""DINE_IN"", ""payment_method"": ""CASH"", ""table_number"": ""2"", ""items_json"": [{""productId"": 7, ""name"": ""Pechopak - Unli"", ""price"": 179, ""quantity"": 1, ""discount"": 0}, {""productId"": 9, ""name"": ""BBQ - Unli"", ""price"": 149, ""quantity"": 1, ""discount"": 0}], ""order_mode"": ""REGULAR""}, ""android_id"": null, ""total"": ""328.00"", ""completed_at"": ""2026-05-08T20:25:17.050943+08:00"", ""order"": 103}",,9612032,DINE_IN,CASH,"[{""productId"": 7, ""name"": ""Pechopak - Unli"", ""price"": 179, ""quantity"": 1, ""discount"": 0}, {""productId"": 9, ""name"": ""BBQ - Unli"", ""price"": 149, ""quantity"": 1, ""discount"": 0}]",328.00,COMPLETED,walk-in,2,,False,REGULAR,2026-06-04T03:46:30.970455+08:00,2026-06-04T03:46:30.970455+08:00
104,"{""id"": 85, ""order_detail"": {""id"": 104, ""slip_number"": ""9612033"", ""order_type"": ""DINE_IN"", ""payment_method"": ""CASH"", ""table_number"": ""1"", ""items_json"": [{""productId"": 10, ""name"": ""Leg - Meal"", ""price"": 149, ""quantity"": 3, ""discount"": 0}, {""productId"": 7, ""name"": ""Pechopak - Meal"", ""price"": 169, ""quantity"": 1, ""discount"": 0}, {""productId"": 3, ""name"": ""Icetea - Icetea Glass"", ""price"": 39, ""quantity"": 4, ""discount"": 0}], ""order_mode"": ""REGULAR""}, ""android_id"": null, ""total"": ""772.00"", ""completed_at"": ""2026-05-08T20:25:19.288381+08:00"", ""order"": 104}",,9612033,DINE_IN,CASH,"[{""productId"": 10, ""name"": ""Leg - Meal"", ""price"": 149, ""quantity"": 3, ""discount"": 0}, {""productId"": 7, ""name"": ""Pechopak - Meal"", ""price"": 169, ""quantity"": 1, ""discount"": 0}, {""productId"": 3, ""name"": ""Icetea - Icetea Glass"", ""price"": 39, ""quantity"": 4, ""discount"": 0}]",772.00,COMPLETED,walk-in,1,,False,REGULAR,2026-06-04T03:46:30.956930+08:00,2026-06-04T03:46:30.956930+08:00
105,"{""id"": 86, ""order_detail"": {""id"": 105, ""slip_number"": ""9612034"", ""order_type"": ""DINE_IN"", ""payment_method"": ""CASH"", ""table_number"": """", ""items_json"": [{""productId"": 4, ""name"": ""Royal - Mismo"", ""price"": 25, ""quantity"": 1, ""discount"": 0}, {""productId"": 5, ""name"": ""Sprite - Mismo"", ""price"": 25, ""quantity"": 1, ""discount"": 0}], ""order_mode"": ""REGULAR""}, ""android_id"": null, ""total"": ""50.00"", ""completed_at"": ""2026-05-08T20:25:20.689357+08:00"", ""order"": 105}",,9612034,DINE_IN,CASH,"[{""productId"": 4, ""name"": ""Royal - Mismo"", ""price"": 25, ""quantity"": 1, ""discount"": 0}, {""productId"": 5, ""name"": ""Sprite - Mismo"", ""price"": 25, ""quantity"": 1, ""discount"": 0}]",50.00,COMPLETED,walk-in,,,False,REGULAR,2026-06-04T03:46:30.935836+08:00,2026-06-04T03:46:30.935836+08:00
106,"{""id"": 87, ""order_detail"": {""id"": 106, ""slip_number"": ""9612035"", ""order_type"": ""TAKE_OUT"", ""payment_method"": ""GCASH"", ""table_number"": ""2"", ""items_json"": [{""productId"": 10, ""name"": ""Leg - Meal"", ""price"": 149, ""quantity"": 2, ""discount"": 0}, {""productId"": 10, ""name"": ""Leg - Unli"", ""price"": 159, ""quantity"": 2, ""discount"": 0}], ""order_mode"": ""REGULAR""}, ""android_id"": null, ""total"": ""616.00"", ""completed_at"": ""2026-05-08T20:25:22.728803+08:00"", ""order"": 106}",,9612035,TAKE_OUT,GCASH,"[{""productId"": 10, ""name"": ""Leg - Meal"", ""price"": 149, ""quantity"": 2, ""discount"": 0}, {""productId"": 10, ""name"": ""Leg - Unli"", ""price"": 159, ""quantity"": 2, ""discount"": 0}]",616.00,COMPLETED,walk-in,2,,False,REGULAR,2026-06-04T03:46:30.922897+08:00,2026-06-04T03:46:30.922897+08:00
107,"{""id"": 88, ""order_detail"": {""id"": 107, ""slip_number"": ""9612036"", ""order_type"": ""DINE_IN"", ""payment_method"": ""CASH"", ""table_number"": ""5"", ""items_json"": [{""productId"": 7, ""name"": ""Pechopak - Unli"", ""price"": 179, ""quantity"": 2, ""discount"": 0}], ""order_mode"": ""REGULAR""}, ""android_id"": null, ""total"": ""358.00"", ""completed_at"": ""2026-05-08T20:25:23.763368+08:00"", ""order"": 107}",,9612036,DINE_IN,CASH,"[{""productId"": 7, ""name"": ""Pechopak - Unli"", ""price"": 179, ""quantity"": 2, ""discount"": 0}]",358.00,COMPLETED,walk-in,5,,False,REGULAR,2026-06-04T03:46:30.910962+08:00,2026-06-04T03:46:30.910962+08:00
108,"{""id"": 89, ""order_detail"": {""id"": 108, ""slip_number"": ""9612037"", ""order_type"": ""DINE_IN"", ""payment_method"": ""CASH"", ""table_number"": ""4"", ""items_json"": [{""productId"": 7, ""name"": ""Pechopak - Unli"", ""price"": 179, ""quantity"": 6, ""discount"": 0}], ""order_mode"": ""REGULAR""}, ""android_id"": null, ""total"": ""1074.00"", ""completed_at"": ""2026-05-08T20:25:28.106389+08:00"", ""order"": 108}",,9612037,DINE_IN,CASH,"[{""productId"": 7, ""name"": ""Pechopak - Unli"", ""price"": 179, ""quantity"": 6, ""discount"": 0}]",1074.00,COMPLETED,walk-in,4,,False,REGULAR,2026-06-04T03:46:30.883609+08:00,2026-06-04T03:46:30.883609+08:00
109,"{""id"": 90, ""order_detail"": {""id"": 109, ""slip_number"": ""9612038"", ""order_type"": ""DINE_IN"", ""payment_method"": ""CASH"", ""table_number"": """", ""items_json"": [{""productId"": 3, ""name"": ""Icetea - Icetea Glass"", ""price"": 39, ""quantity"": 1, ""discount"": 0}], ""order_mode"": ""REGULAR""}, ""android_id"": null, ""total"": ""39.00"", ""completed_at"": ""2026-05-08T20:25:43.172417+08:00"", ""order"": 109}",,9612038,DINE_IN,CASH,"[{""productId"": 3, ""name"": ""Icetea - Icetea Glass"", ""price"": 39, ""quantity"": 1, ""discount"": 0}]",39.00,COMPLETED,walk-in,,,False,REGULAR,2026-06-04T03:46:30.881814+08:00,2026-06-04T03:46:30.881814+08:00
110,"{""id"": 91, ""order_detail"": {""id"": 110, ""slip_number"": ""9612039"", ""order_type"": ""TAKE_OUT"", ""payment_method"": ""CASH"", ""table_number"": ""5"", ""items_json"": [{""productId"": 7, ""name"": ""Pechopak - Unli"", ""price"": 179, ""quantity"": 1, ""discount"": 0}], ""order_mode"": ""REGULAR""}, ""android_id"": null, ""total"": ""179.00"", ""completed_at"": ""2026-05-08T20:52:57.783801+08:00"", ""order"": 110}",,9612039,TAKE_OUT,CASH,"[{""productId"": 7, ""name"": ""Pechopak - Unli"", ""price"": 179, ""quantity"": 1, ""discount"": 0}]",179.00,COMPLETED,walk-in,5,,False,REGULAR,2026-06-04T03:46:30.868762+08:00,2026-06-04T03:46:30.869762+08:00
111,"{""id"": 92, ""order_detail"": {""id"": 111, ""slip_number"": ""9612040"", ""order_type"": ""TAKE_OUT"", ""payment_method"": ""CASH"", ""table_number"": ""4"", ""items_json"": [{""productId"": 7, ""name"": ""Pechopak - Unli"", ""price"": 179, ""quantity"": 1, ""discount"": 0}, {""productId"": 9, ""name"": ""BBQ - Meal"", ""price"": 139, ""quantity"": 1, ""discount"": 0}], ""order_mode"": ""REGULAR""}, ""android_id"": null, ""total"": ""318.00"", ""completed_at"": ""2026-05-08T21:06:06.172165+08:00"", ""order"": 111}",,9612040,TAKE_OUT,CASH,"[{""productId"": 7, ""name"": ""Pechopak - Unli"", ""price"": 179, ""quantity"": 1, ""discount"": 0}, {""productId"": 9, ""name"": ""BBQ - Meal"", ""price"": 139, ""quantity"": 1, ""discount"": 0}]",318.00,COMPLETED,walk-in,4,,False,REGULAR,2026-06-04T03:46:30.845211+08:00,2026-06-04T03:46:30.845211+08:00
112,"{""id"": 93, ""order_detail"": {""id"": 112, ""slip_number"": ""9612041"", ""order_type"": ""DINE_IN"", ""payment_method"": ""CASH"", ""table_number"": ""5"", ""items_json"": [{""productId"": 10, ""name"": ""Leg - Unli"", ""price"": 159, ""quantity"": 1, ""discount"": 0}, {""productId"": 11, ""name"": ""Wings - Unli"", ""price"": 139, ""quantity"": 1, ""discount"": 0}, {""productId"": 1, ""name"": ""Coke - Mismo"", ""price"": 25, ""quantity"": 2, ""discount"": 0}], ""order_mode"": ""REGULAR""}, ""android_id"": null, ""total"": ""348.00"", ""completed_at"": ""2026-05-08T21:32:28.573829+08:00"", ""order"": 112}",,9612041,DINE_IN,CASH,"[{""productId"": 10, ""name"": ""Leg - Unli"", ""price"": 159, ""quantity"": 1, ""discount"": 0}, {""productId"": 11, ""name"": ""Wings - Unli"", ""price"": 139, ""quantity"": 1, ""discount"": 0}, {""productId"": 1, ""name"": ""Coke - Mismo"", ""price"": 25, ""quantity"": 2, ""discount"": 0}]",348.00,COMPLETED,walk-in,5,,False,REGULAR,2026-06-04T03:46:30.832187+08:00,2026-06-04T03:46:30.832187+08:00
113,"{""id"": 94, ""order_detail"": {""id"": 113, ""slip_number"": ""9404902"", ""order_type"": ""DINE_IN"", ""payment_method"": ""CASH"", ""table_number"": ""4"", ""items_json"": [{""productId"": 10, ""name"": ""Leg - Meal"", ""price"": 149, ""quantity"": 3, ""discount"": 0}, {""productId"": 7, ""name"": ""Pechopak - Unli"", ""price"": 179, ""quantity"": 1, ""discount"": 0}], ""order_mode"": ""REGULAR""}, ""android_id"": null, ""total"": ""626.00"", ""completed_at"": ""2026-05-08T21:37:44.681937+08:00"", ""order"": 113}",,9404902,DINE_IN,CASH,"[{""productId"": 10, ""name"": ""Leg - Meal"", ""price"": 149, ""quantity"": 3, ""discount"": 0}, {""productId"": 7, ""name"": ""Pechopak - Unli"", ""price"": 179, ""quantity"": 1, ""discount"": 0}]",626.00,COMPLETED,walk-in,4,,False,REGULAR,2026-06-04T03:46:30.819164+08:00,2026-06-04T03:46:30.819164+08:00
114,"{""id"": 95, ""order_detail"": {""id"": 114, ""slip_number"": ""9404903"", ""order_type"": ""DINE_IN"", ""payment_method"": ""CASH"", ""table_number"": ""4"", ""items_json"": [{""productId"": 7, ""name"": ""Pechopak - Unli"", ""price"": 179, ""quantity"": 2, ""discount"": 0}, {""productId"": 3, ""name"": ""Icetea - Icetea Glass"", ""price"": 39, ""quantity"": 1, ""discount"": 0}], ""order_mode"": ""REGULAR""}, ""android_id"": null, ""total"": ""397.00"", ""completed_at"": ""2026-05-08T22:55:37.241197+08:00"", ""order"": 114}",,9404903,DINE_IN,CASH,"[{""productId"": 7, ""name"": ""Pechopak - Unli"", ""price"": 179, ""quantity"": 2, ""discount"": 0}, {""productId"": 3, ""name"": ""Icetea - Icetea Glass"", ""price"": 39, ""quantity"": 1, ""discount"": 0}]",397.00,COMPLETED,walk-in,4,,False,REGULAR,2026-06-04T03:46:30.805646+08:00,2026-06-04T03:46:30.805646+08:00
115,"{""id"": 96, ""order_detail"": {""id"": 115, ""slip_number"": ""9404904"", ""order_type"": ""DINE_IN"", ""payment_method"": ""GCASH"", ""table_number"": """", ""items_json"": [{""productId"": 3, ""name"": ""Icetea - Icetea Glass"", ""price"": 39, ""quantity"": 1, ""discount"": 0}], ""order_mode"": ""REGULAR""}, ""android_id"": null, ""total"": ""39.00"", ""completed_at"": ""2026-05-08T23:18:13.500815+08:00"", ""order"": 115}",,9404904,DINE_IN,GCASH,"[{""productId"": 3, ""name"": ""Icetea - Icetea Glass"", ""price"": 39, ""quantity"": 1, ""discount"": 0}]",39.00,COMPLETED,walk-in,,,False,REGULAR,2026-06-04T03:46:30.792562+08:00,2026-06-04T03:46:30.792562+08:00
116,,,9404905,DINE_IN,CASH,"[{""productId"": 7, ""name"": ""Pechopak - Unli"", ""price"": 179, ""quantity"": 1, ""discount"": 0}]",179.00,VOIDED,walk-in,1,,False,REGULAR,2026-06-04T03:46:30.770195+08:00,2026-06-04T03:46:30.770195+08:00
117,"{""id"": 97, ""order_detail"": {""id"": 117, ""slip_number"": ""9404905"", ""order_type"": ""DINE_IN"", ""payment_method"": ""CASH"", ""table_number"": ""1"", ""items_json"": [{""productId"": 10, ""name"": ""Leg - Unli"", ""price"": 159, ""quantity"": 2, ""discount"": 0}, {""productId"": 10, ""name"": ""Leg - Meal"", ""price"": 149, ""quantity"": 1, ""discount"": 0}], ""order_mode"": ""REGULAR""}, ""android_id"": null, ""total"": ""467.00"", ""completed_at"": ""2026-05-09T11:12:26.139855+08:00"", ""order"": 117}",,9404905,DINE_IN,CASH,"[{""productId"": 10, ""name"": ""Leg - Unli"", ""price"": 159, ""quantity"": 2, ""discount"": 0}, {""productId"": 10, ""name"": ""Leg - Meal"", ""price"": 149, ""quantity"": 1, ""discount"": 0}]",467.00,COMPLETED,walk-in,1,,False,REGULAR,2026-06-04T03:46:30.757161+08:00,2026-06-04T03:46:30.757161+08:00
118,"{""id"": 98, ""order_detail"": {""id"": 118, ""slip_number"": ""9404906"", ""order_type"": ""DINE_IN"", ""payment_method"": ""CASH"", ""table_number"": ""1"", ""items_json"": [{""productId"": 1, ""name"": ""Coke - Mismo"", ""price"": 25, ""quantity"": 3, ""discount"": 0}], ""order_mode"": ""REGULAR""}, ""android_id"": null, ""total"": ""75.00"", ""completed_at"": ""2026-05-09T12:03:05.234589+08:00"", ""order"": 118}",,9404906,DINE_IN,CASH,"[{""productId"": 1, ""name"": ""Coke - Mismo"", ""price"": 25, ""quantity"": 3, ""discount"": 0}]",75.00,COMPLETED,walk-in,1,,False,REGULAR,2026-06-04T03:46:30.729094+08:00,2026-06-04T03:46:30.729094+08:00
119,"{""id"": 99, ""order_detail"": {""id"": 119, ""slip_number"": ""9404907"", ""order_type"": ""TAKE_OUT"", ""payment_method"": ""GCASH"", ""table_number"": """", ""items_json"": [{""productId"": 7, ""name"": ""Pechopak - Meal"", ""price"": 169, ""quantity"": 1, ""discount"": 0}], ""order_mode"": ""REGULAR""}, ""android_id"": null, ""total"": ""169.00"", ""completed_at"": ""2026-05-09T12:49:55.378112+08:00"", ""order"": 119}",,9404907,TAKE_OUT,GCASH,"[{""productId"": 7, ""name"": ""Pechopak - Meal"", ""price"": 169, ""quantity"": 1, ""discount"": 0}]",169.00,COMPLETED,walk-in,,,False,REGULAR,2026-06-04T03:46:30.726189+08:00,2026-06-04T03:46:30.726189+08:00
120,"{""id"": 100, ""order_detail"": {""id"": 120, ""slip_number"": ""9404908"", ""order_type"": ""DINE_IN"", ""payment_method"": ""GCASH"", ""table_number"": ""3"", ""items_json"": [{""productId"": 7, ""name"": ""Pechopak - Unli"", ""price"": 179, ""quantity"": 1, ""discount"": 0}, {""productId"": 4, ""name"": ""Royal - Mismo"", ""price"": 25, ""quantity"": 1, ""discount"": 0}], ""order_mode"": ""REGULAR""}, ""android_id"": null, ""total"": ""204.00"", ""completed_at"": ""2026-05-09T16:33:00+08:00"", ""order"": 120}",,9404908,DINE_IN,GCASH,"[{""productId"": 7, ""name"": ""Pechopak - Unli"", ""price"": 179, ""quantity"": 1, ""discount"": 0}, {""productId"": 4, ""name"": ""Royal - Mismo"", ""price"": 25, ""quantity"": 1, ""discount"": 0}]",204.00,COMPLETED,walk-in,3,,False,REGULAR,2026-06-04T03:46:30.703884+08:00,2026-06-04T03:46:30.703884+08:00
121,"{""id"": 102, ""order_detail"": {""id"": 121, ""slip_number"": ""9404909"", ""order_type"": ""TAKE_OUT"", ""payment_method"": ""GCASH"", ""table_number"": ""1"", ""items_json"": [{""productId"": 7, ""name"": ""Pechopak - Unli"", ""price"": 179, ""quantity"": 1, ""discount"": 0}], ""order_mode"": ""REGULAR""}, ""android_id"": null, ""total"": ""179.00"", ""completed_at"": ""2026-05-09T16:56:06.151862+08:00"", ""order"": 121}",,9404909,TAKE_OUT,GCASH,"[{""productId"": 7, ""name"": ""Pechopak - Unli"", ""price"": 179, ""quantity"": 1, ""discount"": 0}]",179.00,COMPLETED,walk-in,1,,False,REGULAR,2026-06-04T03:46:30.692512+08:00,2026-06-04T03:46:30.692512+08:00
122,"{""id"": 101, ""order_detail"": {""id"": 122, ""slip_number"": ""9404910"", ""order_type"": ""DINE_IN"", ""payment_method"": ""CASH"", ""table_number"": """", ""items_json"": [{""productId"": 4, ""name"": ""Royal - Mismo"", ""price"": 25, ""quantity"": 1, ""discount"": 0}, {""productId"": 12, ""name"": ""Water - Bottled"", ""price"": 20, ""quantity"": 1, ""discount"": 0}], ""order_mode"": ""REGULAR""}, ""android_id"": null, ""total"": ""45.00"", ""completed_at"": ""2026-05-09T16:56:04.649762+08:00"", ""order"": 122}",,9404910,DINE_IN,CASH,"[{""productId"": 4, ""name"": ""Royal - Mismo"", ""price"": 25, ""quantity"": 1, ""discount"": 0}, {""productId"": 12, ""name"": ""Water - Bottled"", ""price"": 20, ""quantity"": 1, ""discount"": 0}]",45.00,COMPLETED,walk-in,,,False,REGULAR,2026-06-04T03:46:30.680163+08:00,2026-06-04T03:46:30.680163+08:00
123,"{""id"": 103, ""order_detail"": {""id"": 123, ""slip_number"": ""9404911"", ""order_type"": ""DINE_IN"", ""payment_method"": ""CASH"", ""table_number"": ""3"", ""items_json"": [{""productId"": 10, ""name"": ""Leg - Unli"", ""price"": 159, ""quantity"": 1, ""discount"": 0}, {""productId"": 8, ""name"": ""Liempo - Unli"", ""price"": 199, ""quantity"": 1, ""discount"": 0}, {""productId"": 3, ""name"": ""Icetea - Icetea Glass"", ""price"": 39, ""quantity"": 1, ""discount"": 0}], ""order_mode"": ""REGULAR""}, ""android_id"": null, ""total"": ""397.00"", ""completed_at"": ""2026-05-09T18:53:04.548400+08:00"", ""order"": 123}",,9404911,DINE_IN,CASH,"[{""productId"": 10, ""name"": ""Leg - Unli"", ""price"": 159, ""quantity"": 1, ""discount"": 0}, {""productId"": 8, ""name"": ""Liempo - Unli"", ""price"": 199, ""quantity"": 1, ""discount"": 0}, {""productId"": 3, ""name"": ""Icetea - Icetea Glass"", ""price"": 39, ""quantity"": 1, ""discount"": 0}]",397.00,COMPLETED,walk-in,3,,False,REGULAR,2026-06-04T03:46:30.677069+08:00,2026-06-04T03:46:30.677069+08:00
124,,,9404912,TAKE_OUT,GCASH,"[{""productId"": 11, ""name"": ""Wings - Meal"", ""price"": 129, ""quantity"": 1, ""discount"": 0}]",129.00,VOIDED,walk-in,3,,False,REGULAR,2026-06-04T03:46:30.654418+08:00,2026-06-04T03:46:30.654418+08:00
125,"{""id"": 104, ""order_detail"": {""id"": 125, ""slip_number"": ""9404913"", ""order_type"": ""TAKE_OUT"", ""payment_method"": ""CASH"", ""table_number"": ""3"", ""items_json"": [{""productId"": 11, ""name"": ""Wings - Meal"", ""price"": 129, ""quantity"": 1, ""discount"": 0}], ""order_mode"": ""REGULAR""}, ""android_id"": null, ""total"": ""129.00"", ""completed_at"": ""2026-05-09T19:20:40.061888+08:00"", ""order"": 125}",,9404913,TAKE_OUT,CASH,"[{""productId"": 11, ""name"": ""Wings - Meal"", ""price"": 129, ""quantity"": 1, ""discount"": 0}]",129.00,COMPLETED,walk-in,3,,False,REGULAR,2026-06-04T03:46:30.641605+08:00,2026-06-04T03:46:30.641605+08:00
126,"{""id"": 105, ""order_detail"": {""id"": 126, ""slip_number"": ""9404914"", ""order_type"": ""DINE_IN"", ""payment_method"": ""GCASH"", ""table_number"": ""4"", ""items_json"": [{""productId"": 7, ""name"": ""Pechopak - Unli"", ""price"": 179, ""quantity"": 1, ""discount"": 0}, {""productId"": 3, ""name"": ""Icetea - Icetea Glass"", ""price"": 39, ""quantity"": 1, ""discount"": 0}], ""order_mode"": ""REGULAR""}, ""android_id"": null, ""total"": ""218.00"", ""completed_at"": ""2026-05-09T19:26:26.451653+08:00"", ""order"": 126}",,9404914,DINE_IN,GCASH,"[{""productId"": 7, ""name"": ""Pechopak - Unli"", ""price"": 179, ""quantity"": 1, ""discount"": 0}, {""productId"": 3, ""name"": ""Icetea - Icetea Glass"", ""price"": 39, ""quantity"": 1, ""discount"": 0}]",218.00,COMPLETED,walk-in,4,,False,REGULAR,2026-06-04T03:46:30.619861+08:00,2026-06-04T03:46:30.619861+08:00
127,"{""id"": 107, ""order_detail"": {""id"": 127, ""slip_number"": ""9404915"", ""order_type"": ""DINE_IN"", ""payment_method"": ""CASH"", ""table_number"": ""5"", ""items_json"": [{""productId"": 10, ""name"": ""Leg - Unli"", ""price"": 159, ""quantity"": 1, ""discount"": 0}, {""productId"": 11, ""name"": ""Wings - Meal"", ""price"": 129, ""quantity"": 1, ""discount"": 0}, {""productId"": 5, ""name"": ""Sprite - Mismo"", ""price"": 25, ""quantity"": 2, ""discount"": 0}], ""order_mode"": ""REGULAR""}, ""android_id"": null, ""total"": ""338.00"", ""completed_at"": ""2026-05-09T19:46:31.154796+08:00"", ""order"": 127}",,9404915,DINE_IN,CASH,"[{""productId"": 10, ""name"": ""Leg - Unli"", ""price"": 159, ""quantity"": 1, ""discount"": 0}, {""productId"": 11, ""name"": ""Wings - Meal"", ""price"": 129, ""quantity"": 1, ""discount"": 0}, {""productId"": 5, ""name"": ""Sprite - Mismo"", ""price"": 25, ""quantity"": 2, ""discount"": 0}]",338.00,COMPLETED,walk-in,5,,False,REGULAR,2026-06-04T03:46:30.606819+08:00,2026-06-04T03:46:30.606819+08:00
128,"{""id"": 106, ""order_detail"": {""id"": 128, ""slip_number"": ""9404916"", ""order_type"": ""DINE_IN"", ""payment_method"": ""GCASH"", ""table_number"": ""1"", ""items_json"": [{""productId"": 7, ""name"": ""Pechopak - Unli"", ""price"": 179, ""quantity"": 4, ""discount"": 0}, {""productId"": 7, ""name"": ""Pechopak - Meal"", ""price"": 169, ""quantity"": 1, ""discount"": 0}, {""productId"": 3, ""name"": ""Icetea - Icetea Glass"", ""price"": 39, ""quantity"": 5, ""discount"": 0}], ""order_mode"": ""REGULAR""}, ""android_id"": null, ""total"": ""1080.00"", ""completed_at"": ""2026-05-09T19:46:29.023656+08:00"", ""order"": 128}",,9404916,DINE_IN,GCASH,"[{""productId"": 7, ""name"": ""Pechopak - Unli"", ""price"": 179, ""quantity"": 4, ""discount"": 0}, {""productId"": 7, ""name"": ""Pechopak - Meal"", ""price"": 169, ""quantity"": 1, ""discount"": 0}, {""productId"": 3, ""name"": ""Icetea - Icetea Glass"", ""price"": 39, ""quantity"": 5, ""discount"": 0}]",1080.00,COMPLETED,walk-in,1,,False,REGULAR,2026-06-04T03:46:30.590209+08:00,2026-06-04T03:46:30.590209+08:00
129,"{""id"": 108, ""order_detail"": {""id"": 129, ""slip_number"": ""9404917"", ""order_type"": ""DINE_IN"", ""payment_method"": ""CASH"", ""table_number"": ""3"", ""items_json"": [{""productId"": 10, ""name"": ""Leg - Unli"", ""price"": 159, ""quantity"": 2, ""discount"": 0}, {""productId"": 3, ""name"": ""Icetea - Icetea Glass"", ""price"": 39, ""quantity"": 1, ""discount"": 0}], ""order_mode"": ""REGULAR""}, ""android_id"": null, ""total"": ""357.00"", ""completed_at"": ""2026-05-09T19:54:30.411259+08:00"", ""order"": 129}",,9404917,DINE_IN,CASH,"[{""productId"": 10, ""name"": ""Leg - Unli"", ""price"": 159, ""quantity"": 2, ""discount"": 0}, {""productId"": 3, ""name"": ""Icetea - Icetea Glass"", ""price"": 39, ""quantity"": 1, ""discount"": 0}]",357.00,COMPLETED,walk-in,3,,False,REGULAR,2026-06-04T03:46:30.578346+08:00,2026-06-04T03:46:30.578346+08:00
130,"{""id"": 109, ""order_detail"": {""id"": 130, ""slip_number"": ""9404918"", ""order_type"": ""TAKE_OUT"", ""payment_method"": ""CASH"", ""table_number"": ""4"", ""items_json"": [{""productId"": 7, ""name"": ""Pechopak - Unli"", ""price"": 179, ""quantity"": 1, ""discount"": 0}], ""order_mode"": ""REGULAR""}, ""android_id"": null, ""total"": ""179.00"", ""completed_at"": ""2026-05-09T20:21:06.641791+08:00"", ""order"": 130}",,9404918,TAKE_OUT,CASH,"[{""productId"": 7, ""name"": ""Pechopak - Unli"", ""price"": 179, ""quantity"": 1, ""discount"": 0}]",179.00,COMPLETED,walk-in,4,,False,REGULAR,2026-06-04T03:46:30.565733+08:00,2026-06-04T03:46:30.565733+08:00
131,"{""id"": 110, ""order_detail"": {""id"": 131, ""slip_number"": ""9404919"", ""order_type"": ""TAKE_OUT"", ""payment_method"": ""CASH"", ""table_number"": ""4"", ""items_json"": [{""productId"": 7, ""name"": ""Pechopak - Meal"", ""price"": 169, ""quantity"": 1, ""discount"": 0}], ""order_mode"": ""REGULAR""}, ""android_id"": null, ""total"": ""169.00"", ""completed_at"": ""2026-05-09T20:21:08.198124+08:00"", ""order"": 131}",,9404919,TAKE_OUT,CASH,"[{""productId"": 7, ""name"": ""Pechopak - Meal"", ""price"": 169, ""quantity"": 1, ""discount"": 0}]",169.00,COMPLETED,walk-in,4,,False,REGULAR,2026-06-04T03:46:30.542343+08:00,2026-06-04T03:46:30.542343+08:00
132,"{""id"": 111, ""order_detail"": {""id"": 132, ""slip_number"": ""9404920"", ""order_type"": ""DINE_IN"", ""payment_method"": ""CASH"", ""table_number"": ""3"", ""items_json"": [{""productId"": 10, ""name"": ""Leg - Unli"", ""price"": 159, ""quantity"": 2, ""discount"": 0}, {""productId"": 3, ""name"": ""Icetea - Icetea Glass"", ""price"": 39, ""quantity"": 1, ""discount"": 0}, {""productId"": 1, ""name"": ""Coke - Mismo"", ""price"": 25, ""quantity"": 1, ""discount"": 0}], ""order_mode"": ""REGULAR""}, ""android_id"": null, ""total"": ""382.00"", ""completed_at"": ""2026-05-09T20:21:12.830009+08:00"", ""order"": 132}",,9404920,DINE_IN,CASH,"[{""productId"": 10, ""name"": ""Leg - Unli"", ""price"": 159, ""quantity"": 2, ""discount"": 0}, {""productId"": 3, ""name"": ""Icetea - Icetea Glass"", ""price"": 39, ""quantity"": 1, ""discount"": 0}, {""productId"": 1, ""name"": ""Coke - Mismo"", ""price"": 25, ""quantity"": 1, ""discount"": 0}]",382.00,COMPLETED,walk-in,3,,False,REGULAR,2026-06-04T03:46:30.528718+08:00,2026-06-04T03:46:30.528718+08:00
133,"{""id"": 112, ""order_detail"": {""id"": 133, ""slip_number"": ""9404921"", ""order_type"": ""DINE_IN"", ""payment_method"": ""CASH"", ""table_number"": ""5"", ""items_json"": [{""productId"": 7, ""name"": ""Pechopak - Unli"", ""price"": 179, ""quantity"": 1, ""discount"": 0}, {""productId"": 5, ""name"": ""Sprite - Mismo"", ""price"": 25, ""quantity"": 1, ""discount"": 0}], ""order_mode"": ""REGULAR""}, ""android_id"": null, ""total"": ""204.00"", ""completed_at"": ""2026-05-09T20:33:44.873539+08:00"", ""order"": 133}",,9404921,DINE_IN,CASH,"[{""productId"": 7, ""name"": ""Pechopak - Unli"", ""price"": 179, ""quantity"": 1, ""discount"": 0}, {""productId"": 5, ""name"": ""Sprite - Mismo"", ""price"": 25, ""quantity"": 1, ""discount"": 0}]",204.00,COMPLETED,walk-in,5,,False,REGULAR,2026-06-04T03:46:30.516576+08:00,2026-06-04T03:46:30.516576+08:00
134,"{""id"": 113, ""order_detail"": {""id"": 134, ""slip_number"": ""9404922"", ""order_type"": ""DINE_IN"", ""payment_method"": ""CASH"", ""table_number"": ""5"", ""items_json"": [{""productId"": 10, ""name"": ""Leg - Unli"", ""price"": 159, ""quantity"": 1, ""discount"": 0}, {""productId"": 7, ""name"": ""Pechopak - Unli"", ""price"": 179, ""quantity"": 1, ""discount"": 0}, {""productId"": 9, ""name"": ""BBQ - Meal"", ""price"": 139, ""quantity"": 1, ""discount"": 0}, {""productId"": 11, ""name"": ""Wings - Meal"", ""price"": 129, ""quantity"": 1, ""discount"": 0}, {""productId"": 3, ""name"": ""Icetea - Icetea Pitcher"", ""price"": 129, ""quantity"": 1, ""discount"": 0}], ""order_mode"": ""REGULAR""}, ""android_id"": null, ""total"": ""735.00"", ""completed_at"": ""2026-05-09T21:28:07.570659+08:00"", ""order"": 134}",,9404922,DINE_IN,CASH,"[{""productId"": 10, ""name"": ""Leg - Unli"", ""price"": 159, ""quantity"": 1, ""discount"": 0}, {""productId"": 7, ""name"": ""Pechopak - Unli"", ""price"": 179, ""quantity"": 1, ""discount"": 0}, {""productId"": 9, ""name"": ""BBQ - Meal"", ""price"": 139, ""quantity"": 1, ""discount"": 0}, {""productId"": 11, ""name"": ""Wings - Meal"", ""price"": 129, ""quantity"": 1, ""discount"": 0}, {""productId"": 3, ""name"": ""Icetea - Icetea Pitcher"", ""price"": 129, ""quantity"": 1, ""discount"": 0}]",735.00,COMPLETED,walk-in,5,,False,REGULAR,2026-06-04T03:46:30.503406+08:00,2026-06-04T03:46:30.503406+08:00
135,"{""id"": 114, ""order_detail"": {""id"": 135, ""slip_number"": ""9404923"", ""order_type"": ""DINE_IN"", ""payment_method"": ""CASH"", ""table_number"": ""1"", ""items_json"": [{""productId"": 10, ""name"": ""Leg - Unli"", ""price"": 159, ""quantity"": 1, ""discount"": 0}], ""order_mode"": ""REGULAR""}, ""android_id"": null, ""total"": ""159.00"", ""completed_at"": ""2026-05-09T21:28:11.636843+08:00"", ""order"": 135}",,9404923,DINE_IN,CASH,"[{""productId"": 10, ""name"": ""Leg - Unli"", ""price"": 159, ""quantity"": 1, ""discount"": 0}]",159.00,COMPLETED,walk-in,1,,False,REGULAR,2026-06-04T03:46:30.490378+08:00,2026-06-04T03:46:30.490378+08:00
136,"{""id"": 117, ""order_detail"": {""id"": 136, ""slip_number"": ""9404924"", ""order_type"": ""DINE_IN"", ""payment_method"": ""CASH"", ""table_number"": ""4"", ""items_json"": [{""productId"": 10, ""name"": ""Leg - Unli"", ""price"": 159, ""quantity"": 1, ""discount"": 0}, {""productId"": 9, ""name"": ""BBQ - Meal"", ""price"": 139, ""quantity"": 1, ""discount"": 0}, {""productId"": 3, ""name"": ""Icetea - Icetea Glass"", ""price"": 39, ""quantity"": 2, ""discount"": 0}], ""order_mode"": ""REGULAR""}, ""android_id"": null, ""total"": ""376.00"", ""completed_at"": ""2026-05-09T21:50:21.513639+08:00"", ""order"": 136}",,9404924,DINE_IN,CASH,"[{""productId"": 10, ""name"": ""Leg - Unli"", ""price"": 159, ""quantity"": 1, ""discount"": 0}, {""productId"": 9, ""name"": ""BBQ - Meal"", ""price"": 139, ""quantity"": 1, ""discount"": 0}, {""productId"": 3, ""name"": ""Icetea - Icetea Glass"", ""price"": 39, ""quantity"": 2, ""discount"": 0}]",376.00,COMPLETED,walk-in,4,,False,REGULAR,2026-06-04T03:46:30.476074+08:00,2026-06-04T03:46:30.476074+08:00
137,"{""id"": 116, ""order_detail"": {""id"": 137, ""slip_number"": ""9404925"", ""order_type"": ""TAKE_OUT"", ""payment_method"": ""CASH"", ""table_number"": ""3"", ""items_json"": [{""productId"": 10, ""name"": ""Leg - Meal"", ""price"": 149, ""quantity"": 1, ""discount"": 0}], ""order_mode"": ""REGULAR""}, ""android_id"": null, ""total"": ""149.00"", ""completed_at"": ""2026-05-09T21:50:20.384997+08:00"", ""order"": 137}",,9404925,TAKE_OUT,CASH,"[{""productId"": 10, ""name"": ""Leg - Meal"", ""price"": 149, ""quantity"": 1, ""discount"": 0}]",149.00,COMPLETED,walk-in,3,,False,REGULAR,2026-06-04T03:46:30.453305+08:00,2026-06-04T03:46:30.453305+08:00
138,"{""id"": 115, ""order_detail"": {""id"": 138, ""slip_number"": ""9404926"", ""order_type"": ""TAKE_OUT"", ""payment_method"": ""CASH"", ""table_number"": ""3"", ""items_json"": [{""productId"": 10, ""name"": ""Leg - Meal"", ""price"": 149, ""quantity"": 1, ""discount"": 0}], ""order_mode"": ""REGULAR""}, ""android_id"": null, ""total"": ""149.00"", ""completed_at"": ""2026-05-09T21:50:18.961688+08:00"", ""order"": 138}",,9404926,TAKE_OUT,CASH,"[{""productId"": 10, ""name"": ""Leg - Meal"", ""price"": 149, ""quantity"": 1, ""discount"": 0}]",149.00,COMPLETED,walk-in,3,,False,REGULAR,2026-06-04T03:46:30.425586+08:00,2026-06-04T03:46:30.425586+08:00
139,"{""id"": 118, ""order_detail"": {""id"": 139, ""slip_number"": ""9404927"", ""order_type"": ""DINE_IN"", ""payment_method"": ""CASH"", ""table_number"": ""3"", ""items_json"": [{""productId"": 10, ""name"": ""Leg - Unli"", ""price"": 159, ""quantity"": 1, ""discount"": 0}, {""productId"": 7, ""name"": ""Pechopak - Unli"", ""price"": 179, ""quantity"": 2, ""discount"": 0}], ""order_mode"": ""REGULAR""}, ""android_id"": null, ""total"": ""517.00"", ""completed_at"": ""2026-05-09T22:09:46.546092+08:00"", ""order"": 139}",,9404927,DINE_IN,CASH,"[{""productId"": 10, ""name"": ""Leg - Unli"", ""price"": 159, ""quantity"": 1, ""discount"": 0}, {""productId"": 7, ""name"": ""Pechopak - Unli"", ""price"": 179, ""quantity"": 2, ""discount"": 0}]",517.00,COMPLETED,walk-in,3,,False,REGULAR,2026-06-04T03:46:30.422081+08:00,2026-06-04T03:46:30.422081+08:00
140,"{""id"": 119, ""order_detail"": {""id"": 140, ""slip_number"": ""9404928"", ""order_type"": ""DINE_IN"", ""payment_method"": ""GCASH"", ""table_number"": ""1"", ""items_json"": [{""productId"": 7, ""name"": ""Pechopak - Unli"", ""price"": 179, ""quantity"": 3, ""discount"": 0}, {""productId"": 1, ""name"": ""Coke - 1.5"", ""price"": 120, ""quantity"": 1, ""discount"": 0}], ""order_mode"": ""REGULAR""}, ""android_id"": null, ""total"": ""657.00"", ""completed_at"": ""2026-05-09T22:54:26.914179+08:00"", ""order"": 140}",,9404928,DINE_IN,GCASH,"[{""productId"": 7, ""name"": ""Pechopak - Unli"", ""price"": 179, ""quantity"": 3, ""discount"": 0}, {""productId"": 1, ""name"": ""Coke - 1.5"", ""price"": 120, ""quantity"": 1, ""discount"": 0}]",657.00,COMPLETED,walk-in,1,,False,REGULAR,2026-06-04T03:46:30.410505+08:00,2026-06-04T03:46:30.410505+08:00
141,"{""id"": 121, ""order_detail"": {""id"": 141, ""slip_number"": ""9404929"", ""order_type"": ""DINE_IN"", ""payment_method"": ""GCASH"", ""table_number"": ""4"", ""items_json"": [{""productId"": 8, ""name"": ""Liempo - Unli"", ""price"": 199, ""quantity"": 1, ""discount"": 0}, {""productId"": 3, ""name"": ""Icetea - Icetea Glass"", ""price"": 39, ""quantity"": 1, ""discount"": 0}], ""order_mode"": ""REGULAR""}, ""android_id"": null, ""total"": ""238.00"", ""completed_at"": ""2026-05-09T23:13:09.100031+08:00"", ""order"": 141}",,9404929,DINE_IN,GCASH,"[{""productId"": 8, ""name"": ""Liempo - Unli"", ""price"": 199, ""quantity"": 1, ""discount"": 0}, {""productId"": 3, ""name"": ""Icetea - Icetea Glass"", ""price"": 39, ""quantity"": 1, ""discount"": 0}]",238.00,COMPLETED,walk-in,4,,False,REGULAR,2026-06-04T03:46:30.387949+08:00,2026-06-04T03:46:30.387949+08:00
142,"{""id"": 120, ""order_detail"": {""id"": 142, ""slip_number"": ""9404930"", ""order_type"": ""DINE_IN"", ""payment_method"": ""CASH"", ""table_number"": ""3"", ""items_json"": [{""productId"": 10, ""name"": ""Leg - Unli"", ""price"": 159, ""quantity"": 2, ""discount"": 0}], ""order_mode"": ""REGULAR""}, ""android_id"": null, ""total"": ""318.00"", ""completed_at"": ""2026-05-09T23:13:03.134696+08:00"", ""order"": 142}",,9404930,DINE_IN,CASH,"[{""productId"": 10, ""name"": ""Leg - Unli"", ""price"": 159, ""quantity"": 2, ""discount"": 0}]",318.00,COMPLETED,walk-in,3,,False,REGULAR,2026-06-04T03:46:30.375709+08:00,2026-06-04T03:46:30.375709+08:00
143,"{""id"": 122, ""order_detail"": {""id"": 143, ""slip_number"": ""9404931"", ""order_type"": ""DINE_IN"", ""payment_method"": ""CASH"", ""table_number"": ""1"", ""items_json"": [{""productId"": 9, ""name"": ""BBQ - Meal"", ""price"": 139, ""quantity"": 1, ""discount"": 0}, {""productId"": 8, ""name"": ""Liempo - Unli"", ""price"": 199, ""quantity"": 1, ""discount"": 0}, {""productId"": 1, ""name"": ""Coke - Mismo"", ""price"": 25, ""quantity"": 2, ""discount"": 0}], ""order_mode"": ""REGULAR""}, ""android_id"": null, ""total"": ""388.00"", ""completed_at"": ""2026-05-09T23:37:43.659659+08:00"", ""order"": 143}",,9404931,DINE_IN,CASH,"[{""productId"": 9, ""name"": ""BBQ - Meal"", ""price"": 139, ""quantity"": 1, ""discount"": 0}, {""productId"": 8, ""name"": ""Liempo - Unli"", ""price"": 199, ""quantity"": 1, ""discount"": 0}, {""productId"": 1, ""name"": ""Coke - Mismo"", ""price"": 25, ""quantity"": 2, ""discount"": 0}]",388.00,COMPLETED,walk-in,1,,False,REGULAR,2026-06-04T03:46:30.373710+08:00,2026-06-04T03:46:30.373710+08:00
144,"{""id"": 123, ""order_detail"": {""id"": 144, ""slip_number"": ""9740561"", ""order_type"": """", ""payment_method"": """", ""table_number"": """", ""items_json"": [{""productId"": 10, ""name"": ""Leg - Meal"", ""price"": 149, ""quantity"": 1}, {""productId"": 9, ""name"": ""BBQ - Meal"", ""price"": 139, ""quantity"": 1}], ""order_mode"": ""REGULAR""}, ""android_id"": null, ""total"": ""288.00"", ""completed_at"": ""2026-04-28T12:00:00+08:00"", ""order"": 144}",,9740561,,,"[{""productId"": 10, ""name"": ""Leg - Meal"", ""price"": 149, ""quantity"": 1}, {""productId"": 9, ""name"": ""BBQ - Meal"", ""price"": 139, ""quantity"": 1}]",288.00,COMPLETED,walk-in,,,False,REGULAR,2026-06-04T03:46:30.351928+08:00,2026-06-04T03:46:30.351928+08:00
145,"{""id"": 124, ""order_detail"": {""id"": 145, ""slip_number"": ""9740562"", ""order_type"": """", ""payment_method"": """", ""table_number"": """", ""items_json"": [{""productId"": 7, ""name"": ""Pechopak - Meal"", ""price"": 169, ""quantity"": 1}], ""order_mode"": ""REGULAR""}, ""android_id"": null, ""total"": ""169.00"", ""completed_at"": ""2026-04-28T12:00:00+08:00"", ""order"": 145}",,9740562,,,"[{""productId"": 7, ""name"": ""Pechopak - Meal"", ""price"": 169, ""quantity"": 1}]",169.00,COMPLETED,walk-in,,,False,REGULAR,2026-06-04T03:46:30.347931+08:00,2026-06-04T03:46:30.347931+08:00
146,"{""id"": 125, ""order_detail"": {""id"": 146, ""slip_number"": ""9740563"", ""order_type"": """", ""payment_method"": """", ""table_number"": """", ""items_json"": [{""productId"": 7, ""name"": ""Pechopak - Unli"", ""price"": 179, ""quantity"": 1}, {""productId"": 8, ""name"": ""Liempo - Unli"", ""price"": 199, ""quantity"": 1}], ""order_mode"": ""REGULAR""}, ""android_id"": null, ""total"": ""378.00"", ""completed_at"": ""2026-04-28T12:00:00+08:00"", ""order"": 146}",,9740563,,,"[{""productId"": 7, ""name"": ""Pechopak - Unli"", ""price"": 179, ""quantity"": 1}, {""productId"": 8, ""name"": ""Liempo - Unli"", ""price"": 199, ""quantity"": 1}]",378.00,COMPLETED,walk-in,,,False,REGULAR,2026-06-04T03:46:30.320597+08:00,2026-06-04T03:46:30.320597+08:00
147,"{""id"": 126, ""order_detail"": {""id"": 147, ""slip_number"": ""9740564"", ""order_type"": """", ""payment_method"": """", ""table_number"": """", ""items_json"": [{""productId"": 11, ""name"": ""Wings - Meal"", ""price"": 129, ""quantity"": 1}], ""order_mode"": ""REGULAR""}, ""android_id"": null, ""total"": ""129.00"", ""completed_at"": ""2026-04-28T12:00:00+08:00"", ""order"": 147}",,9740564,,,"[{""productId"": 11, ""name"": ""Wings - Meal"", ""price"": 129, ""quantity"": 1}]",129.00,COMPLETED,walk-in,,,False,REGULAR,2026-06-04T03:46:30.307564+08:00,2026-06-04T03:46:30.307564+08:00
148,"{""id"": 127, ""order_detail"": {""id"": 148, ""slip_number"": ""9740565"", ""order_type"": """", ""payment_method"": """", ""table_number"": """", ""items_json"": [{""productId"": 10, ""name"": ""Leg - Meal"", ""price"": 149, ""quantity"": 1}], ""order_mode"": ""REGULAR""}, ""android_id"": null, ""total"": ""149.00"", ""completed_at"": ""2026-04-28T12:00:00+08:00"", ""order"": 148}",,9740565,,,"[{""productId"": 10, ""name"": ""Leg - Meal"", ""price"": 149, ""quantity"": 1}]",149.00,COMPLETED,walk-in,,,False,REGULAR,2026-06-04T03:46:30.296769+08:00,2026-06-04T03:46:30.296769+08:00
149,"{""id"": 128, ""order_detail"": {""id"": 149, ""slip_number"": ""9740566"", ""order_type"": """", ""payment_method"": """", ""table_number"": """", ""items_json"": [{""productId"": 7, ""name"": ""Pechopak - Meal"", ""price"": 169, ""quantity"": 1}, {""productId"": 0, ""name"": ""Delivery Fee 1"", ""price"": 0, ""quantity"": 1}], ""order_mode"": ""REGULAR""}, ""android_id"": null, ""total"": ""169.00"", ""completed_at"": ""2026-04-28T12:00:00+08:00"", ""order"": 149}",,9740566,,,"[{""productId"": 7, ""name"": ""Pechopak - Meal"", ""price"": 169, ""quantity"": 1}, {""productId"": 0, ""name"": ""Delivery Fee 1"", ""price"": 0, ""quantity"": 1}]",169.00,COMPLETED,walk-in,,,False,REGULAR,2026-06-04T03:46:30.293256+08:00,2026-06-04T03:46:30.293256+08:00
150,"{""id"": 129, ""order_detail"": {""id"": 150, ""slip_number"": ""9740567"", ""order_type"": """", ""payment_method"": """", ""table_number"": """", ""items_json"": [{""productId"": 0, ""name"": ""Pakpak 1 piece (temp)"", ""price"": 0, ""quantity"": 1}], ""order_mode"": ""REGULAR""}, ""android_id"": null, ""total"": ""0.00"", ""completed_at"": ""2026-04-28T12:00:00+08:00"", ""order"": 150}",,9740567,,,"[{""productId"": 0, ""name"": ""Pakpak 1 piece (temp)"", ""price"": 0, ""quantity"": 1}]",0.00,COMPLETED,walk-in,,,False,REGULAR,2026-06-04T03:46:30.269563+08:00,2026-06-04T03:46:30.269563+08:00
151,"{""id"": 130, ""order_detail"": {""id"": 151, ""slip_number"": ""9740568"", ""order_type"": """", ""payment_method"": """", ""table_number"": """", ""items_json"": [{""productId"": 7, ""name"": ""Pechopak - Meal"", ""price"": 169, ""quantity"": 4}, {""productId"": 9, ""name"": ""BBQ - Meal"", ""price"": 139, ""quantity"": 1}], ""order_mode"": ""REGULAR""}, ""android_id"": null, ""total"": ""815.00"", ""completed_at"": ""2026-04-28T12:00:00+08:00"", ""order"": 151}",,9740568,,,"[{""productId"": 7, ""name"": ""Pechopak - Meal"", ""price"": 169, ""quantity"": 4}, {""productId"": 9, ""name"": ""BBQ - Meal"", ""price"": 139, ""quantity"": 1}]",815.00,COMPLETED,walk-in,,,False,REGULAR,2026-06-04T03:46:30.266564+08:00,2026-06-04T03:46:30.266564+08:00
152,"{""id"": 131, ""order_detail"": {""id"": 152, ""slip_number"": ""9740569"", ""order_type"": """", ""payment_method"": """", ""table_number"": """", ""items_json"": [{""productId"": 7, ""name"": ""Pechopak - Meal"", ""price"": 169, ""quantity"": 2}], ""order_mode"": ""REGULAR""}, ""android_id"": null, ""total"": ""338.00"", ""completed_at"": ""2026-04-28T12:00:00+08:00"", ""order"": 152}",,9740569,,,"[{""productId"": 7, ""name"": ""Pechopak - Meal"", ""price"": 169, ""quantity"": 2}]",338.00,COMPLETED,walk-in,,,False,REGULAR,2026-06-04T03:46:30.245248+08:00,2026-06-04T03:46:30.245248+08:00
153,"{""id"": 132, ""order_detail"": {""id"": 153, ""slip_number"": ""9740570"", ""order_type"": """", ""payment_method"": """", ""table_number"": """", ""items_json"": [{""productId"": 10, ""name"": ""Leg - Meal"", ""price"": 149, ""quantity"": 2}], ""order_mode"": ""REGULAR""}, ""android_id"": null, ""total"": ""298.00"", ""completed_at"": ""2026-04-28T12:00:00+08:00"", ""order"": 153}",,9740570,,,"[{""productId"": 10, ""name"": ""Leg - Meal"", ""price"": 149, ""quantity"": 2}]",298.00,COMPLETED,walk-in,,,False,REGULAR,2026-06-04T03:46:30.231849+08:00,2026-06-04T03:46:30.231849+08:00
154,"{""id"": 133, ""order_detail"": {""id"": 154, ""slip_number"": ""9740571"", ""order_type"": """", ""payment_method"": """", ""table_number"": """", ""items_json"": [{""productId"": 9, ""name"": ""BBQ - Only"", ""price"": 129, ""quantity"": 1}], ""order_mode"": ""REGULAR""}, ""android_id"": null, ""total"": ""129.00"", ""completed_at"": ""2026-04-28T12:00:00+08:00"", ""order"": 154}",,9740571,,,"[{""productId"": 9, ""name"": ""BBQ - Only"", ""price"": 129, ""quantity"": 1}]",129.00,COMPLETED,walk-in,,,False,REGULAR,2026-06-04T03:46:30.217819+08:00,2026-06-04T03:46:30.217819+08:00
155,"{""id"": 134, ""order_detail"": {""id"": 155, ""slip_number"": ""9740572"", ""order_type"": """", ""payment_method"": """", ""table_number"": """", ""items_json"": [{""productId"": 9, ""name"": ""BBQ - Only"", ""price"": 129, ""quantity"": 1}], ""order_mode"": ""REGULAR""}, ""android_id"": null, ""total"": ""129.00"", ""completed_at"": ""2026-04-28T12:00:00+08:00"", ""order"": 155}",,9740572,,,"[{""productId"": 9, ""name"": ""BBQ - Only"", ""price"": 129, ""quantity"": 1}]",129.00,COMPLETED,walk-in,,,False,REGULAR,2026-06-04T03:46:30.204606+08:00,2026-06-04T03:46:30.204606+08:00
156,"{""id"": 135, ""order_detail"": {""id"": 156, ""slip_number"": ""9740573"", ""order_type"": """", ""payment_method"": """", ""table_number"": """", ""items_json"": [{""productId"": 11, ""name"": ""Wings - Only"", ""price"": 119, ""quantity"": 1}, {""productId"": 9, ""name"": ""BBQ - Only"", ""price"": 129, ""quantity"": 1}], ""order_mode"": ""REGULAR""}, ""android_id"": null, ""total"": ""248.00"", ""completed_at"": ""2026-04-28T12:00:00+08:00"", ""order"": 156}",,9740573,,,"[{""productId"": 11, ""name"": ""Wings - Only"", ""price"": 119, ""quantity"": 1}, {""productId"": 9, ""name"": ""BBQ - Only"", ""price"": 129, ""quantity"": 1}]",248.00,COMPLETED,walk-in,,,False,REGULAR,2026-06-04T03:46:30.192095+08:00,2026-06-04T03:46:30.192095+08:00
157,"{""id"": 136, ""order_detail"": {""id"": 157, ""slip_number"": ""9740574"", ""order_type"": """", ""payment_method"": """", ""table_number"": """", ""items_json"": [{""productId"": 7, ""name"": ""Pechopak - Only"", ""price"": 159, ""quantity"": 4}], ""order_mode"": ""REGULAR""}, ""android_id"": null, ""total"": ""636.00"", ""completed_at"": ""2026-04-28T12:00:00+08:00"", ""order"": 157}",,9740574,,,"[{""productId"": 7, ""name"": ""Pechopak - Only"", ""price"": 159, ""quantity"": 4}]",636.00,COMPLETED,walk-in,,,False,REGULAR,2026-06-04T03:46:30.179713+08:00,2026-06-04T03:46:30.179713+08:00
158,"{""id"": 137, ""order_detail"": {""id"": 158, ""slip_number"": ""9740575"", ""order_type"": """", ""payment_method"": """", ""table_number"": """", ""items_json"": [{""productId"": 0, ""name"": ""Pakpak half solo (temp)"", ""price"": 0, ""quantity"": 3}], ""order_mode"": ""REGULAR""}, ""android_id"": null, ""total"": ""0.00"", ""completed_at"": ""2026-04-28T12:00:00+08:00"", ""order"": 158}",,9740575,,,"[{""productId"": 0, ""name"": ""Pakpak half solo (temp)"", ""price"": 0, ""quantity"": 3}]",0.00,COMPLETED,walk-in,,,False,REGULAR,2026-06-04T03:46:30.168043+08:00,2026-06-04T03:46:30.168043+08:00
159,"{""id"": 138, ""order_detail"": {""id"": 159, ""slip_number"": ""9740576"", ""order_type"": """", ""payment_method"": """", ""table_number"": """", ""items_json"": [{""productId"": 8, ""name"": ""Liempo - Meal"", ""price"": 189, ""quantity"": 1}], ""order_mode"": ""REGULAR""}, ""android_id"": null, ""total"": ""189.00"", ""completed_at"": ""2026-04-28T12:00:00+08:00"", ""order"": 159}",,9740576,,,"[{""productId"": 8, ""name"": ""Liempo - Meal"", ""price"": 189, ""quantity"": 1}]",189.00,COMPLETED,walk-in,,,False,REGULAR,2026-06-04T03:46:30.154219+08:00,2026-06-04T03:46:30.154219+08:00
160,"{""id"": 139, ""order_detail"": {""id"": 160, ""slip_number"": ""9740577"", ""order_type"": """", ""payment_method"": """", ""table_number"": """", ""items_json"": [{""productId"": 11, ""name"": ""Wings - Unli"", ""price"": 139, ""quantity"": 1}, {""productId"": 9, ""name"": ""BBQ - Meal"", ""price"": 139, ""quantity"": 1}, {""productId"": 9, ""name"": ""BBQ - Unli"", ""price"": 149, ""quantity"": 2}], ""order_mode"": ""REGULAR""}, ""android_id"": null, ""total"": ""576.00"", ""completed_at"": ""2026-04-28T12:00:00+08:00"", ""order"": 160}",,9740577,,,"[{""productId"": 11, ""name"": ""Wings - Unli"", ""price"": 139, ""quantity"": 1}, {""productId"": 9, ""name"": ""BBQ - Meal"", ""price"": 139, ""quantity"": 1}, {""productId"": 9, ""name"": ""BBQ - Unli"", ""price"": 149, ""quantity"": 2}]",576.00,COMPLETED,walk-in,,,False,REGULAR,2026-06-04T03:46:30.141044+08:00,2026-06-04T03:46:30.141044+08:00
161,"{""id"": 140, ""order_detail"": {""id"": 161, ""slip_number"": ""9740578"", ""order_type"": """", ""payment_method"": """", ""table_number"": """", ""items_json"": [{""productId"": 10, ""name"": ""Leg - Meal"", ""price"": 149, ""quantity"": 2}, {""productId"": 7, ""name"": ""Pechopak - Meal"", ""price"": 169, ""quantity"": 1}, {""productId"": 8, ""name"": ""Liempo - Meal"", ""price"": 189, ""quantity"": 1}], ""order_mode"": ""REGULAR""}, ""android_id"": null, ""total"": ""656.00"", ""completed_at"": ""2026-04-28T12:00:00+08:00"", ""order"": 161}",,9740578,,,"[{""productId"": 10, ""name"": ""Leg - Meal"", ""price"": 149, ""quantity"": 2}, {""productId"": 7, ""name"": ""Pechopak - Meal"", ""price"": 169, ""quantity"": 1}, {""productId"": 8, ""name"": ""Liempo - Meal"", ""price"": 189, ""quantity"": 1}]",656.00,COMPLETED,walk-in,,,False,REGULAR,2026-06-04T03:46:30.114442+08:00,2026-06-04T03:46:30.114442+08:00
162,"{""id"": 141, ""order_detail"": {""id"": 162, ""slip_number"": ""9740579"", ""order_type"": """", ""payment_method"": """", ""table_number"": """", ""items_json"": [{""productId"": 11, ""name"": ""Wings - Unli"", ""price"": 139, ""quantity"": 1}], ""order_mode"": ""REGULAR""}, ""android_id"": null, ""total"": ""139.00"", ""completed_at"": ""2026-04-28T12:00:00+08:00"", ""order"": 162}",,9740579,,,"[{""productId"": 11, ""name"": ""Wings - Unli"", ""price"": 139, ""quantity"": 1}]",139.00,COMPLETED,walk-in,,,False,REGULAR,2026-06-04T03:46:30.110614+08:00,2026-06-04T03:46:30.110614+08:00
163,"{""id"": 142, ""order_detail"": {""id"": 163, ""slip_number"": ""9740580"", ""order_type"": """", ""payment_method"": """", ""table_number"": """", ""items_json"": [{""productId"": 10, ""name"": ""Leg - Meal"", ""price"": 149, ""quantity"": 1}, {""productId"": 10, ""name"": ""Leg - Unli"", ""price"": 159, ""quantity"": 3}, {""productId"": 8, ""name"": ""Liempo - Unli"", ""price"": 199, ""quantity"": 2}, {""productId"": 9, ""name"": ""BBQ - Meal"", ""price"": 139, ""quantity"": 3}], ""order_mode"": ""REGULAR""}, ""android_id"": null, ""total"": ""1441.00"", ""completed_at"": ""2026-04-28T12:00:00+08:00"", ""order"": 163}",,9740580,,,"[{""productId"": 10, ""name"": ""Leg - Meal"", ""price"": 149, ""quantity"": 1}, {""productId"": 10, ""name"": ""Leg - Unli"", ""price"": 159, ""quantity"": 3}, {""productId"": 8, ""name"": ""Liempo - Unli"", ""price"": 199, ""quantity"": 2}, {""productId"": 9, ""name"": ""BBQ - Meal"", ""price"": 139, ""quantity"": 3}]",1441.00,COMPLETED,walk-in,,,False,REGULAR,2026-06-04T03:46:30.076303+08:00,2026-06-04T03:46:30.076303+08:00
164,"{""id"": 143, ""order_detail"": {""id"": 164, ""slip_number"": ""9740681"", ""order_type"": """", ""payment_method"": """", ""table_number"": """", ""items_json"": [{""productId"": 11, ""name"": ""Wings - Unli"", ""price"": 139, ""quantity"": 1}, {""productId"": 8, ""name"": ""Liempo - Unli"", ""price"": 199, ""quantity"": 1}], ""order_mode"": ""REGULAR""}, ""android_id"": null, ""total"": ""338.00"", ""completed_at"": ""2026-04-28T12:00:00+08:00"", ""order"": 164}",,9740681,,,"[{""productId"": 11, ""name"": ""Wings - Unli"", ""price"": 139, ""quantity"": 1}, {""productId"": 8, ""name"": ""Liempo - Unli"", ""price"": 199, ""quantity"": 1}]",338.00,COMPLETED,walk-in,,,False,REGULAR,2026-06-04T03:46:30.064242+08:00,2026-06-04T03:46:30.064242+08:00
165,"{""id"": 144, ""order_detail"": {""id"": 165, ""slip_number"": ""9740682"", ""order_type"": """", ""payment_method"": """", ""table_number"": """", ""items_json"": [{""productId"": 10, ""name"": ""Leg - Unli"", ""price"": 159, ""quantity"": 1}], ""order_mode"": ""REGULAR""}, ""android_id"": null, ""total"": ""159.00"", ""completed_at"": ""2026-04-28T12:00:00+08:00"", ""order"": 165}",,9740682,,,"[{""productId"": 10, ""name"": ""Leg - Unli"", ""price"": 159, ""quantity"": 1}]",159.00,COMPLETED,walk-in,,,False,REGULAR,2026-06-04T03:46:30.061707+08:00,2026-06-04T03:46:30.061707+08:00
166,"{""id"": 145, ""order_detail"": {""id"": 166, ""slip_number"": ""9740683"", ""order_type"": """", ""payment_method"": """", ""table_number"": """", ""items_json"": [{""productId"": 10, ""name"": ""Leg - Meal"", ""price"": 149, ""quantity"": 1}, {""productId"": 7, ""name"": ""Pechopak - Meal"", ""price"": 169, ""quantity"": 1}, {""productId"": 0, ""name"": ""Delivery Fee 1"", ""price"": 0, ""quantity"": 1}], ""order_mode"": ""REGULAR""}, ""android_id"": null, ""total"": ""318.00"", ""completed_at"": ""2026-04-28T12:00:00+08:00"", ""order"": 166}",,9740683,,,"[{""productId"": 10, ""name"": ""Leg - Meal"", ""price"": 149, ""quantity"": 1}, {""productId"": 7, ""name"": ""Pechopak - Meal"", ""price"": 169, ""quantity"": 1}, {""productId"": 0, ""name"": ""Delivery Fee 1"", ""price"": 0, ""quantity"": 1}]",318.00,COMPLETED,walk-in,,,False,REGULAR,2026-06-04T03:46:30.040929+08:00,2026-06-04T03:46:30.040929+08:00
167,"{""id"": 146, ""order_detail"": {""id"": 167, ""slip_number"": ""9740684"", ""order_type"": """", ""payment_method"": """", ""table_number"": """", ""items_json"": [{""productId"": 7, ""name"": ""Pechopak - Unli"", ""price"": 179, ""quantity"": 1}, {""productId"": 11, ""name"": ""Wings - Meal"", ""price"": 129, ""quantity"": 1}], ""order_mode"": ""REGULAR""}, ""android_id"": null, ""total"": ""308.00"", ""completed_at"": ""2026-04-28T12:00:00+08:00"", ""order"": 167}",,9740684,,,"[{""productId"": 7, ""name"": ""Pechopak - Unli"", ""price"": 179, ""quantity"": 1}, {""productId"": 11, ""name"": ""Wings - Meal"", ""price"": 129, ""quantity"": 1}]",308.00,COMPLETED,walk-in,,,False,REGULAR,2026-06-04T03:46:30.037767+08:00,2026-06-04T03:46:30.037767+08:00
168,"{""id"": 147, ""order_detail"": {""id"": 168, ""slip_number"": ""9740685"", ""order_type"": """", ""payment_method"": """", ""table_number"": """", ""items_json"": [{""productId"": 10, ""name"": ""Leg - Unli"", ""price"": 159, ""quantity"": 1}, {""productId"": 7, ""name"": ""Pechopak - Unli"", ""price"": 179, ""quantity"": 2}, {""productId"": 8, ""name"": ""Liempo - Unli"", ""price"": 199, ""quantity"": 1}], ""order_mode"": ""REGULAR""}, ""android_id"": null, ""total"": ""716.00"", ""completed_at"": ""2026-04-28T12:00:00+08:00"", ""order"": 168}",,9740685,,,"[{""productId"": 10, ""name"": ""Leg - Unli"", ""price"": 159, ""quantity"": 1}, {""productId"": 7, ""name"": ""Pechopak - Unli"", ""price"": 179, ""quantity"": 2}, {""productId"": 8, ""name"": ""Liempo - Unli"", ""price"": 199, ""quantity"": 1}]",716.00,COMPLETED,walk-in,,,False,REGULAR,2026-06-04T03:46:30.023957+08:00,2026-06-04T03:46:30.024963+08:00
169,"{""id"": 148, ""order_detail"": {""id"": 169, ""slip_number"": ""9740686"", ""order_type"": """", ""payment_method"": """", ""table_number"": """", ""items_json"": [{""productId"": 7, ""name"": ""Pechopak - Unli"", ""price"": 179, ""quantity"": 1}, {""productId"": 8, ""name"": ""Liempo - Meal"", ""price"": 189, ""quantity"": 1}], ""order_mode"": ""REGULAR""}, ""android_id"": null, ""total"": ""368.00"", ""completed_at"": ""2026-04-28T12:00:00+08:00"", ""order"": 169}",,9740686,,,"[{""productId"": 7, ""name"": ""Pechopak - Unli"", ""price"": 179, ""quantity"": 1}, {""productId"": 8, ""name"": ""Liempo - Meal"", ""price"": 189, ""quantity"": 1}]",368.00,COMPLETED,walk-in,,,False,REGULAR,2026-06-04T03:46:30.009849+08:00,2026-06-04T03:46:30.009849+08:00
170,"{""id"": 149, ""order_detail"": {""id"": 170, ""slip_number"": ""9740687"", ""order_type"": """", ""payment_method"": """", ""table_number"": """", ""items_json"": [{""productId"": 7, ""name"": ""Pechopak - Unli"", ""price"": 179, ""quantity"": 3}], ""order_mode"": ""REGULAR""}, ""android_id"": null, ""total"": ""537.00"", ""completed_at"": ""2026-04-28T12:00:00+08:00"", ""order"": 170}",,9740687,,,"[{""productId"": 7, ""name"": ""Pechopak - Unli"", ""price"": 179, ""quantity"": 3}]",537.00,COMPLETED,walk-in,,,False,REGULAR,2026-06-04T03:46:29.983829+08:00,2026-06-04T03:46:29.983829+08:00
171,"{""id"": 150, ""order_detail"": {""id"": 171, ""slip_number"": ""9740688"", ""order_type"": """", ""payment_method"": """", ""table_number"": """", ""items_json"": [{""productId"": 8, ""name"": ""Liempo - Unli"", ""price"": 199, ""quantity"": 2}], ""order_mode"": ""REGULAR""}, ""android_id"": null, ""total"": ""398.00"", ""completed_at"": ""2026-04-28T12:00:00+08:00"", ""order"": 171}",,9740688,,,"[{""productId"": 8, ""name"": ""Liempo - Unli"", ""price"": 199, ""quantity"": 2}]",398.00,COMPLETED,walk-in,,,False,REGULAR,2026-06-04T03:46:29.956436+08:00,2026-06-04T03:46:29.956436+08:00
172,"{""id"": 151, ""order_detail"": {""id"": 172, ""slip_number"": ""9740689"", ""order_type"": """", ""payment_method"": """", ""table_number"": """", ""items_json"": [{""productId"": 9, ""name"": ""BBQ - Meal"", ""price"": 139, ""quantity"": 1}], ""order_mode"": ""REGULAR""}, ""android_id"": null, ""total"": ""139.00"", ""completed_at"": ""2026-04-28T12:00:00+08:00"", ""order"": 172}",,9740689,,,"[{""productId"": 9, ""name"": ""BBQ - Meal"", ""price"": 139, ""quantity"": 1}]",139.00,COMPLETED,walk-in,,,False,REGULAR,2026-06-04T03:46:29.944918+08:00,2026-06-04T03:46:29.944918+08:00
173,"{""id"": 152, ""order_detail"": {""id"": 173, ""slip_number"": ""9740690"", ""order_type"": """", ""payment_method"": """", ""table_number"": """", ""items_json"": [{""productId"": 10, ""name"": ""Leg - Unli"", ""price"": 159, ""quantity"": 1}], ""order_mode"": ""REGULAR""}, ""android_id"": null, ""total"": ""159.00"", ""completed_at"": ""2026-04-28T12:00:00+08:00"", ""order"": 173}",,9740690,,,"[{""productId"": 10, ""name"": ""Leg - Unli"", ""price"": 159, ""quantity"": 1}]",159.00,COMPLETED,walk-in,,,False,REGULAR,2026-06-04T03:46:29.942549+08:00,2026-06-04T03:46:29.942549+08:00
174,"{""id"": 153, ""order_detail"": {""id"": 174, ""slip_number"": ""9740691"", ""order_type"": """", ""payment_method"": """", ""table_number"": """", ""items_json"": [{""productId"": 9, ""name"": ""BBQ - Meal"", ""price"": 139, ""quantity"": 1}], ""order_mode"": ""REGULAR""}, ""android_id"": null, ""total"": ""139.00"", ""completed_at"": ""2026-04-28T12:00:00+08:00"", ""order"": 174}",,9740691,,,"[{""productId"": 9, ""name"": ""BBQ - Meal"", ""price"": 139, ""quantity"": 1}]",139.00,COMPLETED,walk-in,,,False,REGULAR,2026-06-04T03:46:29.919058+08:00,2026-06-04T03:46:29.919058+08:00
175,"{""id"": 154, ""order_detail"": {""id"": 175, ""slip_number"": ""6049621"", ""order_type"": """", ""payment_method"": """", ""table_number"": """", ""items_json"": [{""productId"": 7, ""name"": ""Pechopak - Unli"", ""price"": 179, ""quantity"": 1}, {""productId"": 0, ""name"": ""Pakpak solo (temp 100)"", ""price"": 0, ""quantity"": 1}, {""productId"": 7, ""name"": ""Pechopak - Meal"", ""price"": 169, ""quantity"": 1}], ""order_mode"": ""REGULAR""}, ""android_id"": null, ""total"": ""348.00"", ""completed_at"": ""2026-04-29T12:00:00+08:00"", ""order"": 175}",,6049621,,,"[{""productId"": 7, ""name"": ""Pechopak - Unli"", ""price"": 179, ""quantity"": 1}, {""productId"": 0, ""name"": ""Pakpak solo (temp 100)"", ""price"": 0, ""quantity"": 1}, {""productId"": 7, ""name"": ""Pechopak - Meal"", ""price"": 169, ""quantity"": 1}]",348.00,COMPLETED,walk-in,,,False,REGULAR,2026-06-04T03:46:29.905560+08:00,2026-06-04T03:46:29.905560+08:00
176,"{""id"": 155, ""order_detail"": {""id"": 176, ""slip_number"": ""6049622"", ""order_type"": """", ""payment_method"": """", ""table_number"": """", ""items_json"": [{""productId"": 10, ""name"": ""Leg - Unli"", ""price"": 159, ""quantity"": 2}], ""order_mode"": ""REGULAR""}, ""android_id"": null, ""total"": ""318.00"", ""completed_at"": ""2026-04-29T12:00:00+08:00"", ""order"": 176}",,6049622,,,"[{""productId"": 10, ""name"": ""Leg - Unli"", ""price"": 159, ""quantity"": 2}]",318.00,COMPLETED,walk-in,,,False,REGULAR,2026-06-04T03:46:29.883033+08:00,2026-06-04T03:46:29.883033+08:00
177,"{""id"": 156, ""order_detail"": {""id"": 177, ""slip_number"": ""6049623"", ""order_type"": """", ""payment_method"": """", ""table_number"": """", ""items_json"": [{""productId"": 0, ""name"": ""Heavygat na Pechopak (temp 160)"", ""price"": 0, ""quantity"": 2}, {""productId"": 0, ""name"": ""BBQ na siksik solo (temp 130)"", ""price"": 0, ""quantity"": 2}], ""order_mode"": ""REGULAR""}, ""android_id"": null, ""total"": ""0.00"", ""completed_at"": ""2026-04-29T12:00:00+08:00"", ""order"": 177}",,6049623,,,"[{""productId"": 0, ""name"": ""Heavygat na Pechopak (temp 160)"", ""price"": 0, ""quantity"": 2}, {""productId"": 0, ""name"": ""BBQ na siksik solo (temp 130)"", ""price"": 0, ""quantity"": 2}]",0.00,COMPLETED,walk-in,,,False,REGULAR,2026-06-04T03:46:29.880879+08:00,2026-06-04T03:46:29.880879+08:00
178,"{""id"": 157, ""order_detail"": {""id"": 178, ""slip_number"": ""6049624"", ""order_type"": """", ""payment_method"": """", ""table_number"": """", ""items_json"": [{""productId"": 11, ""name"": ""Wings - Unli"", ""price"": 139, ""quantity"": 2}], ""order_mode"": ""REGULAR""}, ""android_id"": null, ""total"": ""278.00"", ""completed_at"": ""2026-04-29T12:00:00+08:00"", ""order"": 178}",,6049624,,,"[{""productId"": 11, ""name"": ""Wings - Unli"", ""price"": 139, ""quantity"": 2}]",278.00,COMPLETED,walk-in,,,False,REGULAR,2026-06-04T03:46:29.867294+08:00,2026-06-04T03:46:29.867294+08:00
179,"{""id"": 158, ""order_detail"": {""id"": 179, ""slip_number"": ""6049625"", ""order_type"": """", ""payment_method"": """", ""table_number"": """", ""items_json"": [{""productId"": 10, ""name"": ""Leg - Meal"", ""price"": 149, ""quantity"": 1}], ""order_mode"": ""REGULAR""}, ""android_id"": null, ""total"": ""149.00"", ""completed_at"": ""2026-04-29T12:00:00+08:00"", ""order"": 179}",,6049625,,,"[{""productId"": 10, ""name"": ""Leg - Meal"", ""price"": 149, ""quantity"": 1}]",149.00,COMPLETED,walk-in,,,False,REGULAR,2026-06-04T03:46:29.844496+08:00,2026-06-04T03:46:29.844496+08:00
180,"{""id"": 159, ""order_detail"": {""id"": 180, ""slip_number"": ""6049626"", ""order_type"": """", ""payment_method"": """", ""table_number"": """", ""items_json"": [{""productId"": 7, ""name"": ""Pechopak - Unli"", ""price"": 179, ""quantity"": 2}, {""productId"": 10, ""name"": ""Leg - Unli"", ""price"": 159, ""quantity"": 2}], ""order_mode"": ""REGULAR""}, ""android_id"": null, ""total"": ""676.00"", ""completed_at"": ""2026-04-29T12:00:00+08:00"", ""order"": 180}",,6049626,,,"[{""productId"": 7, ""name"": ""Pechopak - Unli"", ""price"": 179, ""quantity"": 2}, {""productId"": 10, ""name"": ""Leg - Unli"", ""price"": 159, ""quantity"": 2}]",676.00,COMPLETED,walk-in,,,False,REGULAR,2026-06-04T03:46:29.831809+08:00,2026-06-04T03:46:29.831809+08:00
181,"{""id"": 160, ""order_detail"": {""id"": 181, ""slip_number"": ""6049627"", ""order_type"": """", ""payment_method"": """", ""table_number"": """", ""items_json"": [{""productId"": 10, ""name"": ""Leg - Unli"", ""price"": 159, ""quantity"": 2}], ""order_mode"": ""REGULAR""}, ""android_id"": null, ""total"": ""318.00"", ""completed_at"": ""2026-04-29T12:00:00+08:00"", ""order"": 181}",,6049627,,,"[{""productId"": 10, ""name"": ""Leg - Unli"", ""price"": 159, ""quantity"": 2}]",318.00,COMPLETED,walk-in,,,False,REGULAR,2026-06-04T03:46:29.816683+08:00,2026-06-04T03:46:29.816683+08:00
182,"{""id"": 161, ""order_detail"": {""id"": 182, ""slip_number"": ""6049628"", ""order_type"": """", ""payment_method"": """", ""table_number"": """", ""items_json"": [{""productId"": 7, ""name"": ""Pechopak - Unli"", ""price"": 179, ""quantity"": 1}, {""productId"": 0, ""name"": ""Delivery Fee 1"", ""price"": 0, ""quantity"": 1}], ""order_mode"": ""REGULAR""}, ""android_id"": null, ""total"": ""179.00"", ""completed_at"": ""2026-04-29T12:00:00+08:00"", ""order"": 182}",,6049628,,,"[{""productId"": 7, ""name"": ""Pechopak - Unli"", ""price"": 179, ""quantity"": 1}, {""productId"": 0, ""name"": ""Delivery Fee 1"", ""price"": 0, ""quantity"": 1}]",179.00,COMPLETED,walk-in,,,False,REGULAR,2026-06-04T03:46:29.803083+08:00,2026-06-04T03:46:29.803083+08:00
183,"{""id"": 162, ""order_detail"": {""id"": 183, ""slip_number"": ""6049629"", ""order_type"": """", ""payment_method"": """", ""table_number"": """", ""items_json"": [{""productId"": 7, ""name"": ""Pechopak - Only"", ""price"": 159, ""quantity"": 1}], ""order_mode"": ""REGULAR""}, ""android_id"": null, ""total"": ""159.00"", ""completed_at"": ""2026-04-29T12:00:00+08:00"", ""order"": 183}",,6049629,,,"[{""productId"": 7, ""name"": ""Pechopak - Only"", ""price"": 159, ""quantity"": 1}]",159.00,COMPLETED,walk-in,,,False,REGULAR,2026-06-04T03:46:29.779984+08:00,2026-06-04T03:46:29.779984+08:00
184,"{""id"": 163, ""order_detail"": {""id"": 184, ""slip_number"": ""6049630"", ""order_type"": """", ""payment_method"": """", ""table_number"": """", ""items_json"": [{""productId"": 11, ""name"": ""Wings - Meal"", ""price"": 129, ""quantity"": 1}, {""productId"": 9, ""name"": ""BBQ - Meal"", ""price"": 139, ""quantity"": 1}, {""productId"": 5, ""name"": ""Sprite - 1 Glass"", ""price"": 30, ""quantity"": 2}], ""order_mode"": ""REGULAR""}, ""android_id"": null, ""total"": ""328.00"", ""completed_at"": ""2026-04-29T12:00:00+08:00"", ""order"": 184}",,6049630,,,"[{""productId"": 11, ""name"": ""Wings - Meal"", ""price"": 129, ""quantity"": 1}, {""productId"": 9, ""name"": ""BBQ - Meal"", ""price"": 139, ""quantity"": 1}, {""productId"": 5, ""name"": ""Sprite - 1 Glass"", ""price"": 30, ""quantity"": 2}]",328.00,COMPLETED,walk-in,,,False,REGULAR,2026-06-04T03:46:29.767107+08:00,2026-06-04T03:46:29.767107+08:00
185,"{""id"": 164, ""order_detail"": {""id"": 185, ""slip_number"": ""6049631"", ""order_type"": """", ""payment_method"": """", ""table_number"": """", ""items_json"": [{""productId"": 9, ""name"": ""BBQ - Unli"", ""price"": 149, ""quantity"": 1}], ""order_mode"": ""REGULAR""}, ""android_id"": null, ""total"": ""149.00"", ""completed_at"": ""2026-04-29T12:00:00+08:00"", ""order"": 185}",,6049631,,,"[{""productId"": 9, ""name"": ""BBQ - Unli"", ""price"": 149, ""quantity"": 1}]",149.00,COMPLETED,walk-in,,,False,REGULAR,2026-06-04T03:46:29.755295+08:00,2026-06-04T03:46:29.755295+08:00
186,"{""id"": 165, ""order_detail"": {""id"": 186, ""slip_number"": ""6049632"", ""order_type"": """", ""payment_method"": """", ""table_number"": """", ""items_json"": [{""productId"": 7, ""name"": ""Pechopak - Unli"", ""price"": 179, ""quantity"": 2}], ""order_mode"": ""REGULAR""}, ""android_id"": null, ""total"": ""358.00"", ""completed_at"": ""2026-04-29T12:00:00+08:00"", ""order"": 186}",,6049632,,,"[{""productId"": 7, ""name"": ""Pechopak - Unli"", ""price"": 179, ""quantity"": 2}]",358.00,COMPLETED,walk-in,,,False,REGULAR,2026-06-04T03:46:29.743928+08:00,2026-06-04T03:46:29.743928+08:00
187,"{""id"": 166, ""order_detail"": {""id"": 187, ""slip_number"": ""6049633"", ""order_type"": """", ""payment_method"": """", ""table_number"": """", ""items_json"": [{""productId"": 10, ""name"": ""Leg - Unli"", ""price"": 159, ""quantity"": 1}], ""order_mode"": ""REGULAR""}, ""android_id"": null, ""total"": ""159.00"", ""completed_at"": ""2026-04-29T12:00:00+08:00"", ""order"": 187}",,6049633,,,"[{""productId"": 10, ""name"": ""Leg - Unli"", ""price"": 159, ""quantity"": 1}]",159.00,COMPLETED,walk-in,,,False,REGULAR,2026-06-04T03:46:29.729742+08:00,2026-06-04T03:46:29.729742+08:00
188,"{""id"": 167, ""order_detail"": {""id"": 188, ""slip_number"": ""6049634"", ""order_type"": """", ""payment_method"": """", ""table_number"": """", ""items_json"": [{""productId"": 7, ""name"": ""Pechopak - Unli"", ""price"": 179, ""quantity"": 1}, {""productId"": 9, ""name"": ""BBQ - Unli"", ""price"": 149, ""quantity"": 1}], ""order_mode"": ""REGULAR""}, ""android_id"": null, ""total"": ""328.00"", ""completed_at"": ""2026-04-29T12:00:00+08:00"", ""order"": 188}",,6049634,,,"[{""productId"": 7, ""name"": ""Pechopak - Unli"", ""price"": 179, ""quantity"": 1}, {""productId"": 9, ""name"": ""BBQ - Unli"", ""price"": 149, ""quantity"": 1}]",328.00,COMPLETED,walk-in,,,False,REGULAR,2026-06-04T03:46:29.716687+08:00,2026-06-04T03:46:29.716687+08:00
189,"{""id"": 168, ""order_detail"": {""id"": 189, ""slip_number"": ""6049635"", ""order_type"": """", ""payment_method"": """", ""table_number"": """", ""items_json"": [{""productId"": 7, ""name"": ""Pechopak - Unli"", ""price"": 179, ""quantity"": 1}], ""order_mode"": ""REGULAR""}, ""android_id"": null, ""total"": ""179.00"", ""completed_at"": ""2026-04-29T12:00:00+08:00"", ""order"": 189}",,6049635,,,"[{""productId"": 7, ""name"": ""Pechopak - Unli"", ""price"": 179, ""quantity"": 1}]",179.00,COMPLETED,walk-in,,,False,REGULAR,2026-06-04T03:46:29.693303+08:00,2026-06-04T03:46:29.693303+08:00
190,"{""id"": 169, ""order_detail"": {""id"": 190, ""slip_number"": ""6049636"", ""order_type"": """", ""payment_method"": """", ""table_number"": """", ""items_json"": [{""productId"": 7, ""name"": ""Pechopak - Unli"", ""price"": 179, ""quantity"": 1}], ""order_mode"": ""REGULAR""}, ""android_id"": null, ""total"": ""179.00"", ""completed_at"": ""2026-04-29T12:00:00+08:00"", ""order"": 190}",,6049636,,,"[{""productId"": 7, ""name"": ""Pechopak - Unli"", ""price"": 179, ""quantity"": 1}]",179.00,COMPLETED,walk-in,,,False,REGULAR,2026-06-04T03:46:29.679714+08:00,2026-06-04T03:46:29.679714+08:00
191,"{""id"": 170, ""order_detail"": {""id"": 191, ""slip_number"": ""6049637"", ""order_type"": """", ""payment_method"": """", ""table_number"": """", ""items_json"": [{""productId"": 10, ""name"": ""Leg - Meal"", ""price"": 149, ""quantity"": 2}, {""productId"": 10, ""name"": ""Leg - Unli"", ""price"": 159, ""quantity"": 1}], ""order_mode"": ""REGULAR""}, ""android_id"": null, ""total"": ""457.00"", ""completed_at"": ""2026-04-29T12:00:00+08:00"", ""order"": 191}",,6049637,,,"[{""productId"": 10, ""name"": ""Leg - Meal"", ""price"": 149, ""quantity"": 2}, {""productId"": 10, ""name"": ""Leg - Unli"", ""price"": 159, ""quantity"": 1}]",457.00,COMPLETED,walk-in,,,False,REGULAR,2026-06-04T03:46:29.667082+08:00,2026-06-04T03:46:29.667082+08:00
192,"{""id"": 171, ""order_detail"": {""id"": 192, ""slip_number"": ""6049638"", ""order_type"": """", ""payment_method"": """", ""table_number"": """", ""items_json"": [{""productId"": 10, ""name"": ""Leg - Unli"", ""price"": 159, ""quantity"": 1}, {""productId"": 7, ""name"": ""Pechopak - Unli"", ""price"": 179, ""quantity"": 1}], ""order_mode"": ""REGULAR""}, ""android_id"": null, ""total"": ""338.00"", ""completed_at"": ""2026-04-29T12:00:00+08:00"", ""order"": 192}",,6049638,,,"[{""productId"": 10, ""name"": ""Leg - Unli"", ""price"": 159, ""quantity"": 1}, {""productId"": 7, ""name"": ""Pechopak - Unli"", ""price"": 179, ""quantity"": 1}]",338.00,COMPLETED,walk-in,,,False,REGULAR,2026-06-04T03:46:29.663958+08:00,2026-06-04T03:46:29.663958+08:00
193,"{""id"": 172, ""order_detail"": {""id"": 193, ""slip_number"": ""6049639"", ""order_type"": """", ""payment_method"": """", ""table_number"": """", ""items_json"": [{""productId"": 10, ""name"": ""Leg - Unli"", ""price"": 159, ""quantity"": 1}, {""productId"": 10, ""name"": ""Leg - Meal"", ""price"": 149, ""quantity"": 1}, {""productId"": 8, ""name"": ""Liempo - Unli"", ""price"": 199, ""quantity"": 2}, {""productId"": 1, ""name"": ""Coke - 1 Glass"", ""price"": 30, ""quantity"": 4}], ""order_mode"": ""REGULAR""}, ""android_id"": null, ""total"": ""826.00"", ""completed_at"": ""2026-04-29T12:00:00+08:00"", ""order"": 193}",,6049639,,,"[{""productId"": 10, ""name"": ""Leg - Unli"", ""price"": 159, ""quantity"": 1}, {""productId"": 10, ""name"": ""Leg - Meal"", ""price"": 149, ""quantity"": 1}, {""productId"": 8, ""name"": ""Liempo - Unli"", ""price"": 199, ""quantity"": 2}, {""productId"": 1, ""name"": ""Coke - 1 Glass"", ""price"": 30, ""quantity"": 4}]",826.00,COMPLETED,walk-in,,,False,REGULAR,2026-06-04T03:46:29.649689+08:00,2026-06-04T03:46:29.649689+08:00
194,"{""id"": 173, ""order_detail"": {""id"": 194, ""slip_number"": ""6049640"", ""order_type"": """", ""payment_method"": """", ""table_number"": """", ""items_json"": [{""productId"": 7, ""name"": ""Pechopak - Meal"", ""price"": 169, ""quantity"": 1}], ""order_mode"": ""REGULAR""}, ""android_id"": null, ""total"": ""169.00"", ""completed_at"": ""2026-04-29T12:00:00+08:00"", ""order"": 194}",,6049640,,,"[{""productId"": 7, ""name"": ""Pechopak - Meal"", ""price"": 169, ""quantity"": 1}]",169.00,COMPLETED,walk-in,,,False,REGULAR,2026-06-04T03:46:29.625725+08:00,2026-06-04T03:46:29.625725+08:00
195,"{""id"": 174, ""order_detail"": {""id"": 195, ""slip_number"": ""6049641"", ""order_type"": """", ""payment_method"": """", ""table_number"": """", ""items_json"": [{""productId"": 10, ""name"": ""Leg - Meal"", ""price"": 149, ""quantity"": 1}, {""productId"": 7, ""name"": ""Pechopak - Meal"", ""price"": 169, ""quantity"": 1}], ""order_mode"": ""REGULAR""}, ""android_id"": null, ""total"": ""318.00"", ""completed_at"": ""2026-04-29T12:00:00+08:00"", ""order"": 195}",,6049641,,,"[{""productId"": 10, ""name"": ""Leg - Meal"", ""price"": 149, ""quantity"": 1}, {""productId"": 7, ""name"": ""Pechopak - Meal"", ""price"": 169, ""quantity"": 1}]",318.00,COMPLETED,walk-in,,,False,REGULAR,2026-06-04T03:46:29.611784+08:00,2026-06-04T03:46:29.613370+08:00
196,"{""id"": 175, ""order_detail"": {""id"": 196, ""slip_number"": ""6049642"", ""order_type"": """", ""payment_method"": """", ""table_number"": """", ""items_json"": [{""productId"": 7, ""name"": ""Pechopak - Only"", ""price"": 159, ""quantity"": 2}], ""order_mode"": ""REGULAR""}, ""android_id"": null, ""total"": ""318.00"", ""completed_at"": ""2026-04-29T12:00:00+08:00"", ""order"": 196}",,6049642,,,"[{""productId"": 7, ""name"": ""Pechopak - Only"", ""price"": 159, ""quantity"": 2}]",318.00,COMPLETED,walk-in,,,False,REGULAR,2026-06-04T03:46:29.586664+08:00,2026-06-04T03:46:29.586664+08:00
197,"{""id"": 176, ""order_detail"": {""id"": 197, ""slip_number"": ""6049643"", ""order_type"": """", ""payment_method"": """", ""table_number"": """", ""items_json"": [{""productId"": 11, ""name"": ""Wings - Unli"", ""price"": 139, ""quantity"": 1}, {""productId"": 1, ""name"": ""Coke - 1 Glass"", ""price"": 30, ""quantity"": 1}], ""order_mode"": ""REGULAR""}, ""android_id"": null, ""total"": ""169.00"", ""completed_at"": ""2026-04-29T12:00:00+08:00"", ""order"": 197}",,6049643,,,"[{""productId"": 11, ""name"": ""Wings - Unli"", ""price"": 139, ""quantity"": 1}, {""productId"": 1, ""name"": ""Coke - 1 Glass"", ""price"": 30, ""quantity"": 1}]",169.00,COMPLETED,walk-in,,,False,REGULAR,2026-06-04T03:46:29.572347+08:00,2026-06-04T03:46:29.572347+08:00
198,"{""id"": 177, ""order_detail"": {""id"": 198, ""slip_number"": ""6049644"", ""order_type"": """", ""payment_method"": """", ""table_number"": """", ""items_json"": [{""productId"": 10, ""name"": ""Leg - Unli"", ""price"": 159, ""quantity"": 1}], ""order_mode"": ""REGULAR""}, ""android_id"": null, ""total"": ""159.00"", ""completed_at"": ""2026-04-29T12:00:00+08:00"", ""order"": 198}",,6049644,,,"[{""productId"": 10, ""name"": ""Leg - Unli"", ""price"": 159, ""quantity"": 1}]",159.00,COMPLETED,walk-in,,,False,REGULAR,2026-06-04T03:46:29.559819+08:00,2026-06-04T03:46:29.559819+08:00
199,"{""id"": 178, ""order_detail"": {""id"": 199, ""slip_number"": ""6049645"", ""order_type"": """", ""payment_method"": """", ""table_number"": """", ""items_json"": [{""productId"": 7, ""name"": ""Pechopak - Meal"", ""price"": 169, ""quantity"": 4}, {""productId"": 10, ""name"": ""Leg - Meal"", ""price"": 149, ""quantity"": 3}, {""productId"": 11, ""name"": ""Wings - Meal"", ""price"": 129, ""quantity"": 1}, {""productId"": 9, ""name"": ""BBQ - Meal"", ""price"": 139, ""quantity"": 1}, {""productId"": 0, ""name"": ""Delivery Fee 1"", ""price"": 0, ""quantity"": 1}], ""order_mode"": ""REGULAR""}, ""android_id"": null, ""total"": ""1391.00"", ""completed_at"": ""2026-04-30T12:00:00+08:00"", ""order"": 199}",,6049645,,,"[{""productId"": 7, ""name"": ""Pechopak - Meal"", ""price"": 169, ""quantity"": 4}, {""productId"": 10, ""name"": ""Leg - Meal"", ""price"": 149, ""quantity"": 3}, {""productId"": 11, ""name"": ""Wings - Meal"", ""price"": 129, ""quantity"": 1}, {""productId"": 9, ""name"": ""BBQ - Meal"", ""price"": 139, ""quantity"": 1}, {""productId"": 0, ""name"": ""Delivery Fee 1"", ""price"": 0, ""quantity"": 1}]",1391.00,COMPLETED,walk-in,,,False,REGULAR,2026-06-04T03:46:29.546532+08:00,2026-06-04T03:46:29.546532+08:00
200,"{""id"": 179, ""order_detail"": {""id"": 200, ""slip_number"": ""6049646"", ""order_type"": """", ""payment_method"": """", ""table_number"": """", ""items_json"": [{""productId"": 11, ""name"": ""Wings - One Piece Only"", ""price"": 69, ""quantity"": 3}], ""order_mode"": ""REGULAR""}, ""android_id"": null, ""total"": ""207.00"", ""completed_at"": ""2026-04-30T12:00:00+08:00"", ""order"": 200}",,6049646,,,"[{""productId"": 11, ""name"": ""Wings - One Piece Only"", ""price"": 69, ""quantity"": 3}]",207.00,COMPLETED,walk-in,,,False,REGULAR,2026-06-04T03:46:29.523065+08:00,2026-06-04T03:46:29.523065+08:00
201,"{""id"": 180, ""order_detail"": {""id"": 201, ""slip_number"": ""6049647"", ""order_type"": """", ""payment_method"": """", ""table_number"": """", ""items_json"": [{""productId"": 9, ""name"": ""BBQ - Only"", ""price"": 129, ""quantity"": 1}], ""order_mode"": ""REGULAR""}, ""android_id"": null, ""total"": ""129.00"", ""completed_at"": ""2026-04-30T12:00:00+08:00"", ""order"": 201}",,6049647,,,"[{""productId"": 9, ""name"": ""BBQ - Only"", ""price"": 129, ""quantity"": 1}]",129.00,COMPLETED,walk-in,,,False,REGULAR,2026-06-04T03:46:29.519970+08:00,2026-06-04T03:46:29.519970+08:00
202,"{""id"": 181, ""order_detail"": {""id"": 202, ""slip_number"": ""6049648"", ""order_type"": """", ""payment_method"": """", ""table_number"": """", ""items_json"": [{""productId"": 10, ""name"": ""Leg - Meal"", ""price"": 149, ""quantity"": 1}], ""order_mode"": ""REGULAR""}, ""android_id"": null, ""total"": ""149.00"", ""completed_at"": ""2026-04-30T12:00:00+08:00"", ""order"": 202}",,6049648,,,"[{""productId"": 10, ""name"": ""Leg - Meal"", ""price"": 149, ""quantity"": 1}]",149.00,COMPLETED,walk-in,,,False,REGULAR,2026-06-04T03:46:29.496840+08:00,2026-06-04T03:46:29.496840+08:00
203,"{""id"": 182, ""order_detail"": {""id"": 203, ""slip_number"": ""6049649"", ""order_type"": """", ""payment_method"": """", ""table_number"": """", ""items_json"": [{""productId"": 7, ""name"": ""Pechopak - Unli"", ""price"": 179, ""quantity"": 1}], ""order_mode"": ""REGULAR""}, ""android_id"": null, ""total"": ""179.00"", ""completed_at"": ""2026-04-30T12:00:00+08:00"", ""order"": 203}",,6049649,,,"[{""productId"": 7, ""name"": ""Pechopak - Unli"", ""price"": 179, ""quantity"": 1}]",179.00,COMPLETED,walk-in,,,False,REGULAR,2026-06-04T03:46:29.493804+08:00,2026-06-04T03:46:29.493804+08:00
204,"{""id"": 183, ""order_detail"": {""id"": 204, ""slip_number"": ""6049650"", ""order_type"": """", ""payment_method"": """", ""table_number"": """", ""items_json"": [{""productId"": 7, ""name"": ""Pechopak - Unli"", ""price"": 179, ""quantity"": 2}], ""order_mode"": ""REGULAR""}, ""android_id"": null, ""total"": ""358.00"", ""completed_at"": ""2026-04-30T12:00:00+08:00"", ""order"": 204}",,6049650,,,"[{""productId"": 7, ""name"": ""Pechopak - Unli"", ""price"": 179, ""quantity"": 2}]",358.00,COMPLETED,walk-in,,,False,REGULAR,2026-06-04T03:46:29.469541+08:00,2026-06-04T03:46:29.469541+08:00
205,"{""id"": 184, ""order_detail"": {""id"": 205, ""slip_number"": ""6049651"", ""order_type"": """", ""payment_method"": """", ""table_number"": """", ""items_json"": [{""productId"": 11, ""name"": ""Wings - Unli"", ""price"": 139, ""quantity"": 1}], ""order_mode"": ""REGULAR""}, ""android_id"": null, ""total"": ""139.00"", ""completed_at"": ""2026-04-30T12:00:00+08:00"", ""order"": 205}",,6049651,,,"[{""productId"": 11, ""name"": ""Wings - Unli"", ""price"": 139, ""quantity"": 1}]",139.00,COMPLETED,walk-in,,,False,REGULAR,2026-06-04T03:46:29.457102+08:00,2026-06-04T03:46:29.457102+08:00
206,"{""id"": 185, ""order_detail"": {""id"": 206, ""slip_number"": ""6049652"", ""order_type"": """", ""payment_method"": """", ""table_number"": """", ""items_json"": [{""productId"": 10, ""name"": ""Leg - Meal"", ""price"": 149, ""quantity"": 1}, {""productId"": 7, ""name"": ""Pechopak - Meal"", ""price"": 169, ""quantity"": 1}], ""order_mode"": ""REGULAR""}, ""android_id"": null, ""total"": ""318.00"", ""completed_at"": ""2026-04-30T12:00:00+08:00"", ""order"": 206}",,6049652,,,"[{""productId"": 10, ""name"": ""Leg - Meal"", ""price"": 149, ""quantity"": 1}, {""productId"": 7, ""name"": ""Pechopak - Meal"", ""price"": 169, ""quantity"": 1}]",318.00,COMPLETED,walk-in,,,False,REGULAR,2026-06-04T03:46:29.443834+08:00,2026-06-04T03:46:29.443834+08:00
207,"{""id"": 186, ""order_detail"": {""id"": 207, ""slip_number"": ""6049653"", ""order_type"": """", ""payment_method"": """", ""table_number"": """", ""items_json"": [{""productId"": 7, ""name"": ""Pechopak - Unli"", ""price"": 179, ""quantity"": 1}, {""productId"": 7, ""name"": ""Pechopak - Meal"", ""price"": 169, ""quantity"": 2}], ""order_mode"": ""REGULAR""}, ""android_id"": null, ""total"": ""517.00"", ""completed_at"": ""2026-04-30T12:00:00+08:00"", ""order"": 207}",,6049653,,,"[{""productId"": 7, ""name"": ""Pechopak - Unli"", ""price"": 179, ""quantity"": 1}, {""productId"": 7, ""name"": ""Pechopak - Meal"", ""price"": 169, ""quantity"": 2}]",517.00,COMPLETED,walk-in,,,False,REGULAR,2026-06-04T03:46:29.430132+08:00,2026-06-04T03:46:29.430132+08:00
208,"{""id"": 187, ""order_detail"": {""id"": 208, ""slip_number"": ""6049654"", ""order_type"": """", ""payment_method"": """", ""table_number"": """", ""items_json"": [{""productId"": 10, ""name"": ""Leg - Meal"", ""price"": 149, ""quantity"": 2}], ""order_mode"": ""REGULAR""}, ""android_id"": null, ""total"": ""298.00"", ""completed_at"": ""2026-04-30T12:00:00+08:00"", ""order"": 208}",,6049654,,,"[{""productId"": 10, ""name"": ""Leg - Meal"", ""price"": 149, ""quantity"": 2}]",298.00,COMPLETED,walk-in,,,False,REGULAR,2026-06-04T03:46:29.416156+08:00,2026-06-04T03:46:29.416156+08:00
209,"{""id"": 188, ""order_detail"": {""id"": 209, ""slip_number"": ""6049655"", ""order_type"": """", ""payment_method"": """", ""table_number"": """", ""items_json"": [{""productId"": 8, ""name"": ""Liempo - Meal"", ""price"": 189, ""quantity"": 1}, {""productId"": 10, ""name"": ""Leg - Unli"", ""price"": 159, ""quantity"": 1}], ""order_mode"": ""REGULAR""}, ""android_id"": null, ""total"": ""348.00"", ""completed_at"": ""2026-04-30T12:00:00+08:00"", ""order"": 209}",,6049655,,,"[{""productId"": 8, ""name"": ""Liempo - Meal"", ""price"": 189, ""quantity"": 1}, {""productId"": 10, ""name"": ""Leg - Unli"", ""price"": 159, ""quantity"": 1}]",348.00,COMPLETED,walk-in,,,False,REGULAR,2026-06-04T03:46:29.391774+08:00,2026-06-04T03:46:29.391774+08:00
210,"{""id"": 189, ""order_detail"": {""id"": 210, ""slip_number"": ""6049656"", ""order_type"": """", ""payment_method"": """", ""table_number"": """", ""items_json"": [{""productId"": 10, ""name"": ""Leg - Meal"", ""price"": 149, ""quantity"": 1}], ""order_mode"": ""REGULAR""}, ""android_id"": null, ""total"": ""149.00"", ""completed_at"": ""2026-04-30T12:00:00+08:00"", ""order"": 210}",,6049656,,,"[{""productId"": 10, ""name"": ""Leg - Meal"", ""price"": 149, ""quantity"": 1}]",149.00,COMPLETED,walk-in,,,False,REGULAR,2026-06-04T03:46:29.379752+08:00,2026-06-04T03:46:29.379752+08:00
211,"{""id"": 190, ""order_detail"": {""id"": 211, ""slip_number"": ""6049657"", ""order_type"": """", ""payment_method"": """", ""table_number"": """", ""items_json"": [{""productId"": 10, ""name"": ""Leg - Meal"", ""price"": 149, ""quantity"": 2}], ""order_mode"": ""REGULAR""}, ""android_id"": null, ""total"": ""298.00"", ""completed_at"": ""2026-04-30T12:00:00+08:00"", ""order"": 211}",,6049657,,,"[{""productId"": 10, ""name"": ""Leg - Meal"", ""price"": 149, ""quantity"": 2}]",298.00,COMPLETED,walk-in,,,False,REGULAR,2026-06-04T03:46:29.366570+08:00,2026-06-04T03:46:29.366570+08:00
212,"{""id"": 191, ""order_detail"": {""id"": 212, ""slip_number"": ""6049658"", ""order_type"": """", ""payment_method"": """", ""table_number"": """", ""items_json"": [{""productId"": 8, ""name"": ""Liempo - Meal"", ""price"": 189, ""quantity"": 1}, {""productId"": 9, ""name"": ""BBQ - Meal"", ""price"": 139, ""quantity"": 4}, {""productId"": 10, ""name"": ""Leg - Unli"", ""price"": 159, ""quantity"": 2}, {""productId"": 1, ""name"": ""Coke - 1 Glass"", ""price"": 30, ""quantity"": 4}], ""order_mode"": ""REGULAR""}, ""android_id"": null, ""total"": ""1183.00"", ""completed_at"": ""2026-04-30T12:00:00+08:00"", ""order"": 212}",,6049658,,,"[{""productId"": 8, ""name"": ""Liempo - Meal"", ""price"": 189, ""quantity"": 1}, {""productId"": 9, ""name"": ""BBQ - Meal"", ""price"": 139, ""quantity"": 4}, {""productId"": 10, ""name"": ""Leg - Unli"", ""price"": 159, ""quantity"": 2}, {""productId"": 1, ""name"": ""Coke - 1 Glass"", ""price"": 30, ""quantity"": 4}]",1183.00,COMPLETED,walk-in,,,False,REGULAR,2026-06-04T03:46:29.351842+08:00,2026-06-04T03:46:29.351842+08:00
213,"{""id"": 192, ""order_detail"": {""id"": 213, ""slip_number"": ""6049659"", ""order_type"": """", ""payment_method"": """", ""table_number"": """", ""items_json"": [{""productId"": 10, ""name"": ""Leg - Only"", ""price"": 139, ""quantity"": 1}], ""order_mode"": ""REGULAR""}, ""android_id"": null, ""total"": ""139.00"", ""completed_at"": ""2026-04-30T12:00:00+08:00"", ""order"": 213}",,6049659,,,"[{""productId"": 10, ""name"": ""Leg - Only"", ""price"": 139, ""quantity"": 1}]",139.00,COMPLETED,walk-in,,,False,REGULAR,2026-06-04T03:46:29.338433+08:00,2026-06-04T03:46:29.338433+08:00
214,"{""id"": 193, ""order_detail"": {""id"": 214, ""slip_number"": ""6049660"", ""order_type"": """", ""payment_method"": """", ""table_number"": """", ""items_json"": [{""productId"": 10, ""name"": ""Leg - Unli"", ""price"": 159, ""quantity"": 2}, {""productId"": 9, ""name"": ""BBQ - Meal"", ""price"": 139, ""quantity"": 1}], ""order_mode"": ""REGULAR""}, ""android_id"": null, ""total"": ""457.00"", ""completed_at"": ""2026-04-30T12:00:00+08:00"", ""order"": 214}",,6049660,,,"[{""productId"": 10, ""name"": ""Leg - Unli"", ""price"": 159, ""quantity"": 2}, {""productId"": 9, ""name"": ""BBQ - Meal"", ""price"": 139, ""quantity"": 1}]",457.00,COMPLETED,walk-in,,,False,REGULAR,2026-06-04T03:46:29.322716+08:00,2026-06-04T03:46:29.322716+08:00
215,"{""id"": 194, ""order_detail"": {""id"": 215, ""slip_number"": ""9740692"", ""order_type"": """", ""payment_method"": """", ""table_number"": """", ""items_json"": [{""productId"": 11, ""name"": ""Wings - Unli"", ""price"": 139, ""quantity"": 2}], ""order_mode"": ""REGULAR""}, ""android_id"": null, ""total"": ""278.00"", ""completed_at"": ""2026-04-30T12:00:00+08:00"", ""order"": 215}",,9740692,,,"[{""productId"": 11, ""name"": ""Wings - Unli"", ""price"": 139, ""quantity"": 2}]",278.00,COMPLETED,walk-in,,,False,REGULAR,2026-06-04T03:46:29.299414+08:00,2026-06-04T03:46:29.299414+08:00
216,"{""id"": 195, ""order_detail"": {""id"": 216, ""slip_number"": ""9740693"", ""order_type"": """", ""payment_method"": """", ""table_number"": """", ""items_json"": [{""productId"": 2, ""name"": ""Rice - Extra"", ""price"": 20, ""quantity"": 2}], ""order_mode"": ""REGULAR""}, ""android_id"": null, ""total"": ""40.00"", ""completed_at"": ""2026-04-30T12:00:00+08:00"", ""order"": 216}",,9740693,,,"[{""productId"": 2, ""name"": ""Rice - Extra"", ""price"": 20, ""quantity"": 2}]",40.00,COMPLETED,walk-in,,,False,REGULAR,2026-06-04T03:46:29.286384+08:00,2026-06-04T03:46:29.286384+08:00
217,"{""id"": 196, ""order_detail"": {""id"": 217, ""slip_number"": ""9740694"", ""order_type"": """", ""payment_method"": """", ""table_number"": """", ""items_json"": [{""productId"": 10, ""name"": ""Leg - Meal"", ""price"": 149, ""quantity"": 1}], ""order_mode"": ""REGULAR""}, ""android_id"": null, ""total"": ""149.00"", ""completed_at"": ""2026-05-01T12:00:00+08:00"", ""order"": 217}",,9740694,,,"[{""productId"": 10, ""name"": ""Leg - Meal"", ""price"": 149, ""quantity"": 1}]",149.00,COMPLETED,walk-in,,,False,REGULAR,2026-06-04T03:46:29.274071+08:00,2026-06-04T03:46:29.274071+08:00
218,"{""id"": 197, ""order_detail"": {""id"": 218, ""slip_number"": ""9740695"", ""order_type"": """", ""payment_method"": """", ""table_number"": """", ""items_json"": [{""productId"": 9, ""name"": ""BBQ - Only"", ""price"": 129, ""quantity"": 2}], ""order_mode"": ""REGULAR""}, ""android_id"": null, ""total"": ""258.00"", ""completed_at"": ""2026-05-01T12:00:00+08:00"", ""order"": 218}",,9740695,,,"[{""productId"": 9, ""name"": ""BBQ - Only"", ""price"": 129, ""quantity"": 2}]",258.00,COMPLETED,walk-in,,,False,REGULAR,2026-06-04T03:46:29.261018+08:00,2026-06-04T03:46:29.261018+08:00
219,"{""id"": 198, ""order_detail"": {""id"": 219, ""slip_number"": ""9740696"", ""order_type"": """", ""payment_method"": """", ""table_number"": """", ""items_json"": [{""productId"": 11, ""name"": ""Wings - Unli"", ""price"": 139, ""quantity"": 1}, {""productId"": 10, ""name"": ""Leg - Unli"", ""price"": 159, ""quantity"": 1}], ""order_mode"": ""REGULAR""}, ""android_id"": null, ""total"": ""298.00"", ""completed_at"": ""2026-05-01T12:00:00+08:00"", ""order"": 219}",,9740696,,,"[{""productId"": 11, ""name"": ""Wings - Unli"", ""price"": 139, ""quantity"": 1}, {""productId"": 10, ""name"": ""Leg - Unli"", ""price"": 159, ""quantity"": 1}]",298.00,COMPLETED,walk-in,,,False,REGULAR,2026-06-04T03:46:29.259020+08:00,2026-06-04T03:46:29.259020+08:00
220,"{""id"": 199, ""order_detail"": {""id"": 220, ""slip_number"": ""9740697"", ""order_type"": """", ""payment_method"": """", ""table_number"": """", ""items_json"": [{""productId"": 10, ""name"": ""Leg - Unli"", ""price"": 159, ""quantity"": 2}, {""productId"": 1, ""name"": ""Coke - Mismo"", ""price"": 25, ""quantity"": 1}], ""order_mode"": ""REGULAR""}, ""android_id"": null, ""total"": ""343.00"", ""completed_at"": ""2026-05-01T12:00:00+08:00"", ""order"": 220}",,9740697,,,"[{""productId"": 10, ""name"": ""Leg - Unli"", ""price"": 159, ""quantity"": 2}, {""productId"": 1, ""name"": ""Coke - Mismo"", ""price"": 25, ""quantity"": 1}]",343.00,COMPLETED,walk-in,,,False,REGULAR,2026-06-04T03:46:29.245338+08:00,2026-06-04T03:46:29.245338+08:00
221,"{""id"": 200, ""order_detail"": {""id"": 221, ""slip_number"": ""9740698"", ""order_type"": """", ""payment_method"": """", ""table_number"": """", ""items_json"": [{""productId"": 11, ""name"": ""Wings - Meal"", ""price"": 129, ""quantity"": 4}, {""productId"": 7, ""name"": ""Pechopak - Unli"", ""price"": 179, ""quantity"": 2}, {""productId"": 10, ""name"": ""Leg - Meal"", ""price"": 149, ""quantity"": 1}, {""productId"": 8, ""name"": ""Liempo - Unli"", ""price"": 199, ""quantity"": 1}, {""productId"": 1, ""name"": ""Coke - 1 Glass"", ""price"": 30, ""quantity"": 4}], ""order_mode"": ""REGULAR""}, ""android_id"": null, ""total"": ""1342.00"", ""completed_at"": ""2026-05-01T12:00:00+08:00"", ""order"": 221}",,9740698,,,"[{""productId"": 11, ""name"": ""Wings - Meal"", ""price"": 129, ""quantity"": 4}, {""productId"": 7, ""name"": ""Pechopak - Unli"", ""price"": 179, ""quantity"": 2}, {""productId"": 10, ""name"": ""Leg - Meal"", ""price"": 149, ""quantity"": 1}, {""productId"": 8, ""name"": ""Liempo - Unli"", ""price"": 199, ""quantity"": 1}, {""productId"": 1, ""name"": ""Coke - 1 Glass"", ""price"": 30, ""quantity"": 4}]",1342.00,COMPLETED,walk-in,,,False,REGULAR,2026-06-04T03:46:29.220241+08:00,2026-06-04T03:46:29.220241+08:00
222,"{""id"": 201, ""order_detail"": {""id"": 222, ""slip_number"": ""9740699"", ""order_type"": """", ""payment_method"": """", ""table_number"": """", ""items_json"": [{""productId"": 7, ""name"": ""Pechopak - Unli"", ""price"": 179, ""quantity"": 1}, {""productId"": 8, ""name"": ""Liempo - Unli"", ""price"": 199, ""quantity"": 1}], ""order_mode"": ""REGULAR""}, ""android_id"": null, ""total"": ""378.00"", ""completed_at"": ""2026-05-01T12:00:00+08:00"", ""order"": 222}",,9740699,,,"[{""productId"": 7, ""name"": ""Pechopak - Unli"", ""price"": 179, ""quantity"": 1}, {""productId"": 8, ""name"": ""Liempo - Unli"", ""price"": 199, ""quantity"": 1}]",378.00,COMPLETED,walk-in,,,False,REGULAR,2026-06-04T03:46:29.205940+08:00,2026-06-04T03:46:29.205940+08:00
223,"{""id"": 202, ""order_detail"": {""id"": 223, ""slip_number"": ""9740700"", ""order_type"": """", ""payment_method"": """", ""table_number"": """", ""items_json"": [{""productId"": 1, ""name"": ""Coke - 1 Glass"", ""price"": 30, ""quantity"": 4}], ""order_mode"": ""REGULAR""}, ""android_id"": null, ""total"": ""120.00"", ""completed_at"": ""2026-05-01T12:00:00+08:00"", ""order"": 223}",,9740700,,,"[{""productId"": 1, ""name"": ""Coke - 1 Glass"", ""price"": 30, ""quantity"": 4}]",120.00,COMPLETED,walk-in,,,False,REGULAR,2026-06-04T03:46:29.178745+08:00,2026-06-04T03:46:29.178745+08:00
224,"{""id"": 203, ""order_detail"": {""id"": 224, ""slip_number"": ""6490861"", ""order_type"": """", ""payment_method"": """", ""table_number"": """", ""items_json"": [{""productId"": 7, ""name"": ""Pechopak - Unli"", ""price"": 179, ""quantity"": 2}], ""order_mode"": ""REGULAR""}, ""android_id"": null, ""total"": ""358.00"", ""completed_at"": ""2026-05-01T12:00:00+08:00"", ""order"": 224}",,6490861,,,"[{""productId"": 7, ""name"": ""Pechopak - Unli"", ""price"": 179, ""quantity"": 2}]",358.00,COMPLETED,walk-in,,,False,REGULAR,2026-06-04T03:46:29.176230+08:00,2026-06-04T03:46:29.176230+08:00
225,"{""id"": 204, ""order_detail"": {""id"": 225, ""slip_number"": ""6490862"", ""order_type"": """", ""payment_method"": """", ""table_number"": """", ""items_json"": [{""productId"": 7, ""name"": ""Pechopak - Unli"", ""price"": 179, ""quantity"": 1}, {""productId"": 10, ""name"": ""Leg - Meal"", ""price"": 149, ""quantity"": 1}], ""order_mode"": ""REGULAR""}, ""android_id"": null, ""total"": ""328.00"", ""completed_at"": ""2026-05-01T12:00:00+08:00"", ""order"": 225}",,6490862,,,"[{""productId"": 7, ""name"": ""Pechopak - Unli"", ""price"": 179, ""quantity"": 1}, {""productId"": 10, ""name"": ""Leg - Meal"", ""price"": 149, ""quantity"": 1}]",328.00,COMPLETED,walk-in,,,False,REGULAR,2026-06-04T03:46:29.152428+08:00,2026-06-04T03:46:29.152428+08:00
226,"{""id"": 205, ""order_detail"": {""id"": 226, ""slip_number"": ""6490863"", ""order_type"": """", ""payment_method"": """", ""table_number"": """", ""items_json"": [{""productId"": 1, ""name"": ""Coke - Mismo"", ""price"": 25, ""quantity"": 2}], ""order_mode"": ""REGULAR""}, ""android_id"": null, ""total"": ""50.00"", ""completed_at"": ""2026-05-01T12:00:00+08:00"", ""order"": 226}",,6490863,,,"[{""productId"": 1, ""name"": ""Coke - Mismo"", ""price"": 25, ""quantity"": 2}]",50.00,COMPLETED,walk-in,,,False,REGULAR,2026-06-04T03:46:29.139376+08:00,2026-06-04T03:46:29.139376+08:00
227,"{""id"": 206, ""order_detail"": {""id"": 227, ""slip_number"": ""6490864"", ""order_type"": """", ""payment_method"": """", ""table_number"": """", ""items_json"": [{""productId"": 10, ""name"": ""Leg - Unli"", ""price"": 159, ""quantity"": 1}], ""order_mode"": ""REGULAR""}, ""android_id"": null, ""total"": ""159.00"", ""completed_at"": ""2026-05-01T12:00:00+08:00"", ""order"": 227}",,6490864,,,"[{""productId"": 10, ""name"": ""Leg - Unli"", ""price"": 159, ""quantity"": 1}]",159.00,COMPLETED,walk-in,,,False,REGULAR,2026-06-04T03:46:29.126079+08:00,2026-06-04T03:46:29.126079+08:00
228,"{""id"": 207, ""order_detail"": {""id"": 228, ""slip_number"": ""6490865"", ""order_type"": """", ""payment_method"": """", ""table_number"": """", ""items_json"": [{""productId"": 10, ""name"": ""Leg - Unli"", ""price"": 159, ""quantity"": 3}, {""productId"": 5, ""name"": ""Sprite - 1 Glass"", ""price"": 30, ""quantity"": 4}], ""order_mode"": ""REGULAR""}, ""android_id"": null, ""total"": ""597.00"", ""completed_at"": ""2026-05-01T12:00:00+08:00"", ""order"": 228}",,6490865,,,"[{""productId"": 10, ""name"": ""Leg - Unli"", ""price"": 159, ""quantity"": 3}, {""productId"": 5, ""name"": ""Sprite - 1 Glass"", ""price"": 30, ""quantity"": 4}]",597.00,COMPLETED,walk-in,,,False,REGULAR,2026-06-04T03:46:29.113550+08:00,2026-06-04T03:46:29.113550+08:00
229,"{""id"": 208, ""order_detail"": {""id"": 229, ""slip_number"": ""6490866"", ""order_type"": """", ""payment_method"": """", ""table_number"": """", ""items_json"": [{""productId"": 7, ""name"": ""Pechopak - Meal"", ""price"": 169, ""quantity"": 1}, {""productId"": 7, ""name"": ""Pechopak - Unli"", ""price"": 179, ""quantity"": 3}, {""productId"": 5, ""name"": ""Sprite - 1 Glass"", ""price"": 30, ""quantity"": 4}], ""order_mode"": ""REGULAR""}, ""android_id"": null, ""total"": ""826.00"", ""completed_at"": ""2026-05-01T12:00:00+08:00"", ""order"": 229}",,6490866,,,"[{""productId"": 7, ""name"": ""Pechopak - Meal"", ""price"": 169, ""quantity"": 1}, {""productId"": 7, ""name"": ""Pechopak - Unli"", ""price"": 179, ""quantity"": 3}, {""productId"": 5, ""name"": ""Sprite - 1 Glass"", ""price"": 30, ""quantity"": 4}]",826.00,COMPLETED,walk-in,,,False,REGULAR,2026-06-04T03:46:29.100513+08:00,2026-06-04T03:46:29.100513+08:00
230,"{""id"": 209, ""order_detail"": {""id"": 230, ""slip_number"": ""6490867"", ""order_type"": """", ""payment_method"": """", ""table_number"": """", ""items_json"": [{""productId"": 10, ""name"": ""Leg - Unli"", ""price"": 159, ""quantity"": 1}, {""productId"": 7, ""name"": ""Pechopak - Unli"", ""price"": 179, ""quantity"": 1}], ""order_mode"": ""REGULAR""}, ""android_id"": null, ""total"": ""338.00"", ""completed_at"": ""2026-05-01T12:00:00+08:00"", ""order"": 230}",,6490867,,,"[{""productId"": 10, ""name"": ""Leg - Unli"", ""price"": 159, ""quantity"": 1}, {""productId"": 7, ""name"": ""Pechopak - Unli"", ""price"": 179, ""quantity"": 1}]",338.00,COMPLETED,walk-in,,,False,REGULAR,2026-06-04T03:46:29.086992+08:00,2026-06-04T03:46:29.086992+08:00
231,"{""id"": 210, ""order_detail"": {""id"": 231, ""slip_number"": ""6490868"", ""order_type"": """", ""payment_method"": """", ""table_number"": """", ""items_json"": [{""productId"": 10, ""name"": ""Leg - Unli"", ""price"": 159, ""quantity"": 1}, {""productId"": 7, ""name"": ""Pechopak - Unli"", ""price"": 179, ""quantity"": 1}], ""order_mode"": ""REGULAR""}, ""android_id"": null, ""total"": ""338.00"", ""completed_at"": ""2026-05-01T12:00:00+08:00"", ""order"": 231}",,6490868,,,"[{""productId"": 10, ""name"": ""Leg - Unli"", ""price"": 159, ""quantity"": 1}, {""productId"": 7, ""name"": ""Pechopak - Unli"", ""price"": 179, ""quantity"": 1}]",338.00,COMPLETED,walk-in,,,False,REGULAR,2026-06-04T03:46:29.063420+08:00,2026-06-04T03:46:29.063420+08:00
232,"{""id"": 211, ""order_detail"": {""id"": 232, ""slip_number"": ""6490869"", ""order_type"": """", ""payment_method"": """", ""table_number"": """", ""items_json"": [{""productId"": 10, ""name"": ""Leg - Meal"", ""price"": 149, ""quantity"": 1}], ""order_mode"": ""REGULAR""}, ""android_id"": null, ""total"": ""149.00"", ""completed_at"": ""2026-05-01T12:00:00+08:00"", ""order"": 232}",,6490869,,,"[{""productId"": 10, ""name"": ""Leg - Meal"", ""price"": 149, ""quantity"": 1}]",149.00,COMPLETED,walk-in,,,False,REGULAR,2026-06-04T03:46:29.050697+08:00,2026-06-04T03:46:29.050697+08:00
233,"{""id"": 212, ""order_detail"": {""id"": 233, ""slip_number"": ""6490870"", ""order_type"": """", ""payment_method"": """", ""table_number"": """", ""items_json"": [{""productId"": 10, ""name"": ""Leg - Meal"", ""price"": 149, ""quantity"": 2}, {""productId"": 8, ""name"": ""Liempo - Unli"", ""price"": 199, ""quantity"": 1}, {""productId"": 1, ""name"": ""Coke - 1 Glass"", ""price"": 30, ""quantity"": 4}], ""order_mode"": ""REGULAR""}, ""android_id"": null, ""total"": ""617.00"", ""completed_at"": ""2026-05-01T12:00:00+08:00"", ""order"": 233}",,6490870,,,"[{""productId"": 10, ""name"": ""Leg - Meal"", ""price"": 149, ""quantity"": 2}, {""productId"": 8, ""name"": ""Liempo - Unli"", ""price"": 199, ""quantity"": 1}, {""productId"": 1, ""name"": ""Coke - 1 Glass"", ""price"": 30, ""quantity"": 4}]",617.00,COMPLETED,walk-in,,,False,REGULAR,2026-06-04T03:46:29.023683+08:00,2026-06-04T03:46:29.023683+08:00
234,"{""id"": 213, ""order_detail"": {""id"": 234, ""slip_number"": ""6490871"", ""order_type"": """", ""payment_method"": """", ""table_number"": """", ""items_json"": [{""productId"": 10, ""name"": ""Leg - Unli"", ""price"": 159, ""quantity"": 1}, {""productId"": 9, ""name"": ""BBQ - Meal"", ""price"": 139, ""quantity"": 1}, {""productId"": 1, ""name"": ""Coke - Mismo"", ""price"": 25, ""quantity"": 1}], ""order_mode"": ""REGULAR""}, ""android_id"": null, ""total"": ""323.00"", ""completed_at"": ""2026-05-01T12:00:00+08:00"", ""order"": 234}",,6490871,,,"[{""productId"": 10, ""name"": ""Leg - Unli"", ""price"": 159, ""quantity"": 1}, {""productId"": 9, ""name"": ""BBQ - Meal"", ""price"": 139, ""quantity"": 1}, {""productId"": 1, ""name"": ""Coke - Mismo"", ""price"": 25, ""quantity"": 1}]",323.00,COMPLETED,walk-in,,,False,REGULAR,2026-06-04T03:46:29.009658+08:00,2026-06-04T03:46:29.009658+08:00
235,"{""id"": 214, ""order_detail"": {""id"": 235, ""slip_number"": ""6490872"", ""order_type"": """", ""payment_method"": """", ""table_number"": """", ""items_json"": [{""productId"": 10, ""name"": ""Leg - Unli"", ""price"": 159, ""quantity"": 2}], ""order_mode"": ""REGULAR""}, ""android_id"": null, ""total"": ""318.00"", ""completed_at"": ""2026-05-01T12:00:00+08:00"", ""order"": 235}",,6490872,,,"[{""productId"": 10, ""name"": ""Leg - Unli"", ""price"": 159, ""quantity"": 2}]",318.00,COMPLETED,walk-in,,,False,REGULAR,2026-06-04T03:46:28.996099+08:00,2026-06-04T03:46:28.996099+08:00
236,"{""id"": 215, ""order_detail"": {""id"": 236, ""slip_number"": ""6490873"", ""order_type"": """", ""payment_method"": """", ""table_number"": """", ""items_json"": [{""productId"": 5, ""name"": ""Sprite - 1 Glass"", ""price"": 30, ""quantity"": 1}], ""order_mode"": ""REGULAR""}, ""android_id"": null, ""total"": ""30.00"", ""completed_at"": ""2026-05-01T12:00:00+08:00"", ""order"": 236}",,6490873,,,"[{""productId"": 5, ""name"": ""Sprite - 1 Glass"", ""price"": 30, ""quantity"": 1}]",30.00,COMPLETED,walk-in,,,False,REGULAR,2026-06-04T03:46:28.983034+08:00,2026-06-04T03:46:28.983034+08:00
237,"{""id"": 216, ""order_detail"": {""id"": 237, ""slip_number"": ""6490874"", ""order_type"": """", ""payment_method"": """", ""table_number"": """", ""items_json"": [{""productId"": 7, ""name"": ""Pechopak - Meal"", ""price"": 169, ""quantity"": 1}, {""productId"": 11, ""name"": ""Wings - Meal"", ""price"": 129, ""quantity"": 1}], ""order_mode"": ""REGULAR""}, ""android_id"": null, ""total"": ""298.00"", ""completed_at"": ""2026-05-01T12:00:00+08:00"", ""order"": 237}",,6490874,,,"[{""productId"": 7, ""name"": ""Pechopak - Meal"", ""price"": 169, ""quantity"": 1}, {""productId"": 11, ""name"": ""Wings - Meal"", ""price"": 129, ""quantity"": 1}]",298.00,COMPLETED,walk-in,,,False,REGULAR,2026-06-04T03:46:28.969020+08:00,2026-06-04T03:46:28.969020+08:00
238,"{""id"": 217, ""order_detail"": {""id"": 238, ""slip_number"": ""6490875"", ""order_type"": """", ""payment_method"": """", ""table_number"": """", ""items_json"": [{""productId"": 10, ""name"": ""Leg - Meal"", ""price"": 149, ""quantity"": 2}, {""productId"": 9, ""name"": ""BBQ - Unli"", ""price"": 149, ""quantity"": 1}, {""productId"": 1, ""name"": ""Coke - Mismo"", ""price"": 25, ""quantity"": 2}], ""order_mode"": ""REGULAR""}, ""android_id"": null, ""total"": ""497.00"", ""completed_at"": ""2026-05-02T12:00:00+08:00"", ""order"": 238}",,6490875,,,"[{""productId"": 10, ""name"": ""Leg - Meal"", ""price"": 149, ""quantity"": 2}, {""productId"": 9, ""name"": ""BBQ - Unli"", ""price"": 149, ""quantity"": 1}, {""productId"": 1, ""name"": ""Coke - Mismo"", ""price"": 25, ""quantity"": 2}]",497.00,COMPLETED,walk-in,,,False,REGULAR,2026-06-04T03:46:28.954204+08:00,2026-06-04T03:46:28.954204+08:00
239,"{""id"": 218, ""order_detail"": {""id"": 239, ""slip_number"": ""6490876"", ""order_type"": """", ""payment_method"": """", ""table_number"": """", ""items_json"": [{""productId"": 10, ""name"": ""Leg - Unli"", ""price"": 159, ""quantity"": 1}], ""order_mode"": ""REGULAR""}, ""android_id"": null, ""total"": ""159.00"", ""completed_at"": ""2026-05-02T12:00:00+08:00"", ""order"": 239}",,6490876,,,"[{""productId"": 10, ""name"": ""Leg - Unli"", ""price"": 159, ""quantity"": 1}]",159.00,COMPLETED,walk-in,,,False,REGULAR,2026-06-04T03:46:28.940686+08:00,2026-06-04T03:46:28.940686+08:00
240,"{""id"": 219, ""order_detail"": {""id"": 240, ""slip_number"": ""6490877"", ""order_type"": """", ""payment_method"": """", ""table_number"": """", ""items_json"": [{""productId"": 7, ""name"": ""Pechopak - Unli"", ""price"": 179, ""quantity"": 1}, {""productId"": 8, ""name"": ""Liempo - Unli"", ""price"": 199, ""quantity"": 1}], ""order_mode"": ""REGULAR""}, ""android_id"": null, ""total"": ""378.00"", ""completed_at"": ""2026-05-02T12:00:00+08:00"", ""order"": 240}",,6490877,,,"[{""productId"": 7, ""name"": ""Pechopak - Unli"", ""price"": 179, ""quantity"": 1}, {""productId"": 8, ""name"": ""Liempo - Unli"", ""price"": 199, ""quantity"": 1}]",378.00,COMPLETED,walk-in,,,False,REGULAR,2026-06-04T03:46:28.926168+08:00,2026-06-04T03:46:28.926168+08:00
241,"{""id"": 220, ""order_detail"": {""id"": 241, ""slip_number"": ""6490878"", ""order_type"": """", ""payment_method"": """", ""table_number"": """", ""items_json"": [{""productId"": 10, ""name"": ""Leg - Meal"", ""price"": 149, ""quantity"": 1}, {""productId"": 10, ""name"": ""Leg - Unli"", ""price"": 159, ""quantity"": 1}], ""order_mode"": ""REGULAR""}, ""android_id"": null, ""total"": ""308.00"", ""completed_at"": ""2026-05-02T12:00:00+08:00"", ""order"": 241}",,6490878,,,"[{""productId"": 10, ""name"": ""Leg - Meal"", ""price"": 149, ""quantity"": 1}, {""productId"": 10, ""name"": ""Leg - Unli"", ""price"": 159, ""quantity"": 1}]",308.00,COMPLETED,walk-in,,,False,REGULAR,2026-06-04T03:46:28.901811+08:00,2026-06-04T03:46:28.901811+08:00
242,"{""id"": 221, ""order_detail"": {""id"": 242, ""slip_number"": ""6490879"", ""order_type"": """", ""payment_method"": """", ""table_number"": """", ""items_json"": [{""productId"": 7, ""name"": ""Pechopak - Unli"", ""price"": 179, ""quantity"": 1}, {""productId"": 8, ""name"": ""Liempo - Meal"", ""price"": 189, ""quantity"": 1}, {""productId"": 1, ""name"": ""Coke - Mismo"", ""price"": 25, ""quantity"": 1}, {""productId"": 4, ""name"": ""Royal - Mismo"", ""price"": 25, ""quantity"": 1}], ""order_mode"": ""REGULAR""}, ""android_id"": null, ""total"": ""418.00"", ""completed_at"": ""2026-05-02T12:00:00+08:00"", ""order"": 242}",,6490879,,,"[{""productId"": 7, ""name"": ""Pechopak - Unli"", ""price"": 179, ""quantity"": 1}, {""productId"": 8, ""name"": ""Liempo - Meal"", ""price"": 189, ""quantity"": 1}, {""productId"": 1, ""name"": ""Coke - Mismo"", ""price"": 25, ""quantity"": 1}, {""productId"": 4, ""name"": ""Royal - Mismo"", ""price"": 25, ""quantity"": 1}]",418.00,COMPLETED,walk-in,,,False,REGULAR,2026-06-04T03:46:28.888697+08:00,2026-06-04T03:46:28.888697+08:00
243,"{""id"": 222, ""order_detail"": {""id"": 243, ""slip_number"": ""6490880"", ""order_type"": """", ""payment_method"": """", ""table_number"": """", ""items_json"": [{""productId"": 9, ""name"": ""BBQ - Meal"", ""price"": 139, ""quantity"": 1}, {""productId"": 10, ""name"": ""Leg - Unli"", ""price"": 159, ""quantity"": 1}], ""order_mode"": ""REGULAR""}, ""android_id"": null, ""total"": ""298.00"", ""completed_at"": ""2026-05-02T12:00:00+08:00"", ""order"": 243}",,6490880,,,"[{""productId"": 9, ""name"": ""BBQ - Meal"", ""price"": 139, ""quantity"": 1}, {""productId"": 10, ""name"": ""Leg - Unli"", ""price"": 159, ""quantity"": 1}]",298.00,COMPLETED,walk-in,,,False,REGULAR,2026-06-04T03:46:28.871342+08:00,2026-06-04T03:46:28.871342+08:00
244,"{""id"": 223, ""order_detail"": {""id"": 244, ""slip_number"": ""6490881"", ""order_type"": """", ""payment_method"": """", ""table_number"": """", ""items_json"": [{""productId"": 9, ""name"": ""BBQ - Meal"", ""price"": 139, ""quantity"": 1}], ""order_mode"": ""REGULAR""}, ""android_id"": null, ""total"": ""139.00"", ""completed_at"": ""2026-05-02T12:00:00+08:00"", ""order"": 244}",,6490881,,,"[{""productId"": 9, ""name"": ""BBQ - Meal"", ""price"": 139, ""quantity"": 1}]",139.00,COMPLETED,walk-in,,,False,REGULAR,2026-06-04T03:46:28.858601+08:00,2026-06-04T03:46:28.858601+08:00
245,"{""id"": 224, ""order_detail"": {""id"": 245, ""slip_number"": ""6490882"", ""order_type"": """", ""payment_method"": """", ""table_number"": """", ""items_json"": [{""productId"": 8, ""name"": ""Liempo - Unli"", ""price"": 199, ""quantity"": 1}, {""productId"": 10, ""name"": ""Leg - Meal"", ""price"": 149, ""quantity"": 1}], ""order_mode"": ""REGULAR""}, ""android_id"": null, ""total"": ""348.00"", ""completed_at"": ""2026-05-02T12:00:00+08:00"", ""order"": 245}",,6490882,,,"[{""productId"": 8, ""name"": ""Liempo - Unli"", ""price"": 199, ""quantity"": 1}, {""productId"": 10, ""name"": ""Leg - Meal"", ""price"": 149, ""quantity"": 1}]",348.00,COMPLETED,walk-in,,,False,REGULAR,2026-06-04T03:46:28.846084+08:00,2026-06-04T03:46:28.846084+08:00
246,"{""id"": 225, ""order_detail"": {""id"": 246, ""slip_number"": ""6490883"", ""order_type"": """", ""payment_method"": """", ""table_number"": """", ""items_json"": [{""productId"": 8, ""name"": ""Liempo - Meal"", ""price"": 189, ""quantity"": 2}], ""order_mode"": ""REGULAR""}, ""android_id"": null, ""total"": ""378.00"", ""completed_at"": ""2026-05-02T12:00:00+08:00"", ""order"": 246}",,6490883,,,"[{""productId"": 8, ""name"": ""Liempo - Meal"", ""price"": 189, ""quantity"": 2}]",378.00,COMPLETED,walk-in,,,False,REGULAR,2026-06-04T03:46:28.832478+08:00,2026-06-04T03:46:28.832478+08:00
247,"{""id"": 226, ""order_detail"": {""id"": 247, ""slip_number"": ""6490884"", ""order_type"": """", ""payment_method"": """", ""table_number"": """", ""items_json"": [{""productId"": 10, ""name"": ""Leg - Meal"", ""price"": 149, ""quantity"": 2}, {""productId"": 1, ""name"": ""Coke - Mismo"", ""price"": 25, ""quantity"": 1}, {""productId"": 4, ""name"": ""Royal - Mismo"", ""price"": 25, ""quantity"": 1}], ""order_mode"": ""REGULAR""}, ""android_id"": null, ""total"": ""348.00"", ""completed_at"": ""2026-05-02T12:00:00+08:00"", ""order"": 247}",,6490884,,,"[{""productId"": 10, ""name"": ""Leg - Meal"", ""price"": 149, ""quantity"": 2}, {""productId"": 1, ""name"": ""Coke - Mismo"", ""price"": 25, ""quantity"": 1}, {""productId"": 4, ""name"": ""Royal - Mismo"", ""price"": 25, ""quantity"": 1}]",348.00,COMPLETED,walk-in,,,False,REGULAR,2026-06-04T03:46:28.808110+08:00,2026-06-04T03:46:28.808110+08:00
248,"{""id"": 227, ""order_detail"": {""id"": 248, ""slip_number"": ""6490886"", ""order_type"": """", ""payment_method"": """", ""table_number"": """", ""items_json"": [{""productId"": 9, ""name"": ""BBQ - Meal"", ""price"": 139, ""quantity"": 1}, {""productId"": 10, ""name"": ""Leg - Meal"", ""price"": 149, ""quantity"": 1}], ""order_mode"": ""REGULAR""}, ""android_id"": null, ""total"": ""288.00"", ""completed_at"": ""2026-05-02T12:00:00+08:00"", ""order"": 248}",,6490886,,,"[{""productId"": 9, ""name"": ""BBQ - Meal"", ""price"": 139, ""quantity"": 1}, {""productId"": 10, ""name"": ""Leg - Meal"", ""price"": 149, ""quantity"": 1}]",288.00,COMPLETED,walk-in,,,False,REGULAR,2026-06-04T03:46:28.795496+08:00,2026-06-04T03:46:28.795496+08:00
249,"{""id"": 228, ""order_detail"": {""id"": 249, ""slip_number"": ""6490887"", ""order_type"": """", ""payment_method"": """", ""table_number"": """", ""items_json"": [{""productId"": 9, ""name"": ""BBQ - Only"", ""price"": 129, ""quantity"": 3}], ""order_mode"": ""REGULAR""}, ""android_id"": null, ""total"": ""387.00"", ""completed_at"": ""2026-05-02T12:00:00+08:00"", ""order"": 249}",,6490887,,,"[{""productId"": 9, ""name"": ""BBQ - Only"", ""price"": 129, ""quantity"": 3}]",387.00,COMPLETED,walk-in,,,False,REGULAR,2026-06-04T03:46:28.784337+08:00,2026-06-04T03:46:28.784337+08:00
250,"{""id"": 229, ""order_detail"": {""id"": 250, ""slip_number"": ""6490888"", ""order_type"": """", ""payment_method"": """", ""table_number"": """", ""items_json"": [{""productId"": 7, ""name"": ""Pechopak - Unli"", ""price"": 179, ""quantity"": 1}, {""productId"": 9, ""name"": ""BBQ - Meal"", ""price"": 139, ""quantity"": 1}], ""order_mode"": ""REGULAR""}, ""android_id"": null, ""total"": ""318.00"", ""completed_at"": ""2026-05-02T12:00:00+08:00"", ""order"": 250}",,6490888,,,"[{""productId"": 7, ""name"": ""Pechopak - Unli"", ""price"": 179, ""quantity"": 1}, {""productId"": 9, ""name"": ""BBQ - Meal"", ""price"": 139, ""quantity"": 1}]",318.00,COMPLETED,walk-in,,,False,REGULAR,2026-06-04T03:46:28.780087+08:00,2026-06-04T03:46:28.780087+08:00
251,"{""id"": 230, ""order_detail"": {""id"": 251, ""slip_number"": ""6490889"", ""order_type"": """", ""payment_method"": """", ""table_number"": """", ""items_json"": [{""productId"": 10, ""name"": ""Leg - Unli"", ""price"": 159, ""quantity"": 1}, {""productId"": 7, ""name"": ""Pechopak - Meal"", ""price"": 169, ""quantity"": 1}], ""order_mode"": ""REGULAR""}, ""android_id"": null, ""total"": ""328.00"", ""completed_at"": ""2026-05-02T12:00:00+08:00"", ""order"": 251}",,6490889,,,"[{""productId"": 10, ""name"": ""Leg - Unli"", ""price"": 159, ""quantity"": 1}, {""productId"": 7, ""name"": ""Pechopak - Meal"", ""price"": 169, ""quantity"": 1}]",328.00,COMPLETED,walk-in,,,False,REGULAR,2026-06-04T03:46:28.765611+08:00,2026-06-04T03:46:28.765611+08:00
252,"{""id"": 231, ""order_detail"": {""id"": 252, ""slip_number"": ""6490890"", ""order_type"": """", ""payment_method"": """", ""table_number"": """", ""items_json"": [{""productId"": 8, ""name"": ""Liempo - Meal"", ""price"": 189, ""quantity"": 1}, {""productId"": 7, ""name"": ""Pechopak - Meal"", ""price"": 169, ""quantity"": 1}], ""order_mode"": ""REGULAR""}, ""android_id"": null, ""total"": ""358.00"", ""completed_at"": ""2026-05-02T12:00:00+08:00"", ""order"": 252}",,6490890,,,"[{""productId"": 8, ""name"": ""Liempo - Meal"", ""price"": 189, ""quantity"": 1}, {""productId"": 7, ""name"": ""Pechopak - Meal"", ""price"": 169, ""quantity"": 1}]",358.00,COMPLETED,walk-in,,,False,REGULAR,2026-06-04T03:46:28.741130+08:00,2026-06-04T03:46:28.741130+08:00
253,"{""id"": 232, ""order_detail"": {""id"": 253, ""slip_number"": ""6490891"", ""order_type"": """", ""payment_method"": """", ""table_number"": """", ""items_json"": [{""productId"": 10, ""name"": ""Leg - Unli"", ""price"": 159, ""quantity"": 2}, {""productId"": 7, ""name"": ""Pechopak - Unli"", ""price"": 179, ""quantity"": 1}], ""order_mode"": ""REGULAR""}, ""android_id"": null, ""total"": ""497.00"", ""completed_at"": ""2026-05-02T12:00:00+08:00"", ""order"": 253}",,6490891,,,"[{""productId"": 10, ""name"": ""Leg - Unli"", ""price"": 159, ""quantity"": 2}, {""productId"": 7, ""name"": ""Pechopak - Unli"", ""price"": 179, ""quantity"": 1}]",497.00,COMPLETED,walk-in,,,False,REGULAR,2026-06-04T03:46:28.714355+08:00,2026-06-04T03:46:28.714355+08:00
254,"{""id"": 233, ""order_detail"": {""id"": 254, ""slip_number"": ""6490892"", ""order_type"": """", ""payment_method"": """", ""table_number"": """", ""items_json"": [{""productId"": 8, ""name"": ""Liempo - Meal"", ""price"": 189, ""quantity"": 1}, {""productId"": 0, ""name"": ""Delivery Fee 1"", ""price"": 0, ""quantity"": 1}], ""order_mode"": ""REGULAR""}, ""android_id"": null, ""total"": ""189.00"", ""completed_at"": ""2026-05-02T12:00:00+08:00"", ""order"": 254}",,6490892,,,"[{""productId"": 8, ""name"": ""Liempo - Meal"", ""price"": 189, ""quantity"": 1}, {""productId"": 0, ""name"": ""Delivery Fee 1"", ""price"": 0, ""quantity"": 1}]",189.00,COMPLETED,walk-in,,,False,REGULAR,2026-06-04T03:46:28.699312+08:00,2026-06-04T03:46:28.699312+08:00
255,"{""id"": 234, ""order_detail"": {""id"": 255, ""slip_number"": ""6490893"", ""order_type"": """", ""payment_method"": """", ""table_number"": """", ""items_json"": [{""productId"": 10, ""name"": ""Leg - Meal"", ""price"": 149, ""quantity"": 1}, {""productId"": 8, ""name"": ""Liempo - Meal"", ""price"": 189, ""quantity"": 1}], ""order_mode"": ""REGULAR""}, ""android_id"": null, ""total"": ""338.00"", ""completed_at"": ""2026-05-02T12:00:00+08:00"", ""order"": 255}",,6490893,,,"[{""productId"": 10, ""name"": ""Leg - Meal"", ""price"": 149, ""quantity"": 1}, {""productId"": 8, ""name"": ""Liempo - Meal"", ""price"": 189, ""quantity"": 1}]",338.00,COMPLETED,walk-in,,,False,REGULAR,2026-06-04T03:46:28.684160+08:00,2026-06-04T03:46:28.684160+08:00
256,"{""id"": 235, ""order_detail"": {""id"": 256, ""slip_number"": ""6490894"", ""order_type"": """", ""payment_method"": """", ""table_number"": """", ""items_json"": [{""productId"": 7, ""name"": ""Pechopak - Meal"", ""price"": 169, ""quantity"": 1}, {""productId"": 7, ""name"": ""Pechopak - Unli"", ""price"": 179, ""quantity"": 1}], ""order_mode"": ""REGULAR""}, ""android_id"": null, ""total"": ""348.00"", ""completed_at"": ""2026-05-02T12:00:00+08:00"", ""order"": 256}",,6490894,,,"[{""productId"": 7, ""name"": ""Pechopak - Meal"", ""price"": 169, ""quantity"": 1}, {""productId"": 7, ""name"": ""Pechopak - Unli"", ""price"": 179, ""quantity"": 1}]",348.00,COMPLETED,walk-in,,,False,REGULAR,2026-06-04T03:46:28.681161+08:00,2026-06-04T03:46:28.681161+08:00
257,"{""id"": 236, ""order_detail"": {""id"": 257, ""slip_number"": ""6490895"", ""order_type"": """", ""payment_method"": """", ""table_number"": """", ""items_json"": [{""productId"": 7, ""name"": ""Pechopak - Unli"", ""price"": 179, ""quantity"": 4}, {""productId"": 7, ""name"": ""Pechopak - Meal"", ""price"": 169, ""quantity"": 1}, {""productId"": 10, ""name"": ""Leg - Meal"", ""price"": 149, ""quantity"": 2}, {""productId"": 10, ""name"": ""Leg - Unli"", ""price"": 159, ""quantity"": 1}], ""order_mode"": ""REGULAR""}, ""android_id"": null, ""total"": ""1342.00"", ""completed_at"": ""2026-05-02T12:00:00+08:00"", ""order"": 257}",,6490895,,,"[{""productId"": 7, ""name"": ""Pechopak - Unli"", ""price"": 179, ""quantity"": 4}, {""productId"": 7, ""name"": ""Pechopak - Meal"", ""price"": 169, ""quantity"": 1}, {""productId"": 10, ""name"": ""Leg - Meal"", ""price"": 149, ""quantity"": 2}, {""productId"": 10, ""name"": ""Leg - Unli"", ""price"": 159, ""quantity"": 1}]",1342.00,COMPLETED,walk-in,,,False,REGULAR,2026-06-04T03:46:28.672583+08:00,2026-06-04T03:46:28.672583+08:00
258,"{""id"": 237, ""order_detail"": {""id"": 258, ""slip_number"": ""6490896"", ""order_type"": """", ""payment_method"": """", ""table_number"": """", ""items_json"": [{""productId"": 9, ""name"": ""BBQ - Unli"", ""price"": 149, ""quantity"": 1}, {""productId"": 10, ""name"": ""Leg - Meal"", ""price"": 149, ""quantity"": 1}], ""order_mode"": ""REGULAR""}, ""android_id"": null, ""total"": ""298.00"", ""completed_at"": ""2026-05-02T12:00:00+08:00"", ""order"": 258}",,6490896,,,"[{""productId"": 9, ""name"": ""BBQ - Unli"", ""price"": 149, ""quantity"": 1}, {""productId"": 10, ""name"": ""Leg - Meal"", ""price"": 149, ""quantity"": 1}]",298.00,COMPLETED,walk-in,,,False,REGULAR,2026-06-04T03:46:28.666631+08:00,2026-06-04T03:46:28.666631+08:00
259,"{""id"": 238, ""order_detail"": {""id"": 259, ""slip_number"": ""6490897"", ""order_type"": """", ""payment_method"": """", ""table_number"": """", ""items_json"": [{""productId"": 7, ""name"": ""Pechopak - Meal"", ""price"": 169, ""quantity"": 2}, {""productId"": 8, ""name"": ""Liempo - Meal"", ""price"": 189, ""quantity"": 1}], ""order_mode"": ""REGULAR""}, ""android_id"": null, ""total"": ""527.00"", ""completed_at"": ""2026-05-02T12:00:00+08:00"", ""order"": 259}",,6490897,,,"[{""productId"": 7, ""name"": ""Pechopak - Meal"", ""price"": 169, ""quantity"": 2}, {""productId"": 8, ""name"": ""Liempo - Meal"", ""price"": 189, ""quantity"": 1}]",527.00,COMPLETED,walk-in,,,False,REGULAR,2026-06-04T03:46:28.663249+08:00,2026-06-04T03:46:28.663249+08:00
260,"{""id"": 239, ""order_detail"": {""id"": 260, ""slip_number"": ""6490898"", ""order_type"": """", ""payment_method"": """", ""table_number"": """", ""items_json"": [{""productId"": 11, ""name"": ""Wings - Only"", ""price"": 119, ""quantity"": 1}], ""order_mode"": ""REGULAR""}, ""android_id"": null, ""total"": ""119.00"", ""completed_at"": ""2026-05-02T12:00:00+08:00"", ""order"": 260}",,6490898,,,"[{""productId"": 11, ""name"": ""Wings - Only"", ""price"": 119, ""quantity"": 1}]",119.00,COMPLETED,walk-in,,,False,REGULAR,2026-06-04T03:46:28.655123+08:00,2026-06-04T03:46:28.655123+08:00
261,"{""id"": 240, ""order_detail"": {""id"": 261, ""slip_number"": ""6490899"", ""order_type"": """", ""payment_method"": """", ""table_number"": """", ""items_json"": [{""productId"": 7, ""name"": ""Pechopak - Only"", ""price"": 159, ""quantity"": 1}], ""order_mode"": ""REGULAR""}, ""android_id"": null, ""total"": ""159.00"", ""completed_at"": ""2026-05-02T12:00:00+08:00"", ""order"": 261}",,6490899,,,"[{""productId"": 7, ""name"": ""Pechopak - Only"", ""price"": 159, ""quantity"": 1}]",159.00,COMPLETED,walk-in,,,False,REGULAR,2026-06-04T03:46:28.652124+08:00,2026-06-04T03:46:28.652124+08:00
262,"{""id"": 241, ""order_detail"": {""id"": 262, ""slip_number"": ""6490900"", ""order_type"": """", ""payment_method"": """", ""table_number"": """", ""items_json"": [{""productId"": 8, ""name"": ""Liempo - Meal"", ""price"": 189, ""quantity"": 1}], ""order_mode"": ""REGULAR""}, ""android_id"": null, ""total"": ""189.00"", ""completed_at"": ""2026-05-02T12:00:00+08:00"", ""order"": 262}",,6490900,,,"[{""productId"": 8, ""name"": ""Liempo - Meal"", ""price"": 189, ""quantity"": 1}]",189.00,COMPLETED,walk-in,,,False,REGULAR,2026-06-04T03:46:28.635096+08:00,2026-06-04T03:46:28.635096+08:00
263,"{""id"": 242, ""order_detail"": {""id"": 263, ""slip_number"": ""6490901"", ""order_type"": """", ""payment_method"": """", ""table_number"": """", ""items_json"": [{""productId"": 10, ""name"": ""Leg - Unli"", ""price"": 159, ""quantity"": 2}, {""productId"": 1, ""name"": ""Coke - Mismo"", ""price"": 25, ""quantity"": 2}], ""order_mode"": ""REGULAR""}, ""android_id"": null, ""total"": ""368.00"", ""completed_at"": ""2026-05-02T12:00:00+08:00"", ""order"": 263}",,6490901,,,"[{""productId"": 10, ""name"": ""Leg - Unli"", ""price"": 159, ""quantity"": 2}, {""productId"": 1, ""name"": ""Coke - Mismo"", ""price"": 25, ""quantity"": 2}]",368.00,COMPLETED,walk-in,,,False,REGULAR,2026-06-04T03:46:28.632592+08:00,2026-06-04T03:46:28.632592+08:00
264,"{""id"": 243, ""order_detail"": {""id"": 264, ""slip_number"": ""6490902"", ""order_type"": """", ""payment_method"": """", ""table_number"": """", ""items_json"": [{""productId"": 9, ""name"": ""BBQ - Unli"", ""price"": 149, ""quantity"": 1}, {""productId"": 8, ""name"": ""Liempo - Meal"", ""price"": 189, ""quantity"": 1}, {""productId"": 10, ""name"": ""Leg - Meal"", ""price"": 149, ""quantity"": 1}], ""order_mode"": ""REGULAR""}, ""android_id"": null, ""total"": ""487.00"", ""completed_at"": ""2026-05-03T12:00:00+08:00"", ""order"": 264}",,6490902,,,"[{""productId"": 9, ""name"": ""BBQ - Unli"", ""price"": 149, ""quantity"": 1}, {""productId"": 8, ""name"": ""Liempo - Meal"", ""price"": 189, ""quantity"": 1}, {""productId"": 10, ""name"": ""Leg - Meal"", ""price"": 149, ""quantity"": 1}]",487.00,COMPLETED,walk-in,,,False,REGULAR,2026-06-04T03:46:28.625952+08:00,2026-06-04T03:46:28.625952+08:00
265,"{""id"": 244, ""order_detail"": {""id"": 265, ""slip_number"": ""6490903"", ""order_type"": """", ""payment_method"": """", ""table_number"": """", ""items_json"": [{""productId"": 7, ""name"": ""Pechopak - Meal"", ""price"": 169, ""quantity"": 1}, {""productId"": 9, ""name"": ""BBQ - Meal"", ""price"": 139, ""quantity"": 1}], ""order_mode"": ""REGULAR""}, ""android_id"": null, ""total"": ""308.00"", ""completed_at"": ""2026-05-03T12:00:00+08:00"", ""order"": 265}",,6490903,,,"[{""productId"": 7, ""name"": ""Pechopak - Meal"", ""price"": 169, ""quantity"": 1}, {""productId"": 9, ""name"": ""BBQ - Meal"", ""price"": 139, ""quantity"": 1}]",308.00,COMPLETED,walk-in,,,False,REGULAR,2026-06-04T03:46:28.617437+08:00,2026-06-04T03:46:28.617437+08:00
266,"{""id"": 245, ""order_detail"": {""id"": 266, ""slip_number"": ""6490904"", ""order_type"": """", ""payment_method"": """", ""table_number"": """", ""items_json"": [{""productId"": 10, ""name"": ""Leg - Unli"", ""price"": 159, ""quantity"": 2}], ""order_mode"": ""REGULAR""}, ""android_id"": null, ""total"": ""318.00"", ""completed_at"": ""2026-05-03T12:00:00+08:00"", ""order"": 266}",,6490904,,,"[{""productId"": 10, ""name"": ""Leg - Unli"", ""price"": 159, ""quantity"": 2}]",318.00,COMPLETED,walk-in,,,False,REGULAR,2026-06-04T03:46:28.603256+08:00,2026-06-04T03:46:28.603256+08:00
267,"{""id"": 246, ""order_detail"": {""id"": 267, ""slip_number"": ""6490905"", ""order_type"": """", ""payment_method"": """", ""table_number"": """", ""items_json"": [{""productId"": 10, ""name"": ""Leg - Only"", ""price"": 139, ""quantity"": 1}], ""order_mode"": ""REGULAR""}, ""android_id"": null, ""total"": ""139.00"", ""completed_at"": ""2026-05-03T12:00:00+08:00"", ""order"": 267}",,6490905,,,"[{""productId"": 10, ""name"": ""Leg - Only"", ""price"": 139, ""quantity"": 1}]",139.00,COMPLETED,walk-in,,,False,REGULAR,2026-06-04T03:46:28.594084+08:00,2026-06-04T03:46:28.594084+08:00
268,"{""id"": 247, ""order_detail"": {""id"": 268, ""slip_number"": ""6490906"", ""order_type"": """", ""payment_method"": """", ""table_number"": """", ""items_json"": [{""productId"": 8, ""name"": ""Liempo - Meal"", ""price"": 189, ""quantity"": 1}, {""productId"": 7, ""name"": ""Pechopak - Unli"", ""price"": 179, ""quantity"": 1}, {""productId"": 10, ""name"": ""Leg - Meal"", ""price"": 149, ""quantity"": 1}, {""productId"": 1, ""name"": ""Coke - 1.5"", ""price"": 120, ""quantity"": 1}], ""order_mode"": ""REGULAR""}, ""android_id"": null, ""total"": ""637.00"", ""completed_at"": ""2026-05-03T12:00:00+08:00"", ""order"": 268}",,6490906,,,"[{""productId"": 8, ""name"": ""Liempo - Meal"", ""price"": 189, ""quantity"": 1}, {""productId"": 7, ""name"": ""Pechopak - Unli"", ""price"": 179, ""quantity"": 1}, {""productId"": 10, ""name"": ""Leg - Meal"", ""price"": 149, ""quantity"": 1}, {""productId"": 1, ""name"": ""Coke - 1.5"", ""price"": 120, ""quantity"": 1}]",637.00,COMPLETED,walk-in,,,False,REGULAR,2026-06-04T03:46:28.581032+08:00,2026-06-04T03:46:28.581032+08:00
269,"{""id"": 248, ""order_detail"": {""id"": 269, ""slip_number"": ""6490907"", ""order_type"": """", ""payment_method"": """", ""table_number"": """", ""items_json"": [{""productId"": 10, ""name"": ""Leg - Meal"", ""price"": 149, ""quantity"": 1}, {""productId"": 7, ""name"": ""Pechopak - Unli"", ""price"": 179, ""quantity"": 1}], ""order_mode"": ""REGULAR""}, ""android_id"": null, ""total"": ""328.00"", ""completed_at"": ""2026-05-03T12:00:00+08:00"", ""order"": 269}",,6490907,,,"[{""productId"": 10, ""name"": ""Leg - Meal"", ""price"": 149, ""quantity"": 1}, {""productId"": 7, ""name"": ""Pechopak - Unli"", ""price"": 179, ""quantity"": 1}]",328.00,COMPLETED,walk-in,,,False,REGULAR,2026-06-04T03:46:28.572802+08:00,2026-06-04T03:46:28.572802+08:00
270,"{""id"": 249, ""order_detail"": {""id"": 270, ""slip_number"": ""6490908"", ""order_type"": """", ""payment_method"": """", ""table_number"": """", ""items_json"": [{""productId"": 7, ""name"": ""Pechopak - Unli"", ""price"": 179, ""quantity"": 2}, {""productId"": 1, ""name"": ""Coke - Mismo"", ""price"": 25, ""quantity"": 2}], ""order_mode"": ""REGULAR""}, ""android_id"": null, ""total"": ""408.00"", ""completed_at"": ""2026-05-03T12:00:00+08:00"", ""order"": 270}",,6490908,,,"[{""productId"": 7, ""name"": ""Pechopak - Unli"", ""price"": 179, ""quantity"": 2}, {""productId"": 1, ""name"": ""Coke - Mismo"", ""price"": 25, ""quantity"": 2}]",408.00,COMPLETED,walk-in,,,False,REGULAR,2026-06-04T03:46:28.556140+08:00,2026-06-04T03:46:28.556140+08:00
271,"{""id"": 250, ""order_detail"": {""id"": 271, ""slip_number"": ""6490909"", ""order_type"": """", ""payment_method"": """", ""table_number"": """", ""items_json"": [{""productId"": 7, ""name"": ""Pechopak - Meal"", ""price"": 169, ""quantity"": 1}], ""order_mode"": ""REGULAR""}, ""android_id"": null, ""total"": ""169.00"", ""completed_at"": ""2026-05-03T12:00:00+08:00"", ""order"": 271}",,6490909,,,"[{""productId"": 7, ""name"": ""Pechopak - Meal"", ""price"": 169, ""quantity"": 1}]",169.00,COMPLETED,walk-in,,,False,REGULAR,2026-06-04T03:46:28.554140+08:00,2026-06-04T03:46:28.554140+08:00
272,"{""id"": 251, ""order_detail"": {""id"": 272, ""slip_number"": ""6490910"", ""order_type"": """", ""payment_method"": """", ""table_number"": """", ""items_json"": [{""productId"": 10, ""name"": ""Leg - Unli"", ""price"": 159, ""quantity"": 4}, {""productId"": 5, ""name"": ""Sprite - 1.5"", ""price"": 120, ""quantity"": 1}], ""order_mode"": ""REGULAR""}, ""android_id"": null, ""total"": ""756.00"", ""completed_at"": ""2026-05-03T12:00:00+08:00"", ""order"": 272}",,6490910,,,"[{""productId"": 10, ""name"": ""Leg - Unli"", ""price"": 159, ""quantity"": 4}, {""productId"": 5, ""name"": ""Sprite - 1.5"", ""price"": 120, ""quantity"": 1}]",756.00,COMPLETED,walk-in,,,False,REGULAR,2026-06-04T03:46:28.551629+08:00,2026-06-04T03:46:28.551629+08:00
273,"{""id"": 252, ""order_detail"": {""id"": 273, ""slip_number"": ""6490911"", ""order_type"": """", ""payment_method"": """", ""table_number"": """", ""items_json"": [{""productId"": 11, ""name"": ""Wings - Unli"", ""price"": 139, ""quantity"": 2}], ""order_mode"": ""REGULAR""}, ""android_id"": null, ""total"": ""278.00"", ""completed_at"": ""2026-05-03T12:00:00+08:00"", ""order"": 273}",,6490911,,,"[{""productId"": 11, ""name"": ""Wings - Unli"", ""price"": 139, ""quantity"": 2}]",278.00,COMPLETED,walk-in,,,False,REGULAR,2026-06-04T03:46:28.533407+08:00,2026-06-04T03:46:28.533407+08:00
274,"{""id"": 253, ""order_detail"": {""id"": 274, ""slip_number"": ""6490912"", ""order_type"": """", ""payment_method"": """", ""table_number"": """", ""items_json"": [{""productId"": 10, ""name"": ""Leg - Unli"", ""price"": 159, ""quantity"": 2}], ""order_mode"": ""REGULAR""}, ""android_id"": null, ""total"": ""318.00"", ""completed_at"": ""2026-05-03T12:00:00+08:00"", ""order"": 274}",,6490912,,,"[{""productId"": 10, ""name"": ""Leg - Unli"", ""price"": 159, ""quantity"": 2}]",318.00,COMPLETED,walk-in,,,False,REGULAR,2026-06-04T03:46:28.530899+08:00,2026-06-04T03:46:28.530899+08:00
275,"{""id"": 254, ""order_detail"": {""id"": 275, ""slip_number"": ""6490913"", ""order_type"": """", ""payment_method"": """", ""table_number"": """", ""items_json"": [{""productId"": 10, ""name"": ""Leg - Unli"", ""price"": 159, ""quantity"": 2}], ""order_mode"": ""REGULAR""}, ""android_id"": null, ""total"": ""318.00"", ""completed_at"": ""2026-05-03T12:00:00+08:00"", ""order"": 275}",,6490913,,,"[{""productId"": 10, ""name"": ""Leg - Unli"", ""price"": 159, ""quantity"": 2}]",318.00,COMPLETED,walk-in,,,False,REGULAR,2026-06-04T03:46:28.523901+08:00,2026-06-04T03:46:28.523901+08:00
276,"{""id"": 255, ""order_detail"": {""id"": 276, ""slip_number"": ""6490914"", ""order_type"": """", ""payment_method"": """", ""table_number"": """", ""items_json"": [{""productId"": 7, ""name"": ""Pechopak - Unli"", ""price"": 179, ""quantity"": 2}], ""order_mode"": ""REGULAR""}, ""android_id"": null, ""total"": ""358.00"", ""completed_at"": ""2026-05-03T12:00:00+08:00"", ""order"": 276}",,6490914,,,"[{""productId"": 7, ""name"": ""Pechopak - Unli"", ""price"": 179, ""quantity"": 2}]",358.00,COMPLETED,walk-in,,,False,REGULAR,2026-06-04T03:46:28.520364+08:00,2026-06-04T03:46:28.520364+08:00
277,"{""id"": 256, ""order_detail"": {""id"": 277, ""slip_number"": ""6490915"", ""order_type"": """", ""payment_method"": """", ""table_number"": """", ""items_json"": [{""productId"": 10, ""name"": ""Leg - Meal"", ""price"": 149, ""quantity"": 3}, {""productId"": 1, ""name"": ""Coke - Mismo"", ""price"": 25, ""quantity"": 2}], ""order_mode"": ""REGULAR""}, ""android_id"": null, ""total"": ""497.00"", ""completed_at"": ""2026-05-03T12:00:00+08:00"", ""order"": 277}",,6490915,,,"[{""productId"": 10, ""name"": ""Leg - Meal"", ""price"": 149, ""quantity"": 3}, {""productId"": 1, ""name"": ""Coke - Mismo"", ""price"": 25, ""quantity"": 2}]",497.00,COMPLETED,walk-in,,,False,REGULAR,2026-06-04T03:46:28.505965+08:00,2026-06-04T03:46:28.505965+08:00
278,"{""id"": 257, ""order_detail"": {""id"": 278, ""slip_number"": ""6490916"", ""order_type"": """", ""payment_method"": """", ""table_number"": """", ""items_json"": [{""productId"": 7, ""name"": ""Pechopak - Unli"", ""price"": 179, ""quantity"": 1}], ""order_mode"": ""REGULAR""}, ""android_id"": null, ""total"": ""179.00"", ""completed_at"": ""2026-05-03T12:00:00+08:00"", ""order"": 278}",,6490916,,,"[{""productId"": 7, ""name"": ""Pechopak - Unli"", ""price"": 179, ""quantity"": 1}]",179.00,COMPLETED,walk-in,,,False,REGULAR,2026-06-04T03:46:28.503965+08:00,2026-06-04T03:46:28.503965+08:00
279,"{""id"": 258, ""order_detail"": {""id"": 279, ""slip_number"": ""6490917"", ""order_type"": """", ""payment_method"": """", ""table_number"": """", ""items_json"": [{""productId"": 10, ""name"": ""Leg - Only"", ""price"": 139, ""quantity"": 3}], ""order_mode"": ""REGULAR""}, ""android_id"": null, ""total"": ""417.00"", ""completed_at"": ""2026-05-03T12:00:00+08:00"", ""order"": 279}",,6490917,,,"[{""productId"": 10, ""name"": ""Leg - Only"", ""price"": 139, ""quantity"": 3}]",417.00,COMPLETED,walk-in,,,False,REGULAR,2026-06-04T03:46:28.501417+08:00,2026-06-04T03:46:28.501417+08:00
280,"{""id"": 259, ""order_detail"": {""id"": 280, ""slip_number"": ""6490918"", ""order_type"": """", ""payment_method"": """", ""table_number"": """", ""items_json"": [{""productId"": 10, ""name"": ""Leg - Unli"", ""price"": 159, ""quantity"": 1}, {""productId"": 7, ""name"": ""Pechopak - Unli"", ""price"": 179, ""quantity"": 1}], ""order_mode"": ""REGULAR""}, ""android_id"": null, ""total"": ""338.00"", ""completed_at"": ""2026-05-03T12:00:00+08:00"", ""order"": 280}",,6490918,,,"[{""productId"": 10, ""name"": ""Leg - Unli"", ""price"": 159, ""quantity"": 1}, {""productId"": 7, ""name"": ""Pechopak - Unli"", ""price"": 179, ""quantity"": 1}]",338.00,COMPLETED,walk-in,,,False,REGULAR,2026-06-04T03:46:28.484885+08:00,2026-06-04T03:46:28.484885+08:00
281,"{""id"": 260, ""order_detail"": {""id"": 281, ""slip_number"": ""6490919"", ""order_type"": """", ""payment_method"": """", ""table_number"": """", ""items_json"": [{""productId"": 8, ""name"": ""Liempo - Meal"", ""price"": 189, ""quantity"": 1}], ""order_mode"": ""REGULAR""}, ""android_id"": null, ""total"": ""189.00"", ""completed_at"": ""2026-05-03T12:00:00+08:00"", ""order"": 281}",,6490919,,,"[{""productId"": 8, ""name"": ""Liempo - Meal"", ""price"": 189, ""quantity"": 1}]",189.00,COMPLETED,walk-in,,,False,REGULAR,2026-06-04T03:46:28.482885+08:00,2026-06-04T03:46:28.482885+08:00
282,"{""id"": 261, ""order_detail"": {""id"": 282, ""slip_number"": ""6490920"", ""order_type"": """", ""payment_method"": """", ""table_number"": """", ""items_json"": [{""productId"": 9, ""name"": ""BBQ - Meal"", ""price"": 139, ""quantity"": 1}, {""productId"": 10, ""name"": ""Leg - Unli"", ""price"": 159, ""quantity"": 1}, {""productId"": 1, ""name"": ""Coke - Mismo"", ""price"": 25, ""quantity"": 1}, {""productId"": 4, ""name"": ""Royal - Mismo"", ""price"": 25, ""quantity"": 1}], ""order_mode"": ""REGULAR""}, ""android_id"": null, ""total"": ""348.00"", ""completed_at"": ""2026-05-03T12:00:00+08:00"", ""order"": 282}",,6490920,,,"[{""productId"": 9, ""name"": ""BBQ - Meal"", ""price"": 139, ""quantity"": 1}, {""productId"": 10, ""name"": ""Leg - Unli"", ""price"": 159, ""quantity"": 1}, {""productId"": 1, ""name"": ""Coke - Mismo"", ""price"": 25, ""quantity"": 1}, {""productId"": 4, ""name"": ""Royal - Mismo"", ""price"": 25, ""quantity"": 1}]",348.00,COMPLETED,walk-in,,,False,REGULAR,2026-06-04T03:46:28.480881+08:00,2026-06-04T03:46:28.480881+08:00
283,"{""id"": 262, ""order_detail"": {""id"": 283, ""slip_number"": ""9404821"", ""order_type"": """", ""payment_method"": """", ""table_number"": """", ""items_json"": [{""productId"": 7, ""name"": ""Pechopak - Meal"", ""price"": 169, ""quantity"": 2}, {""productId"": 10, ""name"": ""Leg - Meal"", ""price"": 149, ""quantity"": 1}, {""productId"": 7, ""name"": ""Pechopak - Unli"", ""price"": 179, ""quantity"": 3}], ""order_mode"": ""REGULAR""}, ""android_id"": null, ""total"": ""1024.00"", ""completed_at"": ""2026-05-03T12:00:00+08:00"", ""order"": 283}",,9404821,,,"[{""productId"": 7, ""name"": ""Pechopak - Meal"", ""price"": 169, ""quantity"": 2}, {""productId"": 10, ""name"": ""Leg - Meal"", ""price"": 149, ""quantity"": 1}, {""productId"": 7, ""name"": ""Pechopak - Unli"", ""price"": 179, ""quantity"": 3}]",1024.00,COMPLETED,walk-in,,,False,REGULAR,2026-06-04T03:46:28.471939+08:00,2026-06-04T03:46:28.471939+08:00
284,"{""id"": 263, ""order_detail"": {""id"": 284, ""slip_number"": ""9404822"", ""order_type"": """", ""payment_method"": """", ""table_number"": """", ""items_json"": [{""productId"": 10, ""name"": ""Leg - Meal"", ""price"": 149, ""quantity"": 1}, {""productId"": 7, ""name"": ""Pechopak - Meal"", ""price"": 169, ""quantity"": 1}, {""productId"": 3, ""name"": ""Icetea - Icetea Glass"", ""price"": 39, ""quantity"": 1}], ""order_mode"": ""REGULAR""}, ""android_id"": null, ""total"": ""357.00"", ""completed_at"": ""2026-05-03T12:00:00+08:00"", ""order"": 284}",,9404822,,,"[{""productId"": 10, ""name"": ""Leg - Meal"", ""price"": 149, ""quantity"": 1}, {""productId"": 7, ""name"": ""Pechopak - Meal"", ""price"": 169, ""quantity"": 1}, {""productId"": 3, ""name"": ""Icetea - Icetea Glass"", ""price"": 39, ""quantity"": 1}]",357.00,COMPLETED,walk-in,,,False,REGULAR,2026-06-04T03:46:28.462304+08:00,2026-06-04T03:46:28.462304+08:00
285,"{""id"": 264, ""order_detail"": {""id"": 285, ""slip_number"": ""9404823"", ""order_type"": """", ""payment_method"": """", ""table_number"": """", ""items_json"": [{""productId"": 2, ""name"": ""Rice - Extra"", ""price"": 20, ""quantity"": 1}], ""order_mode"": ""REGULAR""}, ""android_id"": null, ""total"": ""20.00"", ""completed_at"": ""2026-05-03T12:00:00+08:00"", ""order"": 285}",,9404823,,,"[{""productId"": 2, ""name"": ""Rice - Extra"", ""price"": 20, ""quantity"": 1}]",20.00,COMPLETED,walk-in,,,False,REGULAR,2026-06-04T03:46:28.455280+08:00,2026-06-04T03:46:28.455280+08:00
286,"{""id"": 265, ""order_detail"": {""id"": 286, ""slip_number"": ""9404824"", ""order_type"": """", ""payment_method"": """", ""table_number"": """", ""items_json"": [{""productId"": 7, ""name"": ""Pechopak - Only"", ""price"": 159, ""quantity"": 1}], ""order_mode"": ""REGULAR""}, ""android_id"": null, ""total"": ""159.00"", ""completed_at"": ""2026-05-03T12:00:00+08:00"", ""order"": 286}",,9404824,,,"[{""productId"": 7, ""name"": ""Pechopak - Only"", ""price"": 159, ""quantity"": 1}]",159.00,COMPLETED,walk-in,,,False,REGULAR,2026-06-04T03:46:28.452280+08:00,2026-06-04T03:46:28.452280+08:00
287,"{""id"": 266, ""order_detail"": {""id"": 287, ""slip_number"": ""9404825"", ""order_type"": """", ""payment_method"": """", ""table_number"": """", ""items_json"": [{""productId"": 7, ""name"": ""Pechopak - Unli"", ""price"": 179, ""quantity"": 3}, {""productId"": 7, ""name"": ""Pechopak - Meal"", ""price"": 169, ""quantity"": 1}], ""order_mode"": ""REGULAR""}, ""android_id"": null, ""total"": ""706.00"", ""completed_at"": ""2026-05-03T12:00:00+08:00"", ""order"": 287}",,9404825,,,"[{""productId"": 7, ""name"": ""Pechopak - Unli"", ""price"": 179, ""quantity"": 3}, {""productId"": 7, ""name"": ""Pechopak - Meal"", ""price"": 169, ""quantity"": 1}]",706.00,COMPLETED,walk-in,,,False,REGULAR,2026-06-04T03:46:28.442244+08:00,2026-06-04T03:46:28.442244+08:00
288,"{""id"": 267, ""order_detail"": {""id"": 288, ""slip_number"": ""9404826"", ""order_type"": """", ""payment_method"": """", ""table_number"": """", ""items_json"": [{""productId"": 8, ""name"": ""Liempo - Unli"", ""price"": 199, ""quantity"": 1}, {""productId"": 7, ""name"": ""Pechopak - Meal"", ""price"": 169, ""quantity"": 1}, {""productId"": 3, ""name"": ""Icetea - Icetea Glass"", ""price"": 39, ""quantity"": 1}], ""order_mode"": ""REGULAR""}, ""android_id"": null, ""total"": ""407.00"", ""completed_at"": ""2026-05-03T12:00:00+08:00"", ""order"": 288}",,9404826,,,"[{""productId"": 8, ""name"": ""Liempo - Unli"", ""price"": 199, ""quantity"": 1}, {""productId"": 7, ""name"": ""Pechopak - Meal"", ""price"": 169, ""quantity"": 1}, {""productId"": 3, ""name"": ""Icetea - Icetea Glass"", ""price"": 39, ""quantity"": 1}]",407.00,COMPLETED,walk-in,,,False,REGULAR,2026-06-04T03:46:28.436361+08:00,2026-06-04T03:46:28.436361+08:00
289,"{""id"": 268, ""order_detail"": {""id"": 289, ""slip_number"": ""9404827"", ""order_type"": """", ""payment_method"": """", ""table_number"": """", ""items_json"": [{""productId"": 10, ""name"": ""Leg - Unli"", ""price"": 159, ""quantity"": 1}, {""productId"": 7, ""name"": ""Pechopak - Meal"", ""price"": 169, ""quantity"": 1}, {""productId"": 7, ""name"": ""Pechopak - Unli"", ""price"": 179, ""quantity"": 1}, {""productId"": 3, ""name"": ""Icetea - Icetea Glass"", ""price"": 39, ""quantity"": 2}], ""order_mode"": ""REGULAR""}, ""android_id"": null, ""total"": ""585.00"", ""completed_at"": ""2026-05-03T12:00:00+08:00"", ""order"": 289}",,9404827,,,"[{""productId"": 10, ""name"": ""Leg - Unli"", ""price"": 159, ""quantity"": 1}, {""productId"": 7, ""name"": ""Pechopak - Meal"", ""price"": 169, ""quantity"": 1}, {""productId"": 7, ""name"": ""Pechopak - Unli"", ""price"": 179, ""quantity"": 1}, {""productId"": 3, ""name"": ""Icetea - Icetea Glass"", ""price"": 39, ""quantity"": 2}]",585.00,COMPLETED,walk-in,,,False,REGULAR,2026-06-04T03:46:28.431360+08:00,2026-06-04T03:46:28.431360+08:00
290,"{""id"": 269, ""order_detail"": {""id"": 290, ""slip_number"": ""9404828"", ""order_type"": """", ""payment_method"": """", ""table_number"": """", ""items_json"": [{""productId"": 11, ""name"": ""Wings - Unli"", ""price"": 139, ""quantity"": 2}], ""order_mode"": ""REGULAR""}, ""android_id"": null, ""total"": ""278.00"", ""completed_at"": ""2026-05-03T12:00:00+08:00"", ""order"": 290}",,9404828,,,"[{""productId"": 11, ""name"": ""Wings - Unli"", ""price"": 139, ""quantity"": 2}]",278.00,COMPLETED,walk-in,,,False,REGULAR,2026-06-04T03:46:28.428356+08:00,2026-06-04T03:46:28.428356+08:00
291,"{""id"": 270, ""order_detail"": {""id"": 291, ""slip_number"": ""9404829"", ""order_type"": """", ""payment_method"": """", ""table_number"": """", ""items_json"": [{""productId"": 11, ""name"": ""Wings - Unli"", ""price"": 139, ""quantity"": 4}], ""order_mode"": ""REGULAR""}, ""android_id"": null, ""total"": ""556.00"", ""completed_at"": ""2026-05-03T12:00:00+08:00"", ""order"": 291}",,9404829,,,"[{""productId"": 11, ""name"": ""Wings - Unli"", ""price"": 139, ""quantity"": 4}]",556.00,COMPLETED,walk-in,,,False,REGULAR,2026-06-04T03:46:28.422713+08:00,2026-06-04T03:46:28.422713+08:00
292,"{""id"": 271, ""order_detail"": {""id"": 292, ""slip_number"": ""9404830"", ""order_type"": """", ""payment_method"": """", ""table_number"": """", ""items_json"": [{""productId"": 9, ""name"": ""BBQ - Unli"", ""price"": 149, ""quantity"": 1}], ""order_mode"": ""REGULAR""}, ""android_id"": null, ""total"": ""149.00"", ""completed_at"": ""2026-05-03T12:00:00+08:00"", ""order"": 292}",,9404830,,,"[{""productId"": 9, ""name"": ""BBQ - Unli"", ""price"": 149, ""quantity"": 1}]",149.00,COMPLETED,walk-in,,,False,REGULAR,2026-06-04T03:46:28.414451+08:00,2026-06-04T03:46:28.414451+08:00
293,"{""id"": 272, ""order_detail"": {""id"": 293, ""slip_number"": ""9404831"", ""order_type"": """", ""payment_method"": """", ""table_number"": """", ""items_json"": [{""productId"": 3, ""name"": ""Icetea - Icetea Glass"", ""price"": 39, ""quantity"": 2}], ""order_mode"": ""REGULAR""}, ""android_id"": null, ""total"": ""78.00"", ""completed_at"": ""2026-05-03T12:00:00+08:00"", ""order"": 293}",,9404831,,,"[{""productId"": 3, ""name"": ""Icetea - Icetea Glass"", ""price"": 39, ""quantity"": 2}]",78.00,COMPLETED,walk-in,,,False,REGULAR,2026-06-04T03:46:28.410930+08:00,2026-06-04T03:46:28.410930+08:00
294,"{""id"": 273, ""order_detail"": {""id"": 294, ""slip_number"": ""9404832"", ""order_type"": """", ""payment_method"": """", ""table_number"": """", ""items_json"": [{""productId"": 3, ""name"": ""Icetea - Icetea Pitcher"", ""price"": 129, ""quantity"": 1}], ""order_mode"": ""REGULAR""}, ""android_id"": null, ""total"": ""129.00"", ""completed_at"": ""2026-05-03T12:00:00+08:00"", ""order"": 294}",,9404832,,,"[{""productId"": 3, ""name"": ""Icetea - Icetea Pitcher"", ""price"": 129, ""quantity"": 1}]",129.00,COMPLETED,walk-in,,,False,REGULAR,2026-06-04T03:46:28.402496+08:00,2026-06-04T03:46:28.402496+08:00
295,"{""id"": 274, ""order_detail"": {""id"": 295, ""slip_number"": ""9404833"", ""order_type"": """", ""payment_method"": """", ""table_number"": """", ""items_json"": [{""productId"": 9, ""name"": ""BBQ - Only"", ""price"": 129, ""quantity"": 1}], ""order_mode"": ""REGULAR""}, ""android_id"": null, ""total"": ""129.00"", ""completed_at"": ""2026-05-03T12:00:00+08:00"", ""order"": 295}",,9404833,,,"[{""productId"": 9, ""name"": ""BBQ - Only"", ""price"": 129, ""quantity"": 1}]",129.00,COMPLETED,walk-in,,,False,REGULAR,2026-06-04T03:46:28.395356+08:00,2026-06-04T03:46:28.395356+08:00
296,"{""id"": 275, ""order_detail"": {""id"": 296, ""slip_number"": ""9404834"", ""order_type"": """", ""payment_method"": """", ""table_number"": """", ""items_json"": [{""productId"": 7, ""name"": ""Pechopak - Unli"", ""price"": 179, ""quantity"": 1}, {""productId"": 9, ""name"": ""BBQ - Meal"", ""price"": 139, ""quantity"": 1}], ""order_mode"": ""REGULAR""}, ""android_id"": null, ""total"": ""318.00"", ""completed_at"": ""2026-05-03T12:00:00+08:00"", ""order"": 296}",,9404834,,,"[{""productId"": 7, ""name"": ""Pechopak - Unli"", ""price"": 179, ""quantity"": 1}, {""productId"": 9, ""name"": ""BBQ - Meal"", ""price"": 139, ""quantity"": 1}]",318.00,COMPLETED,walk-in,,,False,REGULAR,2026-06-04T03:46:28.383176+08:00,2026-06-04T03:46:28.383176+08:00
297,"{""id"": 276, ""order_detail"": {""id"": 297, ""slip_number"": ""9404835"", ""order_type"": """", ""payment_method"": """", ""table_number"": """", ""items_json"": [{""productId"": 7, ""name"": ""Pechopak - Unli"", ""price"": 179, ""quantity"": 1}], ""order_mode"": ""REGULAR""}, ""android_id"": null, ""total"": ""179.00"", ""completed_at"": ""2026-05-04T12:00:00+08:00"", ""order"": 297}",,9404835,,,"[{""productId"": 7, ""name"": ""Pechopak - Unli"", ""price"": 179, ""quantity"": 1}]",179.00,COMPLETED,walk-in,,,False,REGULAR,2026-06-04T03:46:28.375526+08:00,2026-06-04T03:46:28.375526+08:00
298,"{""id"": 277, ""order_detail"": {""id"": 298, ""slip_number"": ""9404836"", ""order_type"": """", ""payment_method"": """", ""table_number"": """", ""items_json"": [{""productId"": 9, ""name"": ""BBQ - Unli"", ""price"": 149, ""quantity"": 2}, {""productId"": 5, ""name"": ""Sprite - Mismo"", ""price"": 25, ""quantity"": 1}, {""productId"": 1, ""name"": ""Coke - Mismo"", ""price"": 25, ""quantity"": 1}], ""order_mode"": ""REGULAR""}, ""android_id"": null, ""total"": ""348.00"", ""completed_at"": ""2026-05-04T12:00:00+08:00"", ""order"": 298}",,9404836,,,"[{""productId"": 9, ""name"": ""BBQ - Unli"", ""price"": 149, ""quantity"": 2}, {""productId"": 5, ""name"": ""Sprite - Mismo"", ""price"": 25, ""quantity"": 1}, {""productId"": 1, ""name"": ""Coke - Mismo"", ""price"": 25, ""quantity"": 1}]",348.00,COMPLETED,walk-in,,,False,REGULAR,2026-06-04T03:46:28.364015+08:00,2026-06-04T03:46:28.364015+08:00
299,"{""id"": 278, ""order_detail"": {""id"": 299, ""slip_number"": ""9404837"", ""order_type"": """", ""payment_method"": """", ""table_number"": """", ""items_json"": [{""productId"": 7, ""name"": ""Pechopak - Unli"", ""price"": 179, ""quantity"": 2}, {""productId"": 0, ""name"": ""Delivery Fee 1"", ""price"": 0, ""quantity"": 1}], ""order_mode"": ""REGULAR""}, ""android_id"": null, ""total"": ""358.00"", ""completed_at"": ""2026-05-04T12:00:00+08:00"", ""order"": 299}",,9404837,,,"[{""productId"": 7, ""name"": ""Pechopak - Unli"", ""price"": 179, ""quantity"": 2}, {""productId"": 0, ""name"": ""Delivery Fee 1"", ""price"": 0, ""quantity"": 1}]",358.00,COMPLETED,walk-in,,,False,REGULAR,2026-06-04T03:46:28.355259+08:00,2026-06-04T03:46:28.355259+08:00
300,"{""id"": 279, ""order_detail"": {""id"": 300, ""slip_number"": ""9404838"", ""order_type"": """", ""payment_method"": """", ""table_number"": """", ""items_json"": [{""productId"": 10, ""name"": ""Leg - Unli"", ""price"": 159, ""quantity"": 3}], ""order_mode"": ""REGULAR""}, ""android_id"": null, ""total"": ""477.00"", ""completed_at"": ""2026-05-04T12:00:00+08:00"", ""order"": 300}",,9404838,,,"[{""productId"": 10, ""name"": ""Leg - Unli"", ""price"": 159, ""quantity"": 3}]",477.00,COMPLETED,walk-in,,,False,REGULAR,2026-06-04T03:46:28.345150+08:00,2026-06-04T03:46:28.345150+08:00
301,"{""id"": 280, ""order_detail"": {""id"": 301, ""slip_number"": ""9404840"", ""order_type"": """", ""payment_method"": """", ""table_number"": """", ""items_json"": [{""productId"": 10, ""name"": ""Leg - Meal"", ""price"": 149, ""quantity"": 2}, {""productId"": 7, ""name"": ""Pechopak - Meal"", ""price"": 169, ""quantity"": 4}, {""productId"": 7, ""name"": ""Pechopak - Unli"", ""price"": 179, ""quantity"": 1}, {""productId"": 9, ""name"": ""BBQ - Meal"", ""price"": 139, ""quantity"": 1}, {""productId"": 11, ""name"": ""Wings - Meal"", ""price"": 129, ""quantity"": 1}, {""productId"": 1, ""name"": ""Coke - 1.5"", ""price"": 120, ""quantity"": 1}], ""order_mode"": ""REGULAR""}, ""android_id"": null, ""total"": ""1541.00"", ""completed_at"": ""2026-05-04T12:00:00+08:00"", ""order"": 301}",,9404840,,,"[{""productId"": 10, ""name"": ""Leg - Meal"", ""price"": 149, ""quantity"": 2}, {""productId"": 7, ""name"": ""Pechopak - Meal"", ""price"": 169, ""quantity"": 4}, {""productId"": 7, ""name"": ""Pechopak - Unli"", ""price"": 179, ""quantity"": 1}, {""productId"": 9, ""name"": ""BBQ - Meal"", ""price"": 139, ""quantity"": 1}, {""productId"": 11, ""name"": ""Wings - Meal"", ""price"": 129, ""quantity"": 1}, {""productId"": 1, ""name"": ""Coke - 1.5"", ""price"": 120, ""quantity"": 1}]",1541.00,COMPLETED,walk-in,,,False,REGULAR,2026-06-04T03:46:28.335020+08:00,2026-06-04T03:46:28.335020+08:00
302,"{""id"": 281, ""order_detail"": {""id"": 302, ""slip_number"": ""9404841"", ""order_type"": """", ""payment_method"": """", ""table_number"": """", ""items_json"": [{""productId"": 10, ""name"": ""Leg - Unli"", ""price"": 159, ""quantity"": 1}, {""productId"": 8, ""name"": ""Liempo - Unli"", ""price"": 199, ""quantity"": 1}], ""order_mode"": ""REGULAR""}, ""android_id"": null, ""total"": ""358.00"", ""completed_at"": ""2026-05-04T12:00:00+08:00"", ""order"": 302}",,9404841,,,"[{""productId"": 10, ""name"": ""Leg - Unli"", ""price"": 159, ""quantity"": 1}, {""productId"": 8, ""name"": ""Liempo - Unli"", ""price"": 199, ""quantity"": 1}]",358.00,COMPLETED,walk-in,,,False,REGULAR,2026-06-04T03:46:28.331504+08:00,2026-06-04T03:46:28.331504+08:00
303,"{""id"": 282, ""order_detail"": {""id"": 303, ""slip_number"": ""9404842"", ""order_type"": """", ""payment_method"": """", ""table_number"": """", ""items_json"": [{""productId"": 10, ""name"": ""Leg - Meal"", ""price"": 149, ""quantity"": 3}], ""order_mode"": ""REGULAR""}, ""android_id"": null, ""total"": ""447.00"", ""completed_at"": ""2026-05-04T12:00:00+08:00"", ""order"": 303}",,9404842,,,"[{""productId"": 10, ""name"": ""Leg - Meal"", ""price"": 149, ""quantity"": 3}]",447.00,COMPLETED,walk-in,,,False,REGULAR,2026-06-04T03:46:28.326505+08:00,2026-06-04T03:46:28.326505+08:00
304,"{""id"": 283, ""order_detail"": {""id"": 304, ""slip_number"": ""9404843"", ""order_type"": """", ""payment_method"": """", ""table_number"": """", ""items_json"": [{""productId"": 10, ""name"": ""Leg - Only"", ""price"": 139, ""quantity"": 2}], ""order_mode"": ""REGULAR""}, ""android_id"": null, ""total"": ""278.00"", ""completed_at"": ""2026-05-04T12:00:00+08:00"", ""order"": 304}",,9404843,,,"[{""productId"": 10, ""name"": ""Leg - Only"", ""price"": 139, ""quantity"": 2}]",278.00,COMPLETED,walk-in,,,False,REGULAR,2026-06-04T03:46:28.312419+08:00,2026-06-04T03:46:28.312419+08:00
305,"{""id"": 284, ""order_detail"": {""id"": 305, ""slip_number"": ""9404844"", ""order_type"": """", ""payment_method"": """", ""table_number"": """", ""items_json"": [{""productId"": 10, ""name"": ""Leg - Unli"", ""price"": 159, ""quantity"": 2}], ""order_mode"": ""REGULAR""}, ""android_id"": null, ""total"": ""318.00"", ""completed_at"": ""2026-05-04T12:00:00+08:00"", ""order"": 305}",,9404844,,,"[{""productId"": 10, ""name"": ""Leg - Unli"", ""price"": 159, ""quantity"": 2}]",318.00,COMPLETED,walk-in,,,False,REGULAR,2026-06-04T03:46:28.305417+08:00,2026-06-04T03:46:28.305417+08:00
306,"{""id"": 285, ""order_detail"": {""id"": 306, ""slip_number"": ""9404845"", ""order_type"": """", ""payment_method"": """", ""table_number"": """", ""items_json"": [{""productId"": 7, ""name"": ""Pechopak - Unli"", ""price"": 179, ""quantity"": 2}], ""order_mode"": ""REGULAR""}, ""android_id"": null, ""total"": ""358.00"", ""completed_at"": ""2026-05-04T12:00:00+08:00"", ""order"": 306}",,9404845,,,"[{""productId"": 7, ""name"": ""Pechopak - Unli"", ""price"": 179, ""quantity"": 2}]",358.00,COMPLETED,walk-in,,,False,REGULAR,2026-06-04T03:46:28.302907+08:00,2026-06-04T03:46:28.302907+08:00
307,"{""id"": 286, ""order_detail"": {""id"": 307, ""slip_number"": ""9404846"", ""order_type"": """", ""payment_method"": """", ""table_number"": """", ""items_json"": [{""productId"": 7, ""name"": ""Pechopak - Unli"", ""price"": 179, ""quantity"": 1}, {""productId"": 10, ""name"": ""Leg - Meal"", ""price"": 149, ""quantity"": 1}], ""order_mode"": ""REGULAR""}, ""android_id"": null, ""total"": ""328.00"", ""completed_at"": ""2026-05-04T12:00:00+08:00"", ""order"": 307}",,9404846,,,"[{""productId"": 7, ""name"": ""Pechopak - Unli"", ""price"": 179, ""quantity"": 1}, {""productId"": 10, ""name"": ""Leg - Meal"", ""price"": 149, ""quantity"": 1}]",328.00,COMPLETED,walk-in,,,False,REGULAR,2026-06-04T03:46:28.294164+08:00,2026-06-04T03:46:28.294164+08:00
308,"{""id"": 287, ""order_detail"": {""id"": 308, ""slip_number"": ""9404847"", ""order_type"": """", ""payment_method"": """", ""table_number"": """", ""items_json"": [{""productId"": 7, ""name"": ""Pechopak - Meal"", ""price"": 169, ""quantity"": 2}, {""productId"": 7, ""name"": ""Pechopak - Unli"", ""price"": 179, ""quantity"": 1}], ""order_mode"": ""REGULAR""}, ""android_id"": null, ""total"": ""517.00"", ""completed_at"": ""2026-05-04T12:00:00+08:00"", ""order"": 308}",,9404847,,,"[{""productId"": 7, ""name"": ""Pechopak - Meal"", ""price"": 169, ""quantity"": 2}, {""productId"": 7, ""name"": ""Pechopak - Unli"", ""price"": 179, ""quantity"": 1}]",517.00,COMPLETED,walk-in,,,False,REGULAR,2026-06-04T03:46:28.285151+08:00,2026-06-04T03:46:28.285151+08:00
309,"{""id"": 288, ""order_detail"": {""id"": 309, ""slip_number"": ""9404848"", ""order_type"": """", ""payment_method"": """", ""table_number"": """", ""items_json"": [{""productId"": 7, ""name"": ""Pechopak - Only"", ""price"": 159, ""quantity"": 1}], ""order_mode"": ""REGULAR""}, ""android_id"": null, ""total"": ""159.00"", ""completed_at"": ""2026-05-04T12:00:00+08:00"", ""order"": 309}",,9404848,,,"[{""productId"": 7, ""name"": ""Pechopak - Only"", ""price"": 159, ""quantity"": 1}]",159.00,COMPLETED,walk-in,,,False,REGULAR,2026-06-04T03:46:28.283803+08:00,2026-06-04T03:46:28.283803+08:00
310,"{""id"": 289, ""order_detail"": {""id"": 310, ""slip_number"": ""9404849"", ""order_type"": """", ""payment_method"": """", ""table_number"": """", ""items_json"": [{""productId"": 7, ""name"": ""Pechopak - Unli"", ""price"": 179, ""quantity"": 1}], ""order_mode"": ""REGULAR""}, ""android_id"": null, ""total"": ""179.00"", ""completed_at"": ""2026-05-04T12:00:00+08:00"", ""order"": 310}",,9404849,,,"[{""productId"": 7, ""name"": ""Pechopak - Unli"", ""price"": 179, ""quantity"": 1}]",179.00,COMPLETED,walk-in,,,False,REGULAR,2026-06-04T03:46:28.280797+08:00,2026-06-04T03:46:28.280797+08:00
311,"{""id"": 290, ""order_detail"": {""id"": 311, ""slip_number"": ""9404850"", ""order_type"": """", ""payment_method"": """", ""table_number"": """", ""items_json"": [{""productId"": 10, ""name"": ""Leg - Unli"", ""price"": 159, ""quantity"": 4}], ""order_mode"": ""REGULAR""}, ""android_id"": null, ""total"": ""636.00"", ""completed_at"": ""2026-05-04T12:00:00+08:00"", ""order"": 311}",,9404850,,,"[{""productId"": 10, ""name"": ""Leg - Unli"", ""price"": 159, ""quantity"": 4}]",636.00,COMPLETED,walk-in,,,False,REGULAR,2026-06-04T03:46:28.265328+08:00,2026-06-04T03:46:28.265328+08:00
312,"{""id"": 291, ""order_detail"": {""id"": 312, ""slip_number"": ""9404851"", ""order_type"": """", ""payment_method"": """", ""table_number"": """", ""items_json"": [{""productId"": 7, ""name"": ""Pechopak - Meal"", ""price"": 169, ""quantity"": 2}], ""order_mode"": ""REGULAR""}, ""android_id"": null, ""total"": ""338.00"", ""completed_at"": ""2026-05-04T12:00:00+08:00"", ""order"": 312}",,9404851,,,"[{""productId"": 7, ""name"": ""Pechopak - Meal"", ""price"": 169, ""quantity"": 2}]",338.00,COMPLETED,walk-in,,,False,REGULAR,2026-06-04T03:46:28.252921+08:00,2026-06-04T03:46:28.252921+08:00
313,"{""id"": 292, ""order_detail"": {""id"": 313, ""slip_number"": ""9404852"", ""order_type"": """", ""payment_method"": """", ""table_number"": """", ""items_json"": [{""productId"": 3, ""name"": ""Icetea - Icetea Glass"", ""price"": 39, ""quantity"": 2}], ""order_mode"": ""REGULAR""}, ""android_id"": null, ""total"": ""78.00"", ""completed_at"": ""2026-05-04T12:00:00+08:00"", ""order"": 313}",,9404852,,,"[{""productId"": 3, ""name"": ""Icetea - Icetea Glass"", ""price"": 39, ""quantity"": 2}]",78.00,COMPLETED,walk-in,,,False,REGULAR,2026-06-04T03:46:28.243922+08:00,2026-06-04T03:46:28.243922+08:00
314,"{""id"": 293, ""order_detail"": {""id"": 314, ""slip_number"": ""9404853"", ""order_type"": """", ""payment_method"": """", ""table_number"": """", ""items_json"": [{""productId"": 1, ""name"": ""Coke - Mismo"", ""price"": 25, ""quantity"": 1}, {""productId"": 2, ""name"": ""Rice - Extra"", ""price"": 20, ""quantity"": 1}], ""order_mode"": ""REGULAR""}, ""android_id"": null, ""total"": ""45.00"", ""completed_at"": ""2026-05-04T12:00:00+08:00"", ""order"": 314}",,9404853,,,"[{""productId"": 1, ""name"": ""Coke - Mismo"", ""price"": 25, ""quantity"": 1}, {""productId"": 2, ""name"": ""Rice - Extra"", ""price"": 20, ""quantity"": 1}]",45.00,COMPLETED,walk-in,,,False,REGULAR,2026-06-04T03:46:28.242412+08:00,2026-06-04T03:46:28.242412+08:00
315,"{""id"": 294, ""order_detail"": {""id"": 315, ""slip_number"": ""9404854"", ""order_type"": """", ""payment_method"": """", ""table_number"": """", ""items_json"": [{""productId"": 7, ""name"": ""Pechopak - Unli"", ""price"": 179, ""quantity"": 2}, {""productId"": 8, ""name"": ""Liempo - Unli"", ""price"": 199, ""quantity"": 2}, {""productId"": 1, ""name"": ""Coke - 1.5"", ""price"": 120, ""quantity"": 1}], ""order_mode"": ""REGULAR""}, ""android_id"": null, ""total"": ""876.00"", ""completed_at"": ""2026-05-04T12:00:00+08:00"", ""order"": 315}",,9404854,,,"[{""productId"": 7, ""name"": ""Pechopak - Unli"", ""price"": 179, ""quantity"": 2}, {""productId"": 8, ""name"": ""Liempo - Unli"", ""price"": 199, ""quantity"": 2}, {""productId"": 1, ""name"": ""Coke - 1.5"", ""price"": 120, ""quantity"": 1}]",876.00,COMPLETED,walk-in,,,False,REGULAR,2026-06-04T03:46:28.234411+08:00,2026-06-04T03:46:28.234411+08:00
316,"{""id"": 295, ""order_detail"": {""id"": 316, ""slip_number"": ""9404855"", ""order_type"": """", ""payment_method"": """", ""table_number"": """", ""items_json"": [{""productId"": 10, ""name"": ""Leg - Unli"", ""price"": 159, ""quantity"": 2}, {""productId"": 7, ""name"": ""Pechopak - Meal"", ""price"": 169, ""quantity"": 1}, {""productId"": 3, ""name"": ""Icetea - Icetea Glass"", ""price"": 39, ""quantity"": 2}], ""order_mode"": ""REGULAR""}, ""android_id"": null, ""total"": ""565.00"", ""completed_at"": ""2026-05-04T12:00:00+08:00"", ""order"": 316}",,9404855,,,"[{""productId"": 10, ""name"": ""Leg - Unli"", ""price"": 159, ""quantity"": 2}, {""productId"": 7, ""name"": ""Pechopak - Meal"", ""price"": 169, ""quantity"": 1}, {""productId"": 3, ""name"": ""Icetea - Icetea Glass"", ""price"": 39, ""quantity"": 2}]",565.00,COMPLETED,walk-in,,,False,REGULAR,2026-06-04T03:46:28.232183+08:00,2026-06-04T03:46:28.232183+08:00
317,"{""id"": 296, ""order_detail"": {""id"": 317, ""slip_number"": ""9404856"", ""order_type"": """", ""payment_method"": """", ""table_number"": """", ""items_json"": [{""productId"": 8, ""name"": ""Liempo - Meal"", ""price"": 189, ""quantity"": 1}, {""productId"": 3, ""name"": ""Icetea - Icetea Glass"", ""price"": 39, ""quantity"": 2}], ""order_mode"": ""REGULAR""}, ""android_id"": null, ""total"": ""267.00"", ""completed_at"": ""2026-05-04T12:00:00+08:00"", ""order"": 317}",,9404856,,,"[{""productId"": 8, ""name"": ""Liempo - Meal"", ""price"": 189, ""quantity"": 1}, {""productId"": 3, ""name"": ""Icetea - Icetea Glass"", ""price"": 39, ""quantity"": 2}]",267.00,COMPLETED,walk-in,,,False,REGULAR,2026-06-04T03:46:28.223335+08:00,2026-06-04T03:46:28.223335+08:00
318,"{""id"": 297, ""order_detail"": {""id"": 318, ""slip_number"": ""9404857"", ""order_type"": """", ""payment_method"": """", ""table_number"": """", ""items_json"": [{""productId"": 7, ""name"": ""Pechopak - Unli"", ""price"": 179, ""quantity"": 4}, {""productId"": 10, ""name"": ""Leg - Meal"", ""price"": 149, ""quantity"": 1}, {""productId"": 10, ""name"": ""Leg - Unli"", ""price"": 159, ""quantity"": 1}], ""order_mode"": ""REGULAR""}, ""android_id"": null, ""total"": ""1024.00"", ""completed_at"": ""2026-05-04T12:00:00+08:00"", ""order"": 318}",,9404857,,,"[{""productId"": 7, ""name"": ""Pechopak - Unli"", ""price"": 179, ""quantity"": 4}, {""productId"": 10, ""name"": ""Leg - Meal"", ""price"": 149, ""quantity"": 1}, {""productId"": 10, ""name"": ""Leg - Unli"", ""price"": 159, ""quantity"": 1}]",1024.00,COMPLETED,walk-in,,,False,REGULAR,2026-06-04T03:46:28.221765+08:00,2026-06-04T03:46:28.221765+08:00
319,"{""id"": 298, ""order_detail"": {""id"": 319, ""slip_number"": ""9404858"", ""order_type"": """", ""payment_method"": """", ""table_number"": """", ""items_json"": [{""productId"": 10, ""name"": ""Leg - Unli"", ""price"": 159, ""quantity"": 2}, {""productId"": 7, ""name"": ""Pechopak - Unli"", ""price"": 179, ""quantity"": 1}, {""productId"": 9, ""name"": ""BBQ - Meal"", ""price"": 139, ""quantity"": 2}, {""productId"": 1, ""name"": ""Coke - 1.5"", ""price"": 120, ""quantity"": 2}], ""order_mode"": ""REGULAR""}, ""android_id"": null, ""total"": ""1015.00"", ""completed_at"": ""2026-05-04T12:00:00+08:00"", ""order"": 319}",,9404858,,,"[{""productId"": 10, ""name"": ""Leg - Unli"", ""price"": 159, ""quantity"": 2}, {""productId"": 7, ""name"": ""Pechopak - Unli"", ""price"": 179, ""quantity"": 1}, {""productId"": 9, ""name"": ""BBQ - Meal"", ""price"": 139, ""quantity"": 2}, {""productId"": 1, ""name"": ""Coke - 1.5"", ""price"": 120, ""quantity"": 2}]",1015.00,COMPLETED,walk-in,,,False,REGULAR,2026-06-04T03:46:28.215260+08:00,2026-06-04T03:46:28.215260+08:00
320,"{""id"": 299, ""order_detail"": {""id"": 320, ""slip_number"": ""9404859"", ""order_type"": """", ""payment_method"": """", ""table_number"": """", ""items_json"": [{""productId"": 8, ""name"": ""Liempo - Unli"", ""price"": 199, ""quantity"": 2}, {""productId"": 5, ""name"": ""Sprite - Mismo"", ""price"": 25, ""quantity"": 1}, {""productId"": 3, ""name"": ""Icetea - Icetea Glass"", ""price"": 39, ""quantity"": 1}], ""order_mode"": ""REGULAR""}, ""android_id"": null, ""total"": ""462.00"", ""completed_at"": ""2026-05-04T12:00:00+08:00"", ""order"": 320}",,9404859,,,"[{""productId"": 8, ""name"": ""Liempo - Unli"", ""price"": 199, ""quantity"": 2}, {""productId"": 5, ""name"": ""Sprite - Mismo"", ""price"": 25, ""quantity"": 1}, {""productId"": 3, ""name"": ""Icetea - Icetea Glass"", ""price"": 39, ""quantity"": 1}]",462.00,COMPLETED,walk-in,,,False,REGULAR,2026-06-04T03:46:28.199944+08:00,2026-06-04T03:46:28.199944+08:00
321,"{""id"": 300, ""order_detail"": {""id"": 321, ""slip_number"": ""9404860"", ""order_type"": """", ""payment_method"": """", ""table_number"": """", ""items_json"": [{""productId"": 7, ""name"": ""Pechopak - Meal"", ""price"": 169, ""quantity"": 1}], ""order_mode"": ""REGULAR""}, ""android_id"": null, ""total"": ""169.00"", ""completed_at"": ""2026-05-04T12:00:00+08:00"", ""order"": 321}",,9404860,,,"[{""productId"": 7, ""name"": ""Pechopak - Meal"", ""price"": 169, ""quantity"": 1}]",169.00,COMPLETED,walk-in,,,False,REGULAR,2026-06-04T03:46:28.184416+08:00,2026-06-04T03:46:28.184416+08:00
322,"{""id"": 301, ""order_detail"": {""id"": 322, ""slip_number"": ""9404861"", ""order_type"": """", ""payment_method"": """", ""table_number"": """", ""items_json"": [{""productId"": 10, ""name"": ""Leg - Meal"", ""price"": 149, ""quantity"": 2}], ""order_mode"": ""REGULAR""}, ""android_id"": null, ""total"": ""298.00"", ""completed_at"": ""2026-05-04T12:00:00+08:00"", ""order"": 322}",,9404861,,,"[{""productId"": 10, ""name"": ""Leg - Meal"", ""price"": 149, ""quantity"": 2}]",298.00,COMPLETED,walk-in,,,False,REGULAR,2026-06-04T03:46:28.181411+08:00,2026-06-04T03:46:28.181411+08:00
323,"{""id"": 302, ""order_detail"": {""id"": 323, ""slip_number"": ""9404862"", ""order_type"": """", ""payment_method"": """", ""table_number"": """", ""items_json"": [{""productId"": 2, ""name"": ""Rice - Extra"", ""price"": 20, ""quantity"": 1}], ""order_mode"": ""REGULAR""}, ""android_id"": null, ""total"": ""20.00"", ""completed_at"": ""2026-05-04T12:00:00+08:00"", ""order"": 323}",,9404862,,,"[{""productId"": 2, ""name"": ""Rice - Extra"", ""price"": 20, ""quantity"": 1}]",20.00,COMPLETED,walk-in,,,False,REGULAR,2026-06-04T03:46:28.174920+08:00,2026-06-04T03:46:28.174920+08:00
324,"{""id"": 303, ""order_detail"": {""id"": 324, ""slip_number"": ""9609221"", ""order_type"": ""DINE_IN"", ""payment_method"": ""CASH"", ""table_number"": ""1"", ""items_json"": [{""productId"": 8, ""name"": ""Liempo - Unli"", ""price"": 199, ""quantity"": 1, ""discount"": 0}, {""productId"": 9, ""name"": ""BBQ - Meal"", ""price"": 139, ""quantity"": 1, ""discount"": 0}], ""order_mode"": ""REGULAR""}, ""android_id"": null, ""total"": ""338.00"", ""completed_at"": ""2026-05-10T11:27:53.235225+08:00"", ""order"": 324}",,9609221,DINE_IN,CASH,"[{""productId"": 8, ""name"": ""Liempo - Unli"", ""price"": 199, ""quantity"": 1, ""discount"": 0}, {""productId"": 9, ""name"": ""BBQ - Meal"", ""price"": 139, ""quantity"": 1, ""discount"": 0}]",338.00,COMPLETED,walk-in,1,,False,REGULAR,2026-06-04T03:46:28.171922+08:00,2026-06-04T03:46:28.171922+08:00
325,"{""id"": 304, ""order_detail"": {""id"": 325, ""slip_number"": ""9609222"", ""order_type"": ""DINE_IN"", ""payment_method"": ""CASH"", ""table_number"": ""2"", ""items_json"": [{""productId"": 7, ""name"": ""Pechopak - Only"", ""price"": 159, ""quantity"": 1, ""discount"": 0}], ""order_mode"": ""REGULAR""}, ""android_id"": null, ""total"": ""159.00"", ""completed_at"": ""2026-05-10T11:29:06.403914+08:00"", ""order"": 325}",,9609222,DINE_IN,CASH,"[{""productId"": 7, ""name"": ""Pechopak - Only"", ""price"": 159, ""quantity"": 1, ""discount"": 0}]",159.00,COMPLETED,walk-in,2,,False,REGULAR,2026-06-04T03:46:28.154497+08:00,2026-06-04T03:46:28.154497+08:00
326,"{""id"": 305, ""order_detail"": {""id"": 326, ""slip_number"": ""9609223"", ""order_type"": ""DINE_IN"", ""payment_method"": ""CASH"", ""table_number"": ""2"", ""items_json"": [{""productId"": 8, ""name"": ""Liempo - Unli"", ""price"": 199, ""quantity"": 1, ""discount"": 0}, {""productId"": 7, ""name"": ""Pechopak - Unli"", ""price"": 179, ""quantity"": 1, ""discount"": 0}], ""order_mode"": ""REGULAR""}, ""android_id"": null, ""total"": ""378.00"", ""completed_at"": ""2026-05-10T11:38:23.658029+08:00"", ""order"": 326}",,9609223,DINE_IN,CASH,"[{""productId"": 8, ""name"": ""Liempo - Unli"", ""price"": 199, ""quantity"": 1, ""discount"": 0}, {""productId"": 7, ""name"": ""Pechopak - Unli"", ""price"": 179, ""quantity"": 1, ""discount"": 0}]",378.00,COMPLETED,walk-in,2,,False,REGULAR,2026-06-04T03:46:28.151497+08:00,2026-06-04T03:46:28.151497+08:00
327,"{""id"": 306, ""order_detail"": {""id"": 327, ""slip_number"": ""9609224"", ""order_type"": ""DINE_IN"", ""payment_method"": ""CASH"", ""table_number"": ""5"", ""items_json"": [{""productId"": 7, ""name"": ""Pechopak - Unli"", ""price"": 179, ""quantity"": 2, ""discount"": 0}], ""order_mode"": ""REGULAR""}, ""android_id"": null, ""total"": ""358.00"", ""completed_at"": ""2026-05-10T11:38:29.082963+08:00"", ""order"": 327}",,9609224,DINE_IN,CASH,"[{""productId"": 7, ""name"": ""Pechopak - Unli"", ""price"": 179, ""quantity"": 2, ""discount"": 0}]",358.00,COMPLETED,walk-in,5,,False,REGULAR,2026-06-04T03:46:28.144434+08:00,2026-06-04T03:46:28.144434+08:00
328,"{""id"": 307, ""order_detail"": {""id"": 328, ""slip_number"": ""9609225"", ""order_type"": ""DINE_IN"", ""payment_method"": ""CASH"", ""table_number"": ""5"", ""items_json"": [{""productId"": 1, ""name"": ""Coke - Mismo"", ""price"": 25, ""quantity"": 1, ""discount"": 0}], ""order_mode"": ""REGULAR""}, ""android_id"": null, ""total"": ""25.00"", ""completed_at"": ""2026-05-10T12:04:25.765535+08:00"", ""order"": 328}",,9609225,DINE_IN,CASH,"[{""productId"": 1, ""name"": ""Coke - Mismo"", ""price"": 25, ""quantity"": 1, ""discount"": 0}]",25.00,COMPLETED,walk-in,5,,False,REGULAR,2026-06-04T03:46:28.133899+08:00,2026-06-04T03:46:28.133899+08:00
329,"{""id"": 308, ""order_detail"": {""id"": 329, ""slip_number"": ""9609226"", ""order_type"": ""DINE_IN"", ""payment_method"": ""CASH"", ""table_number"": ""1"", ""items_json"": [{""productId"": 10, ""name"": ""Leg - Meal"", ""price"": 149, ""quantity"": 1, ""discount"": 0}, {""productId"": 7, ""name"": ""Pechopak - Meal"", ""price"": 169, ""quantity"": 2, ""discount"": 0}, {""productId"": 7, ""name"": ""Pechopak - Unli"", ""price"": 179, ""quantity"": 1, ""discount"": 0}, {""productId"": 9, ""name"": ""BBQ - Meal"", ""price"": 139, ""quantity"": 1, ""discount"": 0}], ""order_mode"": ""REGULAR""}, ""android_id"": null, ""total"": ""805.00"", ""completed_at"": ""2026-05-10T12:28:30.377317+08:00"", ""order"": 329}",,9609226,DINE_IN,CASH,"[{""productId"": 10, ""name"": ""Leg - Meal"", ""price"": 149, ""quantity"": 1, ""discount"": 0}, {""productId"": 7, ""name"": ""Pechopak - Meal"", ""price"": 169, ""quantity"": 2, ""discount"": 0}, {""productId"": 7, ""name"": ""Pechopak - Unli"", ""price"": 179, ""quantity"": 1, ""discount"": 0}, {""productId"": 9, ""name"": ""BBQ - Meal"", ""price"": 139, ""quantity"": 1, ""discount"": 0}]",805.00,COMPLETED,walk-in,1,,False,REGULAR,2026-06-04T03:46:28.130385+08:00,2026-06-04T03:46:28.130385+08:00
330,"{""id"": 309, ""order_detail"": {""id"": 330, ""slip_number"": ""9609227"", ""order_type"": ""DINE_IN"", ""payment_method"": ""CASH"", ""table_number"": ""2"", ""items_json"": [{""productId"": 1, ""name"": ""Coke - Mismo"", ""price"": 25, ""quantity"": 1, ""discount"": 0}, {""productId"": 3, ""name"": ""Icetea - Icetea Glass"", ""price"": 39, ""quantity"": 1, ""discount"": 0}, {""productId"": 7, ""name"": ""Pechopak - Unli"", ""price"": 179, ""quantity"": 2, ""discount"": 0}, {""productId"": 7, ""name"": ""Pechopak - Only"", ""price"": 159, ""quantity"": 3, ""discount"": 0}, {""productId"": 10, ""name"": ""Leg - Meal"", ""price"": 149, ""quantity"": 1, ""discount"": 0}], ""order_mode"": ""REGULAR""}, ""android_id"": null, ""total"": ""1048.00"", ""completed_at"": ""2026-05-10T12:34:31.371542+08:00"", ""order"": 330}",,9609227,DINE_IN,CASH,"[{""productId"": 1, ""name"": ""Coke - Mismo"", ""price"": 25, ""quantity"": 1, ""discount"": 0}, {""productId"": 3, ""name"": ""Icetea - Icetea Glass"", ""price"": 39, ""quantity"": 1, ""discount"": 0}, {""productId"": 7, ""name"": ""Pechopak - Unli"", ""price"": 179, ""quantity"": 2, ""discount"": 0}, {""productId"": 7, ""name"": ""Pechopak - Only"", ""price"": 159, ""quantity"": 3, ""discount"": 0}, {""productId"": 10, ""name"": ""Leg - Meal"", ""price"": 149, ""quantity"": 1, ""discount"": 0}]",1048.00,COMPLETED,walk-in,2,,False,REGULAR,2026-06-04T03:46:28.122865+08:00,2026-06-04T03:46:28.122865+08:00
331,"{""id"": 310, ""order_detail"": {""id"": 331, ""slip_number"": ""9609228"", ""order_type"": ""DINE_IN"", ""payment_method"": ""GCASH"", ""table_number"": ""1"", ""items_json"": [{""productId"": 8, ""name"": ""Liempo - Unli"", ""price"": 199, ""quantity"": 1, ""discount"": 0}, {""productId"": 10, ""name"": ""Leg - Unli"", ""price"": 159, ""quantity"": 1, ""discount"": 0}], ""order_mode"": ""REGULAR""}, ""android_id"": null, ""total"": ""358.00"", ""completed_at"": ""2026-05-10T13:48:50.634329+08:00"", ""order"": 331}",,9609228,DINE_IN,GCASH,"[{""productId"": 8, ""name"": ""Liempo - Unli"", ""price"": 199, ""quantity"": 1, ""discount"": 0}, {""productId"": 10, ""name"": ""Leg - Unli"", ""price"": 159, ""quantity"": 1, ""discount"": 0}]",358.00,COMPLETED,walk-in,1,,False,REGULAR,2026-06-04T03:46:28.114524+08:00,2026-06-04T03:46:28.114524+08:00
332,"{""id"": 311, ""order_detail"": {""id"": 332, ""slip_number"": ""9609229"", ""order_type"": ""DINE_IN"", ""payment_method"": ""CASH"", ""table_number"": """", ""items_json"": [{""productId"": 10, ""name"": ""Leg - Unli"", ""price"": 159, ""quantity"": 1, ""discount"": 0}, {""productId"": 10, ""name"": ""Leg - Meal"", ""price"": 149, ""quantity"": 1, ""discount"": 0}], ""order_mode"": ""REGULAR""}, ""android_id"": null, ""total"": ""308.00"", ""completed_at"": ""2026-05-10T14:09:27.206663+08:00"", ""order"": 332}",,9609229,DINE_IN,CASH,"[{""productId"": 10, ""name"": ""Leg - Unli"", ""price"": 159, ""quantity"": 1, ""discount"": 0}, {""productId"": 10, ""name"": ""Leg - Meal"", ""price"": 149, ""quantity"": 1, ""discount"": 0}]",308.00,COMPLETED,walk-in,,,False,REGULAR,2026-06-04T03:46:28.111495+08:00,2026-06-04T03:46:28.111495+08:00
333,"{""id"": 312, ""order_detail"": {""id"": 333, ""slip_number"": ""9609230"", ""order_type"": ""DINE_IN"", ""payment_method"": ""CASH"", ""table_number"": ""1"", ""items_json"": [{""productId"": 7, ""name"": ""Pechopak - Meal"", ""price"": 169, ""quantity"": 3, ""discount"": 0}, {""productId"": 11, ""name"": ""Wings - Meal"", ""price"": 129, ""quantity"": 1, ""discount"": 0}], ""order_mode"": ""REGULAR""}, ""android_id"": null, ""total"": ""636.00"", ""completed_at"": ""2026-05-10T17:09:32.127783+08:00"", ""order"": 333}",,9609230,DINE_IN,CASH,"[{""productId"": 7, ""name"": ""Pechopak - Meal"", ""price"": 169, ""quantity"": 3, ""discount"": 0}, {""productId"": 11, ""name"": ""Wings - Meal"", ""price"": 129, ""quantity"": 1, ""discount"": 0}]",636.00,COMPLETED,walk-in,1,,False,REGULAR,2026-06-04T03:46:28.091214+08:00,2026-06-04T03:46:28.091214+08:00
334,"{""id"": 313, ""order_detail"": {""id"": 334, ""slip_number"": ""9609231"", ""order_type"": ""DINE_IN"", ""payment_method"": ""CASH"", ""table_number"": """", ""items_json"": [{""productId"": 7, ""name"": ""Pechopak - Only"", ""price"": 159, ""quantity"": 2, ""discount"": 0}, {""productId"": 9, ""name"": ""BBQ - Only"", ""price"": 129, ""quantity"": 1, ""discount"": 0}], ""order_mode"": ""REGULAR""}, ""android_id"": null, ""total"": ""447.00"", ""completed_at"": ""2026-05-10T17:48:39.679209+08:00"", ""order"": 334}",,9609231,DINE_IN,CASH,"[{""productId"": 7, ""name"": ""Pechopak - Only"", ""price"": 159, ""quantity"": 2, ""discount"": 0}, {""productId"": 9, ""name"": ""BBQ - Only"", ""price"": 129, ""quantity"": 1, ""discount"": 0}]",447.00,COMPLETED,walk-in,,,False,REGULAR,2026-06-04T03:46:28.083177+08:00,2026-06-04T03:46:28.083177+08:00
335,"{""id"": 314, ""order_detail"": {""id"": 335, ""slip_number"": ""9609232"", ""order_type"": ""DINE_IN"", ""payment_method"": ""CASH"", ""table_number"": ""4"", ""items_json"": [{""productId"": 7, ""name"": ""Pechopak - Meal"", ""price"": 169, ""quantity"": 1, ""discount"": 0}, {""productId"": 1, ""name"": ""Coke - Mismo"", ""price"": 25, ""quantity"": 1, ""discount"": 0}], ""order_mode"": ""REGULAR""}, ""android_id"": null, ""total"": ""194.00"", ""completed_at"": ""2026-05-10T18:00:45.967967+08:00"", ""order"": 335}",,9609232,DINE_IN,CASH,"[{""productId"": 7, ""name"": ""Pechopak - Meal"", ""price"": 169, ""quantity"": 1, ""discount"": 0}, {""productId"": 1, ""name"": ""Coke - Mismo"", ""price"": 25, ""quantity"": 1, ""discount"": 0}]",194.00,COMPLETED,walk-in,4,,False,REGULAR,2026-06-04T03:46:28.081172+08:00,2026-06-04T03:46:28.081172+08:00
336,"{""id"": 315, ""order_detail"": {""id"": 336, ""slip_number"": ""9609233"", ""order_type"": ""DINE_IN"", ""payment_method"": ""CASH"", ""table_number"": ""4"", ""items_json"": [{""productId"": 7, ""name"": ""Pechopak - Unli"", ""price"": 179, ""quantity"": 3, ""discount"": 0}, {""productId"": 3, ""name"": ""Icetea - Icetea Glass"", ""price"": 39, ""quantity"": 3, ""discount"": 0}], ""order_mode"": ""REGULAR""}, ""android_id"": null, ""total"": ""654.00"", ""completed_at"": ""2026-05-10T18:32:54.924675+08:00"", ""order"": 336}",,9609233,DINE_IN,CASH,"[{""productId"": 7, ""name"": ""Pechopak - Unli"", ""price"": 179, ""quantity"": 3, ""discount"": 0}, {""productId"": 3, ""name"": ""Icetea - Icetea Glass"", ""price"": 39, ""quantity"": 3, ""discount"": 0}]",654.00,COMPLETED,walk-in,4,,False,REGULAR,2026-06-04T03:46:28.070808+08:00,2026-06-04T03:46:28.070808+08:00
337,"{""id"": 316, ""order_detail"": {""id"": 337, ""slip_number"": ""9609234"", ""order_type"": ""DINE_IN"", ""payment_method"": ""CASH"", ""table_number"": ""1"", ""items_json"": [{""productId"": 7, ""name"": ""Pechopak - Meal"", ""price"": 169, ""quantity"": 3, ""discount"": 0}], ""order_mode"": ""REGULAR""}, ""android_id"": null, ""total"": ""507.00"", ""completed_at"": ""2026-05-10T18:50:16.969752+08:00"", ""order"": 337}",,9609234,DINE_IN,CASH,"[{""productId"": 7, ""name"": ""Pechopak - Meal"", ""price"": 169, ""quantity"": 3, ""discount"": 0}]",507.00,COMPLETED,walk-in,1,,False,REGULAR,2026-06-04T03:46:28.064293+08:00,2026-06-04T03:46:28.064293+08:00
338,"{""id"": 317, ""order_detail"": {""id"": 338, ""slip_number"": ""9609235"", ""order_type"": ""TAKE_OUT"", ""payment_method"": ""CASH"", ""table_number"": ""3"", ""items_json"": [{""productId"": 7, ""name"": ""Pechopak - Only"", ""price"": 159, ""quantity"": 1, ""discount"": 0}], ""order_mode"": ""REGULAR""}, ""android_id"": null, ""total"": ""159.00"", ""completed_at"": ""2026-05-10T18:59:21.620139+08:00"", ""order"": 338}",,9609235,TAKE_OUT,CASH,"[{""productId"": 7, ""name"": ""Pechopak - Only"", ""price"": 159, ""quantity"": 1, ""discount"": 0}]",159.00,COMPLETED,walk-in,3,,False,REGULAR,2026-06-04T03:46:28.060792+08:00,2026-06-04T03:46:28.060792+08:00
339,"{""id"": 318, ""order_detail"": {""id"": 339, ""slip_number"": ""9609236"", ""order_type"": ""DINE_IN"", ""payment_method"": ""CASH"", ""table_number"": ""3"", ""items_json"": [{""productId"": 8, ""name"": ""Liempo - Unli"", ""price"": 199, ""quantity"": 2, ""discount"": 0}, {""productId"": 10, ""name"": ""Leg - Meal"", ""price"": 149, ""quantity"": 1, ""discount"": 0}, {""productId"": 7, ""name"": ""Pechopak - Meal"", ""price"": 169, ""quantity"": 1, ""discount"": 0}, {""productId"": 7, ""name"": ""Pechopak - Unli"", ""price"": 179, ""quantity"": 1, ""discount"": 0}, {""productId"": 3, ""name"": ""Icetea - Icetea Pitcher"", ""price"": 129, ""quantity"": 1, ""discount"": 0}], ""order_mode"": ""REGULAR""}, ""android_id"": null, ""total"": ""1024.00"", ""completed_at"": ""2026-05-10T19:35:00+08:00"", ""order"": 339}",,9609236,DINE_IN,CASH,"[{""productId"": 8, ""name"": ""Liempo - Unli"", ""price"": 199, ""quantity"": 2, ""discount"": 0}, {""productId"": 10, ""name"": ""Leg - Meal"", ""price"": 149, ""quantity"": 1, ""discount"": 0}, {""productId"": 7, ""name"": ""Pechopak - Meal"", ""price"": 169, ""quantity"": 1, ""discount"": 0}, {""productId"": 7, ""name"": ""Pechopak - Unli"", ""price"": 179, ""quantity"": 1, ""discount"": 0}, {""productId"": 3, ""name"": ""Icetea - Icetea Pitcher"", ""price"": 129, ""quantity"": 1, ""discount"": 0}]",1024.00,COMPLETED,walk-in,3,,False,REGULAR,2026-06-04T03:46:28.044563+08:00,2026-06-04T03:46:28.044563+08:00
340,"{""id"": 319, ""order_detail"": {""id"": 340, ""slip_number"": ""9609237"", ""order_type"": ""DINE_IN"", ""payment_method"": ""CASH"", ""table_number"": ""5"", ""items_json"": [{""productId"": 7, ""name"": ""Pechopak - Unli"", ""price"": 179, ""quantity"": 3, ""discount"": 0}, {""productId"": 8, ""name"": ""Liempo - Unli"", ""price"": 199, ""quantity"": 2, ""discount"": 0}, {""productId"": 1, ""name"": ""Coke - Mismo"", ""price"": 25, ""quantity"": 3, ""discount"": 0}], ""order_mode"": ""REGULAR""}, ""android_id"": null, ""total"": ""1010.00"", ""completed_at"": ""2026-05-10T19:35:53.327824+08:00"", ""order"": 340}",,9609237,DINE_IN,CASH,"[{""productId"": 7, ""name"": ""Pechopak - Unli"", ""price"": 179, ""quantity"": 3, ""discount"": 0}, {""productId"": 8, ""name"": ""Liempo - Unli"", ""price"": 199, ""quantity"": 2, ""discount"": 0}, {""productId"": 1, ""name"": ""Coke - Mismo"", ""price"": 25, ""quantity"": 3, ""discount"": 0}]",1010.00,COMPLETED,walk-in,5,,False,REGULAR,2026-06-04T03:46:28.034473+08:00,2026-06-04T03:46:28.034473+08:00
341,,,9609238,DINE_IN,CASH,"[{""productId"": 7, ""name"": ""Pechopak - Meal"", ""price"": 169, ""quantity"": 1, ""discount"": 0}]",169.00,VOIDED,walk-in,2,,False,REGULAR,2026-06-04T03:46:28.024380+08:00,2026-06-04T03:46:28.024380+08:00
343,"{""id"": 321, ""order_detail"": {""id"": 343, ""slip_number"": ""9609239"", ""order_type"": ""DINE_IN"", ""payment_method"": ""CASH"", ""table_number"": ""1"", ""items_json"": [{""productId"": 7, ""name"": ""Pechopak - Meal"", ""price"": 169, ""quantity"": 2, ""discount"": 0}, {""productId"": 7, ""name"": ""Pechopak - Unli"", ""price"": 179, ""quantity"": 2, ""discount"": 0}, {""productId"": 8, ""name"": ""Liempo - Unli"", ""price"": 199, ""quantity"": 1, ""discount"": 0}], ""order_mode"": ""REGULAR""}, ""android_id"": null, ""total"": ""895.00"", ""completed_at"": ""2026-05-10T19:57:15.643091+08:00"", ""order"": 343}",,9609239,DINE_IN,CASH,"[{""productId"": 7, ""name"": ""Pechopak - Meal"", ""price"": 169, ""quantity"": 2, ""discount"": 0}, {""productId"": 7, ""name"": ""Pechopak - Unli"", ""price"": 179, ""quantity"": 2, ""discount"": 0}, {""productId"": 8, ""name"": ""Liempo - Unli"", ""price"": 199, ""quantity"": 1, ""discount"": 0}]",895.00,COMPLETED,walk-in,1,,False,REGULAR,2026-06-04T03:46:28.022324+08:00,2026-06-04T03:46:28.022324+08:00
344,"{""id"": 322, ""order_detail"": {""id"": 344, ""slip_number"": ""9609240"", ""order_type"": ""TAKE_OUT"", ""payment_method"": ""GCASH"", ""table_number"": ""4"", ""items_json"": [{""productId"": 7, ""name"": ""Pechopak - Only"", ""price"": 159, ""quantity"": 2, ""discount"": 0}, {""productId"": 8, ""name"": ""Liempo - Only"", ""price"": 179, ""quantity"": 1, ""discount"": 0}, {""productId"": 9, ""name"": ""BBQ - Only"", ""price"": 129, ""quantity"": 1, ""discount"": 0}], ""order_mode"": ""REGULAR""}, ""android_id"": null, ""total"": ""626.00"", ""completed_at"": ""2026-05-10T20:20:20.697180+08:00"", ""order"": 344}",,9609240,TAKE_OUT,GCASH,"[{""productId"": 7, ""name"": ""Pechopak - Only"", ""price"": 159, ""quantity"": 2, ""discount"": 0}, {""productId"": 8, ""name"": ""Liempo - Only"", ""price"": 179, ""quantity"": 1, ""discount"": 0}, {""productId"": 9, ""name"": ""BBQ - Only"", ""price"": 129, ""quantity"": 1, ""discount"": 0}]",626.00,COMPLETED,walk-in,4,,False,REGULAR,2026-06-04T03:46:28.015696+08:00,2026-06-04T03:46:28.015696+08:00
346,"{""id"": 324, ""order_detail"": {""id"": 346, ""slip_number"": ""9609242"", ""order_type"": ""TAKE_OUT"", ""payment_method"": ""CASH"", ""table_number"": ""1"", ""items_json"": [{""productId"": 7, ""name"": ""Pechopak - Meal"", ""price"": 169, ""quantity"": 1, ""discount"": 0}], ""order_mode"": ""REGULAR""}, ""android_id"": null, ""total"": ""169.00"", ""completed_at"": ""2026-05-10T20:32:55.556990+08:00"", ""order"": 346}",,9609242,TAKE_OUT,CASH,"[{""productId"": 7, ""name"": ""Pechopak - Meal"", ""price"": 169, ""quantity"": 1, ""discount"": 0}]",169.00,COMPLETED,walk-in,1,,False,REGULAR,2026-06-04T03:46:28.003476+08:00,2026-06-04T03:46:28.003476+08:00
347,"{""id"": 325, ""order_detail"": {""id"": 347, ""slip_number"": ""9609243"", ""order_type"": ""DINE_IN"", ""payment_method"": ""CASH"", ""table_number"": ""1"", ""items_json"": [{""productId"": 1, ""name"": ""Coke - 1.5"", ""price"": 120, ""quantity"": 1, ""discount"": 0}], ""order_mode"": ""REGULAR""}, ""android_id"": null, ""total"": ""120.00"", ""completed_at"": ""2026-05-10T20:33:13.541004+08:00"", ""order"": 347}",,9609243,DINE_IN,CASH,"[{""productId"": 1, ""name"": ""Coke - 1.5"", ""price"": 120, ""quantity"": 1, ""discount"": 0}]",120.00,COMPLETED,walk-in,1,,False,REGULAR,2026-06-04T03:46:28.001392+08:00,2026-06-04T03:46:28.001392+08:00
348,"{""id"": 326, ""order_detail"": {""id"": 348, ""slip_number"": ""9609244"", ""order_type"": ""DINE_IN"", ""payment_method"": ""CASH"", ""table_number"": ""3"", ""items_json"": [{""productId"": 10, ""name"": ""Leg - Unli"", ""price"": 159, ""quantity"": 2, ""discount"": 0}, {""productId"": 8, ""name"": ""Liempo - Unli"", ""price"": 199, ""quantity"": 1, ""discount"": 0}, {""productId"": 9, ""name"": ""BBQ - Unli"", ""price"": 149, ""quantity"": 1, ""discount"": 0}, {""productId"": 3, ""name"": ""Icetea - Icetea Glass"", ""price"": 39, ""quantity"": 3, ""discount"": 0}], ""order_mode"": ""REGULAR""}, ""android_id"": null, ""total"": ""783.00"", ""completed_at"": ""2026-05-10T20:40:09.249055+08:00"", ""order"": 348}",,9609244,DINE_IN,CASH,"[{""productId"": 10, ""name"": ""Leg - Unli"", ""price"": 159, ""quantity"": 2, ""discount"": 0}, {""productId"": 8, ""name"": ""Liempo - Unli"", ""price"": 199, ""quantity"": 1, ""discount"": 0}, {""productId"": 9, ""name"": ""BBQ - Unli"", ""price"": 149, ""quantity"": 1, ""discount"": 0}, {""productId"": 3, ""name"": ""Icetea - Icetea Glass"", ""price"": 39, ""quantity"": 3, ""discount"": 0}]",783.00,COMPLETED,walk-in,3,,False,REGULAR,2026-06-04T03:46:27.983043+08:00,2026-06-04T03:46:27.983043+08:00
349,"{""id"": 327, ""order_detail"": {""id"": 349, ""slip_number"": ""9609245"", ""order_type"": ""DINE_IN"", ""payment_method"": ""CASH"", ""table_number"": ""1"", ""items_json"": [{""productId"": 10, ""name"": ""Leg - Meal"", ""price"": 149, ""quantity"": 1, ""discount"": 0}, {""productId"": 3, ""name"": ""Icetea - Icetea Pitcher"", ""price"": 129, ""quantity"": 1, ""discount"": 0}, {""productId"": 10, ""name"": ""Leg - Unli"", ""price"": 159, ""quantity"": 5}], ""order_mode"": ""REGULAR""}, ""android_id"": null, ""total"": ""1073.00"", ""completed_at"": ""2026-05-10T21:30:39.410798+08:00"", ""order"": 349}",,9609245,DINE_IN,CASH,"[{""productId"": 10, ""name"": ""Leg - Meal"", ""price"": 149, ""quantity"": 1, ""discount"": 0}, {""productId"": 3, ""name"": ""Icetea - Icetea Pitcher"", ""price"": 129, ""quantity"": 1, ""discount"": 0}, {""productId"": 10, ""name"": ""Leg - Unli"", ""price"": 159, ""quantity"": 5}]",1073.00,COMPLETED,walk-in,1,,False,REGULAR,2026-06-04T03:46:27.973624+08:00,2026-06-04T03:46:27.973624+08:00
350,"{""id"": 328, ""order_detail"": {""id"": 350, ""slip_number"": ""9609246"", ""order_type"": ""DINE_IN"", ""payment_method"": ""CASH"", ""table_number"": ""5"", ""items_json"": [{""productId"": 9, ""name"": ""BBQ - Meal"", ""price"": 139, ""quantity"": 1, ""discount"": 0}, {""productId"": 10, ""name"": ""Leg - Meal"", ""price"": 149, ""quantity"": 2, ""discount"": 0}, {""productId"": 7, ""name"": ""Pechopak - Meal"", ""price"": 169, ""quantity"": 1, ""discount"": 0}], ""order_mode"": ""REGULAR""}, ""android_id"": null, ""total"": ""606.00"", ""completed_at"": ""2026-05-10T21:30:42.483481+08:00"", ""order"": 350}",,9609246,DINE_IN,CASH,"[{""productId"": 9, ""name"": ""BBQ - Meal"", ""price"": 139, ""quantity"": 1, ""discount"": 0}, {""productId"": 10, ""name"": ""Leg - Meal"", ""price"": 149, ""quantity"": 2, ""discount"": 0}, {""productId"": 7, ""name"": ""Pechopak - Meal"", ""price"": 169, ""quantity"": 1, ""discount"": 0}]",606.00,COMPLETED,walk-in,5,,False,REGULAR,2026-06-04T03:46:27.971580+08:00,2026-06-04T03:46:27.971580+08:00
351,"{""id"": 329, ""order_detail"": {""id"": 351, ""slip_number"": ""9609247"", ""order_type"": ""DINE_IN"", ""payment_method"": ""CASH"", ""table_number"": ""4"", ""items_json"": [{""productId"": 10, ""name"": ""Leg - Unli"", ""price"": 159, ""quantity"": 4, ""discount"": 0}, {""productId"": 10, ""name"": ""Leg - Unli"", ""price"": 159, ""quantity"": 1, ""discount"": 20}, {""productId"": 10, ""name"": ""Leg - Unli"", ""price"": 159, ""quantity"": 1, ""discount"": 20}, {""productId"": 1, ""name"": ""Coke - 1.5"", ""price"": 120, ""quantity"": 1, ""discount"": 0}], ""order_mode"": ""REGULAR""}, ""android_id"": null, ""total"": ""1010.40"", ""completed_at"": ""2026-05-10T21:51:25.388354+08:00"", ""order"": 351}",,9609247,DINE_IN,CASH,"[{""productId"": 10, ""name"": ""Leg - Unli"", ""price"": 159, ""quantity"": 4, ""discount"": 0}, {""productId"": 10, ""name"": ""Leg - Unli"", ""price"": 159, ""quantity"": 1, ""discount"": 20}, {""productId"": 10, ""name"": ""Leg - Unli"", ""price"": 159, ""quantity"": 1, ""discount"": 20}, {""productId"": 1, ""name"": ""Coke - 1.5"", ""price"": 120, ""quantity"": 1, ""discount"": 0}]",1010.40,COMPLETED,walk-in,4,,False,REGULAR,2026-06-04T03:46:27.954542+08:00,2026-06-04T03:46:27.954542+08:00
352,"{""id"": 330, ""order_detail"": {""id"": 352, ""slip_number"": ""9609248"", ""order_type"": ""DINE_IN"", ""payment_method"": ""CASH"", ""table_number"": ""2"", ""items_json"": [{""productId"": 8, ""name"": ""Liempo - Meal"", ""price"": 189, ""quantity"": 1, ""discount"": 20}, {""productId"": 8, ""name"": ""Liempo - Meal"", ""price"": 189, ""quantity"": 1, ""discount"": 20}, {""productId"": 8, ""name"": ""Liempo - Unli"", ""price"": 199, ""quantity"": 1, ""discount"": 0}, {""productId"": 1, ""name"": ""Coke - 1.5"", ""price"": 120, ""quantity"": 1, ""discount"": 0}], ""order_mode"": ""REGULAR""}, ""android_id"": null, ""total"": ""621.40"", ""completed_at"": ""2026-05-10T21:51:30.748504+08:00"", ""order"": 352}",,9609248,DINE_IN,CASH,"[{""productId"": 8, ""name"": ""Liempo - Meal"", ""price"": 189, ""quantity"": 1, ""discount"": 20}, {""productId"": 8, ""name"": ""Liempo - Meal"", ""price"": 189, ""quantity"": 1, ""discount"": 20}, {""productId"": 8, ""name"": ""Liempo - Unli"", ""price"": 199, ""quantity"": 1, ""discount"": 0}, {""productId"": 1, ""name"": ""Coke - 1.5"", ""price"": 120, ""quantity"": 1, ""discount"": 0}]",621.40,COMPLETED,walk-in,2,,False,REGULAR,2026-06-04T03:46:27.935253+08:00,2026-06-04T03:46:27.935253+08:00
353,"{""id"": 332, ""order_detail"": {""id"": 353, ""slip_number"": ""9609249"", ""order_type"": ""DINE_IN"", ""payment_method"": ""CASH"", ""table_number"": ""1"", ""items_json"": [{""productId"": 10, ""name"": ""Leg - Unli"", ""price"": 159, ""quantity"": 1, ""discount"": 0}, {""productId"": 9, ""name"": ""BBQ - Meal"", ""price"": 139, ""quantity"": 1, ""discount"": 0}, {""productId"": 9, ""name"": ""BBQ - Unli"", ""price"": 149, ""quantity"": 1, ""discount"": 0}], ""order_mode"": ""REGULAR""}, ""android_id"": null, ""total"": ""447.00"", ""completed_at"": ""2026-05-10T22:09:50.415820+08:00"", ""order"": 353}",,9609249,DINE_IN,CASH,"[{""productId"": 10, ""name"": ""Leg - Unli"", ""price"": 159, ""quantity"": 1, ""discount"": 0}, {""productId"": 9, ""name"": ""BBQ - Meal"", ""price"": 139, ""quantity"": 1, ""discount"": 0}, {""productId"": 9, ""name"": ""BBQ - Unli"", ""price"": 149, ""quantity"": 1, ""discount"": 0}]",447.00,COMPLETED,walk-in,1,,False,REGULAR,2026-06-04T03:46:27.932253+08:00,2026-06-04T03:46:27.932253+08:00
354,"{""id"": 331, ""order_detail"": {""id"": 354, ""slip_number"": ""9609250"", ""order_type"": ""TAKE_OUT"", ""payment_method"": ""GCASH"", ""table_number"": """", ""items_json"": [{""productId"": 7, ""name"": ""Pechopak - Meal"", ""price"": 169, ""quantity"": 1, ""discount"": 0}, {""productId"": 9, ""name"": ""BBQ - Meal"", ""price"": 139, ""quantity"": 1, ""discount"": 0}], ""order_mode"": ""REGULAR""}, ""android_id"": null, ""total"": ""308.00"", ""completed_at"": ""2026-05-10T21:59:49.676932+08:00"", ""order"": 354}",,9609250,TAKE_OUT,GCASH,"[{""productId"": 7, ""name"": ""Pechopak - Meal"", ""price"": 169, ""quantity"": 1, ""discount"": 0}, {""productId"": 9, ""name"": ""BBQ - Meal"", ""price"": 139, ""quantity"": 1, ""discount"": 0}]",308.00,COMPLETED,walk-in,,,False,REGULAR,2026-06-04T03:46:27.930248+08:00,2026-06-04T03:46:27.930248+08:00
355,"{""id"": 333, ""order_detail"": {""id"": 355, ""slip_number"": ""9609251"", ""order_type"": ""DINE_IN"", ""payment_method"": ""CASH"", ""table_number"": """", ""items_json"": [{""productId"": 10, ""name"": ""Leg - Unli"", ""price"": 159, ""quantity"": 1, ""discount"": 0}, {""productId"": 7, ""name"": ""Pechopak - Unli"", ""price"": 179, ""quantity"": 1, ""discount"": 0}, {""productId"": 3, ""name"": ""Icetea - Icetea Glass"", ""price"": 39, ""quantity"": 1, ""discount"": 0}], ""order_mode"": ""REGULAR""}, ""android_id"": null, ""total"": ""377.00"", ""completed_at"": ""2026-05-10T22:28:00+08:00"", ""order"": 355}",,9609251,DINE_IN,CASH,"[{""productId"": 10, ""name"": ""Leg - Unli"", ""price"": 159, ""quantity"": 1, ""discount"": 0}, {""productId"": 7, ""name"": ""Pechopak - Unli"", ""price"": 179, ""quantity"": 1, ""discount"": 0}, {""productId"": 3, ""name"": ""Icetea - Icetea Glass"", ""price"": 39, ""quantity"": 1, ""discount"": 0}]",377.00,COMPLETED,walk-in,,,False,REGULAR,2026-06-04T03:46:27.923690+08:00,2026-06-04T03:46:27.923690+08:00
356,"{""id"": 335, ""order_detail"": {""id"": 356, ""slip_number"": ""9609252"", ""order_type"": ""DINE_IN"", ""payment_method"": ""CASH"", ""table_number"": ""2"", ""items_json"": [{""productId"": 10, ""name"": ""Leg - Unli"", ""price"": 159, ""quantity"": 1, ""discount"": 0}, {""productId"": 9, ""name"": ""BBQ - Unli"", ""price"": 149, ""quantity"": 1, ""discount"": 0}], ""order_mode"": ""REGULAR""}, ""android_id"": null, ""total"": ""308.00"", ""completed_at"": ""2026-05-10T22:47:01.099869+08:00"", ""order"": 356}",,9609252,DINE_IN,CASH,"[{""productId"": 10, ""name"": ""Leg - Unli"", ""price"": 159, ""quantity"": 1, ""discount"": 0}, {""productId"": 9, ""name"": ""BBQ - Unli"", ""price"": 149, ""quantity"": 1, ""discount"": 0}]",308.00,COMPLETED,walk-in,2,,False,REGULAR,2026-06-04T03:46:27.920688+08:00,2026-06-04T03:46:27.920688+08:00
357,"{""id"": 334, ""order_detail"": {""id"": 357, ""slip_number"": ""9609253"", ""order_type"": ""TAKE_OUT"", ""payment_method"": ""CASH"", ""table_number"": ""4"", ""items_json"": [{""productId"": 10, ""name"": ""Leg - Meal"", ""price"": 149, ""quantity"": 1, ""discount"": 0}], ""order_mode"": ""REGULAR""}, ""android_id"": null, ""total"": ""149.00"", ""completed_at"": ""2026-05-10T22:46:59.199411+08:00"", ""order"": 357}",,9609253,TAKE_OUT,CASH,"[{""productId"": 10, ""name"": ""Leg - Meal"", ""price"": 149, ""quantity"": 1, ""discount"": 0}]",149.00,COMPLETED,walk-in,4,,False,REGULAR,2026-06-04T03:46:27.912304+08:00,2026-06-04T03:46:27.912304+08:00
358,"{""id"": 336, ""order_detail"": {""id"": 358, ""slip_number"": ""9609241"", ""order_type"": ""DINE_IN"", ""payment_method"": ""CASH"", ""table_number"": """", ""items_json"": [{""productId"": 7, ""name"": ""Pechopak - Meal"", ""price"": 169, ""quantity"": 1, ""discount"": 0}], ""order_mode"": ""REGULAR""}, ""android_id"": null, ""total"": ""169.00"", ""completed_at"": ""2026-05-10T20:23:00+08:00"", ""order"": 358}",,9609241,DINE_IN,CASH,"[{""productId"": 7, ""name"": ""Pechopak - Meal"", ""price"": 169, ""quantity"": 1, ""discount"": 0}]",169.00,COMPLETED,walk-in,,,False,REGULAR,2026-06-04T03:46:27.904932+08:00,2026-06-04T03:46:27.904932+08:00
359,,,9609242,DINE_IN,CASH,"[{""productId"": 7, ""name"": ""Pechopak - Unli"", ""price"": 179, ""quantity"": 1, ""discount"": 0}]",179.00,VOIDED,walk-in,1,,True,REGULAR,2026-06-04T03:46:27.890714+08:00,2026-06-04T03:46:27.890714+08:00
360,,,9609243,DELIVERY,CASH,"[{""productId"": -1, ""name"": ""Delivery Fee"", ""price"": 30, ""quantity"": 1, ""discount"": 0}, {""productId"": 8, ""name"": ""Liempo - Meal"", ""price"": 189, ""quantity"": 3, ""discount"": 0}, {""productId"": 10, ""name"": ""Leg - Unli"", ""price"": 159, ""quantity"": 1, ""discount"": 0}]",756.00,VOIDED,walk-in,,,True,REGULAR,2026-06-04T03:46:27.884160+08:00,2026-06-04T03:46:27.884160+08:00
365,,,9609256,DINE_IN,CASH,"[{""productId"": 9, ""name"": ""BBQ - Meal"", ""price"": 139, ""quantity"": 1, ""discount"": 0}]",139.00,VOIDED,walk-in,,,False,REGULAR,2026-06-04T03:46:27.881969+08:00,2026-06-04T03:46:27.881969+08:00
366,"{""id"": 342, ""order_detail"": {""id"": 366, ""slip_number"": ""9609256"", ""order_type"": ""DINE_IN"", ""payment_method"": ""GCASH"", ""table_number"": ""5"", ""items_json"": [{""productId"": 7, ""name"": ""Pechopak - Unli"", ""price"": 179, ""quantity"": 1, ""discount"": 0}, {""productId"": 8, ""name"": ""Liempo - Unli"", ""price"": 199, ""quantity"": 1, ""discount"": 0}, {""productId"": 4, ""name"": ""Royal - 1.5"", ""price"": 120, ""quantity"": 1, ""discount"": 0}], ""order_mode"": ""REGULAR""}, ""android_id"": null, ""total"": ""498.00"", ""completed_at"": ""2026-05-11T13:36:54.500413+08:00"", ""order"": 366}",,9609256,DINE_IN,GCASH,"[{""productId"": 7, ""name"": ""Pechopak - Unli"", ""price"": 179, ""quantity"": 1, ""discount"": 0}, {""productId"": 8, ""name"": ""Liempo - Unli"", ""price"": 199, ""quantity"": 1, ""discount"": 0}, {""productId"": 4, ""name"": ""Royal - 1.5"", ""price"": 120, ""quantity"": 1, ""discount"": 0}]",498.00,COMPLETED,walk-in,5,,False,REGULAR,2026-06-04T03:46:27.878976+08:00,2026-06-04T03:46:27.878976+08:00
367,"{""id"": 341, ""order_detail"": {""id"": 367, ""slip_number"": ""9609257"", ""order_type"": ""DINE_IN"", ""payment_method"": ""CASH"", ""table_number"": ""2"", ""items_json"": [{""productId"": 11, ""name"": ""Wings - Unli"", ""price"": 139, ""quantity"": 1, ""discount"": 0}, {""productId"": 9, ""name"": ""BBQ - Unli"", ""price"": 149, ""quantity"": 1, ""discount"": 0}], ""order_mode"": ""REGULAR""}, ""android_id"": null, ""total"": ""288.00"", ""completed_at"": ""2026-05-11T13:36:53.296468+08:00"", ""order"": 367}",,9609257,DINE_IN,CASH,"[{""productId"": 11, ""name"": ""Wings - Unli"", ""price"": 139, ""quantity"": 1, ""discount"": 0}, {""productId"": 9, ""name"": ""BBQ - Unli"", ""price"": 149, ""quantity"": 1, ""discount"": 0}]",288.00,COMPLETED,walk-in,2,,False,REGULAR,2026-06-04T03:46:27.865321+08:00,2026-06-04T03:46:27.865321+08:00
368,"{""id"": 343, ""order_detail"": {""id"": 368, ""slip_number"": ""9609258"", ""order_type"": ""DINE_IN"", ""payment_method"": ""CASH"", ""table_number"": ""2"", ""items_json"": [{""productId"": 9, ""name"": ""BBQ - Meal"", ""price"": 139, ""quantity"": 1, ""discount"": 0}, {""productId"": 8, ""name"": ""Liempo - Unli"", ""price"": 199, ""quantity"": 1, ""discount"": 0}, {""productId"": 3, ""name"": ""Icetea - Icetea Glass"", ""price"": 39, ""quantity"": 1, ""discount"": 0}], ""order_mode"": ""REGULAR""}, ""android_id"": null, ""total"": ""377.00"", ""completed_at"": ""2026-05-11T15:19:41.358976+08:00"", ""order"": 368}",,9609258,DINE_IN,CASH,"[{""productId"": 9, ""name"": ""BBQ - Meal"", ""price"": 139, ""quantity"": 1, ""discount"": 0}, {""productId"": 8, ""name"": ""Liempo - Unli"", ""price"": 199, ""quantity"": 1, ""discount"": 0}, {""productId"": 3, ""name"": ""Icetea - Icetea Glass"", ""price"": 39, ""quantity"": 1, ""discount"": 0}]",377.00,COMPLETED,walk-in,2,,False,REGULAR,2026-06-04T03:46:27.863315+08:00,2026-06-04T03:46:27.863315+08:00
369,"{""id"": 344, ""order_detail"": {""id"": 369, ""slip_number"": ""9609254"", ""order_type"": ""DELIVERY"", ""payment_method"": ""CASH"", ""table_number"": """", ""items_json"": [{""productId"": -1, ""name"": ""Delivery Fee"", ""price"": 30, ""quantity"": 1, ""discount"": 0}, {""productId"": 10, ""name"": ""Leg - Unli"", ""price"": 159, ""quantity"": 1, ""discount"": 0}, {""productId"": 8, ""name"": ""Liempo - Meal"", ""price"": 189, ""quantity"": 3, ""discount"": 0}], ""order_mode"": ""REGULAR""}, ""android_id"": null, ""total"": ""756.00"", ""completed_at"": ""2026-05-11T11:13:00+08:00"", ""order"": 369}",,9609254,DELIVERY,CASH,"[{""productId"": -1, ""name"": ""Delivery Fee"", ""price"": 30, ""quantity"": 1, ""discount"": 0}, {""productId"": 10, ""name"": ""Leg - Unli"", ""price"": 159, ""quantity"": 1, ""discount"": 0}, {""productId"": 8, ""name"": ""Liempo - Meal"", ""price"": 189, ""quantity"": 3, ""discount"": 0}]",756.00,COMPLETED,walk-in,,,False,REGULAR,2026-06-04T03:46:27.844858+08:00,2026-06-04T03:46:27.844858+08:00
370,"{""id"": 345, ""order_detail"": {""id"": 370, ""slip_number"": ""9609255"", ""order_type"": ""DINE_IN"", ""payment_method"": ""CASH"", ""table_number"": """", ""items_json"": [{""productId"": 9, ""name"": ""BBQ - Meal"", ""price"": 139, ""quantity"": 1, ""discount"": 0}], ""order_mode"": ""REGULAR""}, ""android_id"": null, ""total"": ""139.00"", ""completed_at"": ""2026-05-11T11:23:00+08:00"", ""order"": 370}",,9609255,DINE_IN,CASH,"[{""productId"": 9, ""name"": ""BBQ - Meal"", ""price"": 139, ""quantity"": 1, ""discount"": 0}]",139.00,COMPLETED,walk-in,,,False,REGULAR,2026-06-04T03:46:27.841858+08:00,2026-06-04T03:46:27.841858+08:00
371,"{""id"": 346, ""order_detail"": {""id"": 371, ""slip_number"": ""9609261"", ""order_type"": ""DINE_IN"", ""payment_method"": ""GCASH"", ""table_number"": """", ""items_json"": [{""productId"": 3, ""name"": ""Icetea - Icetea Glass"", ""price"": 39, ""quantity"": 1, ""discount"": 0}], ""order_mode"": ""REGULAR""}, ""android_id"": null, ""total"": ""39.00"", ""completed_at"": ""2026-05-11T16:00:56.744455+08:00"", ""order"": 371}",,9609261,DINE_IN,GCASH,"[{""productId"": 3, ""name"": ""Icetea - Icetea Glass"", ""price"": 39, ""quantity"": 1, ""discount"": 0}]",39.00,COMPLETED,walk-in,,,False,REGULAR,2026-06-04T03:46:27.834343+08:00,2026-06-04T03:46:27.834343+08:00
372,,,9609262,DINE_IN,CASH,"[{""productId"": 11, ""name"": ""Wings - Only"", ""price"": 119, ""quantity"": 3, ""discount"": 0}]",357.00,VOIDED,walk-in,,,False,REGULAR,2026-06-04T03:46:27.824068+08:00,2026-06-04T03:46:27.824068+08:00
373,"{""id"": 347, ""order_detail"": {""id"": 373, ""slip_number"": ""9609262"", ""order_type"": ""DINE_IN"", ""payment_method"": ""CASH"", ""table_number"": ""2"", ""items_json"": [{""productId"": 11, ""name"": ""Wings - Only"", ""price"": 119, ""quantity"": 3, ""discount"": 0}], ""order_mode"": ""REGULAR""}, ""android_id"": null, ""total"": ""357.00"", ""completed_at"": ""2026-05-11T17:12:15.696477+08:00"", ""order"": 373}",,9609262,DINE_IN,CASH,"[{""productId"": 11, ""name"": ""Wings - Only"", ""price"": 119, ""quantity"": 3, ""discount"": 0}]",357.00,COMPLETED,walk-in,2,,False,REGULAR,2026-06-04T03:46:27.822069+08:00,2026-06-04T03:46:27.822069+08:00
374,,,9609263,DINE_IN,CASH,"[{""productId"": 3, ""name"": ""Icetea - Icetea Glass"", ""price"": 39, ""quantity"": 3, ""discount"": 0}]",117.00,VOIDED,walk-in,,,True,REGULAR,2026-06-04T03:46:27.815063+08:00,2026-06-04T03:46:27.815063+08:00
375,"{""id"": 348, ""order_detail"": {""id"": 375, ""slip_number"": ""9609263"", ""order_type"": ""DINE_IN"", ""payment_method"": ""CASH"", ""table_number"": ""2"", ""items_json"": [{""productId"": 3, ""name"": ""Icetea - Icetea Glass"", ""price"": 39, ""quantity"": 3, ""discount"": 0}], ""order_mode"": ""REGULAR""}, ""android_id"": null, ""total"": ""117.00"", ""completed_at"": ""2026-05-11T17:24:56.357542+08:00"", ""order"": 375}",,9609263,DINE_IN,CASH,"[{""productId"": 3, ""name"": ""Icetea - Icetea Glass"", ""price"": 39, ""quantity"": 3, ""discount"": 0}]",117.00,COMPLETED,walk-in,2,,False,REGULAR,2026-06-04T03:46:27.810930+08:00,2026-06-04T03:46:27.810930+08:00
376,"{""id"": 349, ""order_detail"": {""id"": 376, ""slip_number"": ""9609264"", ""order_type"": ""PICK_UP"", ""payment_method"": ""CASH"", ""table_number"": """", ""items_json"": [{""productId"": 11, ""name"": ""Wings - Meal"", ""price"": 129, ""quantity"": 1, ""discount"": 0}, {""productId"": 7, ""name"": ""Pechopak - Meal"", ""price"": 169, ""quantity"": 1, ""discount"": 0}], ""order_mode"": ""REGULAR""}, ""android_id"": null, ""total"": ""298.00"", ""completed_at"": ""2026-05-11T18:24:42.056353+08:00"", ""order"": 376}",,9609264,PICK_UP,CASH,"[{""productId"": 11, ""name"": ""Wings - Meal"", ""price"": 129, ""quantity"": 1, ""discount"": 0}, {""productId"": 7, ""name"": ""Pechopak - Meal"", ""price"": 169, ""quantity"": 1, ""discount"": 0}]",298.00,COMPLETED,walk-in,,,False,REGULAR,2026-06-04T03:46:27.795454+08:00,2026-06-04T03:46:27.795454+08:00
377,"{""id"": 350, ""order_detail"": {""id"": 377, ""slip_number"": ""9609265"", ""order_type"": ""DINE_IN"", ""payment_method"": ""CASH"", ""table_number"": ""5"", ""items_json"": [{""productId"": 7, ""name"": ""Pechopak - Unli"", ""price"": 179, ""quantity"": 1, ""discount"": 0}, {""productId"": 8, ""name"": ""Liempo - Meal"", ""price"": 189, ""quantity"": 1, ""discount"": 0}, {""productId"": 11, ""name"": ""Wings - Meal"", ""price"": 129, ""quantity"": 1, ""discount"": 0}, {""productId"": 3, ""name"": ""Icetea - Icetea Glass"", ""price"": 39, ""quantity"": 1, ""discount"": 0}], ""order_mode"": ""REGULAR""}, ""android_id"": null, ""total"": ""536.00"", ""completed_at"": ""2026-05-11T18:27:41.881470+08:00"", ""order"": 377}",,9609265,DINE_IN,CASH,"[{""productId"": 7, ""name"": ""Pechopak - Unli"", ""price"": 179, ""quantity"": 1, ""discount"": 0}, {""productId"": 8, ""name"": ""Liempo - Meal"", ""price"": 189, ""quantity"": 1, ""discount"": 0}, {""productId"": 11, ""name"": ""Wings - Meal"", ""price"": 129, ""quantity"": 1, ""discount"": 0}, {""productId"": 3, ""name"": ""Icetea - Icetea Glass"", ""price"": 39, ""quantity"": 1, ""discount"": 0}]",536.00,COMPLETED,walk-in,5,,False,REGULAR,2026-06-04T03:46:27.781526+08:00,2026-06-04T03:46:27.781526+08:00
378,"{""id"": 351, ""order_detail"": {""id"": 378, ""slip_number"": ""9609266"", ""order_type"": ""TAKE_OUT"", ""payment_method"": ""GCASH"", ""table_number"": ""4"", ""items_json"": [{""productId"": 11, ""name"": ""Wings - Meal"", ""price"": 129, ""quantity"": 1, ""discount"": 0}], ""order_mode"": ""REGULAR""}, ""android_id"": null, ""total"": ""129.00"", ""completed_at"": ""2026-05-11T18:27:46.867923+08:00"", ""order"": 378}",,9609266,TAKE_OUT,GCASH,"[{""productId"": 11, ""name"": ""Wings - Meal"", ""price"": 129, ""quantity"": 1, ""discount"": 0}]",129.00,COMPLETED,walk-in,4,,False,REGULAR,2026-06-04T03:46:27.774525+08:00,2026-06-04T03:46:27.774525+08:00
379,"{""id"": 352, ""order_detail"": {""id"": 379, ""slip_number"": ""9609267"", ""order_type"": ""DINE_IN"", ""payment_method"": ""CASH"", ""table_number"": ""3"", ""items_json"": [{""productId"": 7, ""name"": ""Pechopak - Unli"", ""price"": 179, ""quantity"": 1, ""discount"": 0}, {""productId"": 10, ""name"": ""Leg - Unli"", ""price"": 159, ""quantity"": 1, ""discount"": 0}, {""productId"": 3, ""name"": ""Icetea - Icetea Glass"", ""price"": 39, ""quantity"": 1, ""discount"": 0}], ""order_mode"": ""REGULAR""}, ""android_id"": null, ""total"": ""377.00"", ""completed_at"": ""2026-05-11T18:40:15.890624+08:00"", ""order"": 379}",,9609267,DINE_IN,CASH,"[{""productId"": 7, ""name"": ""Pechopak - Unli"", ""price"": 179, ""quantity"": 1, ""discount"": 0}, {""productId"": 10, ""name"": ""Leg - Unli"", ""price"": 159, ""quantity"": 1, ""discount"": 0}, {""productId"": 3, ""name"": ""Icetea - Icetea Glass"", ""price"": 39, ""quantity"": 1, ""discount"": 0}]",377.00,COMPLETED,walk-in,3,,False,REGULAR,2026-06-04T03:46:27.772016+08:00,2026-06-04T03:46:27.772016+08:00
380,"{""id"": 353, ""order_detail"": {""id"": 380, ""slip_number"": ""9609268"", ""order_type"": ""DINE_IN"", ""payment_method"": ""GCASH"", ""table_number"": ""3"", ""items_json"": [{""productId"": 11, ""name"": ""Wings - Meal"", ""price"": 129, ""quantity"": 2, ""discount"": 0}, {""productId"": 9, ""name"": ""BBQ - Unli"", ""price"": 149, ""quantity"": 1, ""discount"": 0}, {""productId"": 9, ""name"": ""BBQ - Meal"", ""price"": 139, ""quantity"": 1, ""discount"": 0}, {""productId"": 10, ""name"": ""Leg - Unli"", ""price"": 159, ""quantity"": 1, ""discount"": 0}, {""productId"": 10, ""name"": ""Leg - Meal"", ""price"": 149, ""quantity"": 2, ""discount"": 0}, {""productId"": 3, ""name"": ""Icetea - Icetea Pitcher"", ""price"": 129, ""quantity"": 1, ""discount"": 0}, {""productId"": 7, ""name"": ""Pechopak - Meal"", ""price"": 169, ""quantity"": 1}], ""order_mode"": ""REGULAR""}, ""android_id"": null, ""total"": ""1301.00"", ""completed_at"": ""2026-05-11T19:24:36.712193+08:00"", ""order"": 380}",,9609268,DINE_IN,GCASH,"[{""productId"": 11, ""name"": ""Wings - Meal"", ""price"": 129, ""quantity"": 2, ""discount"": 0}, {""productId"": 9, ""name"": ""BBQ - Unli"", ""price"": 149, ""quantity"": 1, ""discount"": 0}, {""productId"": 9, ""name"": ""BBQ - Meal"", ""price"": 139, ""quantity"": 1, ""discount"": 0}, {""productId"": 10, ""name"": ""Leg - Unli"", ""price"": 159, ""quantity"": 1, ""discount"": 0}, {""productId"": 10, ""name"": ""Leg - Meal"", ""price"": 149, ""quantity"": 2, ""discount"": 0}, {""productId"": 3, ""name"": ""Icetea - Icetea Pitcher"", ""price"": 129, ""quantity"": 1, ""discount"": 0}, {""productId"": 7, ""name"": ""Pechopak - Meal"", ""price"": 169, ""quantity"": 1}]",1301.00,COMPLETED,walk-in,3,,False,REGULAR,2026-06-04T03:46:27.760674+08:00,2026-06-04T03:46:27.760674+08:00
381,"{""id"": 354, ""order_detail"": {""id"": 381, ""slip_number"": ""9609269"", ""order_type"": ""DINE_IN"", ""payment_method"": ""CASH"", ""table_number"": ""3"", ""items_json"": [{""productId"": 9, ""name"": ""BBQ - Meal"", ""price"": 139, ""quantity"": 1, ""discount"": 0}], ""order_mode"": ""REGULAR""}, ""android_id"": null, ""total"": ""139.00"", ""completed_at"": ""2026-05-11T19:35:11.712930+08:00"", ""order"": 381}",,9609269,DINE_IN,CASH,"[{""productId"": 9, ""name"": ""BBQ - Meal"", ""price"": 139, ""quantity"": 1, ""discount"": 0}]",139.00,COMPLETED,walk-in,3,,False,REGULAR,2026-06-04T03:46:27.751475+08:00,2026-06-04T03:46:27.751475+08:00
382,"{""id"": 355, ""order_detail"": {""id"": 382, ""slip_number"": ""9609270"", ""order_type"": ""DINE_IN"", ""payment_method"": ""GCASH"", ""table_number"": ""1"", ""items_json"": [{""productId"": 10, ""name"": ""Leg - Unli"", ""price"": 159, ""quantity"": 2, ""discount"": 0}, {""productId"": 3, ""name"": ""Icetea - Icetea Pitcher"", ""price"": 129, ""quantity"": 1, ""discount"": 0}], ""order_mode"": ""REGULAR""}, ""android_id"": null, ""total"": ""447.00"", ""completed_at"": ""2026-05-11T19:49:15.520053+08:00"", ""order"": 382}",,9609270,DINE_IN,GCASH,"[{""productId"": 10, ""name"": ""Leg - Unli"", ""price"": 159, ""quantity"": 2, ""discount"": 0}, {""productId"": 3, ""name"": ""Icetea - Icetea Pitcher"", ""price"": 129, ""quantity"": 1, ""discount"": 0}]",447.00,COMPLETED,walk-in,1,,False,REGULAR,2026-06-04T03:46:27.741351+08:00,2026-06-04T03:46:27.741351+08:00
383,"{""id"": 356, ""order_detail"": {""id"": 383, ""slip_number"": ""9609271"", ""order_type"": ""DINE_IN"", ""payment_method"": ""CASH"", ""table_number"": ""4"", ""items_json"": [{""productId"": 10, ""name"": ""Leg - Meal"", ""price"": 149, ""quantity"": 1, ""discount"": 0}, {""productId"": 10, ""name"": ""Leg - Unli"", ""price"": 159, ""quantity"": 1, ""discount"": 0}], ""order_mode"": ""REGULAR""}, ""android_id"": null, ""total"": ""308.00"", ""completed_at"": ""2026-05-11T20:02:15.939498+08:00"", ""order"": 383}",,9609271,DINE_IN,CASH,"[{""productId"": 10, ""name"": ""Leg - Meal"", ""price"": 149, ""quantity"": 1, ""discount"": 0}, {""productId"": 10, ""name"": ""Leg - Unli"", ""price"": 159, ""quantity"": 1, ""discount"": 0}]",308.00,COMPLETED,walk-in,4,,False,REGULAR,2026-06-04T03:46:27.734352+08:00,2026-06-04T03:46:27.734352+08:00
384,"{""id"": 359, ""order_detail"": {""id"": 384, ""slip_number"": ""9609272"", ""order_type"": ""DINE_IN"", ""payment_method"": ""CASH"", ""table_number"": ""3"", ""items_json"": [{""productId"": 10, ""name"": ""Leg - Unli"", ""price"": 159, ""quantity"": 2, ""discount"": 0}, {""productId"": 10, ""name"": ""Leg - Meal"", ""price"": 149, ""quantity"": 2, ""discount"": 0}, {""productId"": 3, ""name"": ""Icetea - Icetea Pitcher"", ""price"": 129, ""quantity"": 1, ""discount"": 0}], ""order_mode"": ""REGULAR""}, ""android_id"": null, ""total"": ""745.00"", ""completed_at"": ""2026-05-11T20:26:10.237993+08:00"", ""order"": 384}",,9609272,DINE_IN,CASH,"[{""productId"": 10, ""name"": ""Leg - Unli"", ""price"": 159, ""quantity"": 2, ""discount"": 0}, {""productId"": 10, ""name"": ""Leg - Meal"", ""price"": 149, ""quantity"": 2, ""discount"": 0}, {""productId"": 3, ""name"": ""Icetea - Icetea Pitcher"", ""price"": 129, ""quantity"": 1, ""discount"": 0}]",745.00,COMPLETED,walk-in,3,,False,REGULAR,2026-06-04T03:46:27.731095+08:00,2026-06-04T03:46:27.731095+08:00
385,"{""id"": 357, ""order_detail"": {""id"": 385, ""slip_number"": ""9609273"", ""order_type"": ""DINE_IN"", ""payment_method"": ""CASH"", ""table_number"": ""5"", ""items_json"": [{""productId"": 1, ""name"": ""Coke - Mismo"", ""price"": 25, ""quantity"": 1, ""discount"": 0}], ""order_mode"": ""REGULAR""}, ""android_id"": null, ""total"": ""25.00"", ""completed_at"": ""2026-05-11T20:15:11.860811+08:00"", ""order"": 385}",,9609273,DINE_IN,CASH,"[{""productId"": 1, ""name"": ""Coke - Mismo"", ""price"": 25, ""quantity"": 1, ""discount"": 0}]",25.00,COMPLETED,walk-in,5,,False,REGULAR,2026-06-04T03:46:27.721460+08:00,2026-06-04T03:46:27.721460+08:00
386,"{""id"": 358, ""order_detail"": {""id"": 386, ""slip_number"": ""9609274"", ""order_type"": ""DINE_IN"", ""payment_method"": ""CASH"", ""table_number"": ""1"", ""items_json"": [{""productId"": 2, ""name"": ""Rice - Extra"", ""price"": 20, ""quantity"": 2, ""discount"": 0}], ""order_mode"": ""REGULAR""}, ""android_id"": null, ""total"": ""40.00"", ""completed_at"": ""2026-05-11T20:20:35.179664+08:00"", ""order"": 386}",,9609274,DINE_IN,CASH,"[{""productId"": 2, ""name"": ""Rice - Extra"", ""price"": 20, ""quantity"": 2, ""discount"": 0}]",40.00,COMPLETED,walk-in,1,,False,REGULAR,2026-06-04T03:46:27.714460+08:00,2026-06-04T03:46:27.714460+08:00
387,"{""id"": 361, ""order_detail"": {""id"": 387, ""slip_number"": ""9609275"", ""order_type"": ""DINE_IN"", ""payment_method"": ""CASH"", ""table_number"": ""1"", ""items_json"": [{""productId"": 10, ""name"": ""Leg - Unli"", ""price"": 159, ""quantity"": 2, ""discount"": 0}, {""productId"": 3, ""name"": ""Icetea - Icetea Glass"", ""price"": 39, ""quantity"": 1, ""discount"": 0}], ""order_mode"": ""REGULAR""}, ""android_id"": null, ""total"": ""357.00"", ""completed_at"": ""2026-05-11T20:42:06.960082+08:00"", ""order"": 387}",,9609275,DINE_IN,CASH,"[{""productId"": 10, ""name"": ""Leg - Unli"", ""price"": 159, ""quantity"": 2, ""discount"": 0}, {""productId"": 3, ""name"": ""Icetea - Icetea Glass"", ""price"": 39, ""quantity"": 1, ""discount"": 0}]",357.00,COMPLETED,walk-in,1,,False,REGULAR,2026-06-04T03:46:27.710720+08:00,2026-06-04T03:46:27.710720+08:00
388,"{""id"": 362, ""order_detail"": {""id"": 388, ""slip_number"": ""9609276"", ""order_type"": ""DINE_IN"", ""payment_method"": ""CASH"", ""table_number"": ""3"", ""items_json"": [{""productId"": 10, ""name"": ""Leg - Meal"", ""price"": 149, ""quantity"": 2, ""discount"": 0}, {""productId"": 10, ""name"": ""Leg - Unli"", ""price"": 159, ""quantity"": 2, ""discount"": 0}, {""productId"": 1, ""name"": ""Coke - Mismo"", ""price"": 25, ""quantity"": 3, ""discount"": 0}, {""productId"": 4, ""name"": ""Royal - Mismo"", ""price"": 25, ""quantity"": 1, ""discount"": 0}], ""order_mode"": ""REGULAR""}, ""android_id"": null, ""total"": ""716.00"", ""completed_at"": ""2026-05-11T21:00:00+08:00"", ""order"": 388}",,9609276,DINE_IN,CASH,"[{""productId"": 10, ""name"": ""Leg - Meal"", ""price"": 149, ""quantity"": 2, ""discount"": 0}, {""productId"": 10, ""name"": ""Leg - Unli"", ""price"": 159, ""quantity"": 2, ""discount"": 0}, {""productId"": 1, ""name"": ""Coke - Mismo"", ""price"": 25, ""quantity"": 3, ""discount"": 0}, {""productId"": 4, ""name"": ""Royal - Mismo"", ""price"": 25, ""quantity"": 1, ""discount"": 0}]",716.00,COMPLETED,walk-in,3,,False,REGULAR,2026-06-04T03:46:27.703695+08:00,2026-06-04T03:46:27.703695+08:00
389,"{""id"": 360, ""order_detail"": {""id"": 389, ""slip_number"": ""9609277"", ""order_type"": ""TAKE_OUT"", ""payment_method"": ""CASH"", ""table_number"": ""4"", ""items_json"": [{""productId"": 7, ""name"": ""Pechopak - Meal"", ""price"": 169, ""quantity"": 1, ""discount"": 0}, {""productId"": 2, ""name"": ""Rice - Extra"", ""price"": 20, ""quantity"": 1, ""discount"": 0}], ""order_mode"": ""REGULAR""}, ""android_id"": null, ""total"": ""189.00"", ""completed_at"": ""2026-05-11T20:41:13.352855+08:00"", ""order"": 389}",,9609277,TAKE_OUT,CASH,"[{""productId"": 7, ""name"": ""Pechopak - Meal"", ""price"": 169, ""quantity"": 1, ""discount"": 0}, {""productId"": 2, ""name"": ""Rice - Extra"", ""price"": 20, ""quantity"": 1, ""discount"": 0}]",189.00,COMPLETED,walk-in,4,,False,REGULAR,2026-06-04T03:46:27.693175+08:00,2026-06-04T03:46:27.693175+08:00
390,"{""id"": 374, ""order_detail"": {""id"": 390, ""slip_number"": ""9609278"", ""order_type"": ""DINE_IN"", ""payment_method"": ""GCASH"", ""table_number"": """", ""items_json"": [{""productId"": 9, ""name"": ""BBQ - Only"", ""price"": 129, ""quantity"": 1, ""discount"": 0}, {""productId"": 7, ""name"": ""Pechopak - Only"", ""price"": 159, ""quantity"": 1, ""discount"": 0}, {""productId"": 3, ""name"": ""Icetea - Icetea Glass"", ""price"": 39, ""quantity"": 1}], ""order_mode"": ""REGULAR""}, ""android_id"": null, ""total"": ""327.00"", ""completed_at"": ""2026-05-12T10:17:29.622375+08:00"", ""order"": 390}",,9609278,DINE_IN,GCASH,"[{""productId"": 9, ""name"": ""BBQ - Only"", ""price"": 129, ""quantity"": 1, ""discount"": 0}, {""productId"": 7, ""name"": ""Pechopak - Only"", ""price"": 159, ""quantity"": 1, ""discount"": 0}, {""productId"": 3, ""name"": ""Icetea - Icetea Glass"", ""price"": 39, ""quantity"": 1}]",327.00,COMPLETED,walk-in,,,False,REGULAR,2026-06-04T03:46:27.690077+08:00,2026-06-04T03:46:27.690077+08:00
391,"{""id"": 363, ""order_detail"": {""id"": 391, ""slip_number"": ""9609279"", ""order_type"": ""DINE_IN"", ""payment_method"": ""CASH"", ""table_number"": ""1"", ""items_json"": [{""productId"": 7, ""name"": ""Pechopak - Unli"", ""price"": 179, ""quantity"": 1, ""discount"": 0}, {""productId"": 1, ""name"": ""Coke - Mismo"", ""price"": 25, ""quantity"": 1}], ""order_mode"": ""REGULAR""}, ""android_id"": null, ""total"": ""204.00"", ""completed_at"": ""2026-05-11T21:23:30.179653+08:00"", ""order"": 391}",,9609279,DINE_IN,CASH,"[{""productId"": 7, ""name"": ""Pechopak - Unli"", ""price"": 179, ""quantity"": 1, ""discount"": 0}, {""productId"": 1, ""name"": ""Coke - Mismo"", ""price"": 25, ""quantity"": 1}]",204.00,COMPLETED,walk-in,1,,False,REGULAR,2026-06-04T03:46:27.673140+08:00,2026-06-04T03:46:27.673140+08:00
392,"{""id"": 364, ""order_detail"": {""id"": 392, ""slip_number"": ""9609280"", ""order_type"": ""DINE_IN"", ""payment_method"": ""GCASH"", ""table_number"": ""5"", ""items_json"": [{""productId"": 7, ""name"": ""Pechopak - Only"", ""price"": 159, ""quantity"": 1, ""discount"": 0}, {""productId"": 8, ""name"": ""Liempo - Only"", ""price"": 179, ""quantity"": 1, ""discount"": 0}], ""order_mode"": ""REGULAR""}, ""android_id"": null, ""total"": ""338.00"", ""completed_at"": ""2026-05-11T21:46:36.666649+08:00"", ""order"": 392}",,9609280,DINE_IN,GCASH,"[{""productId"": 7, ""name"": ""Pechopak - Only"", ""price"": 159, ""quantity"": 1, ""discount"": 0}, {""productId"": 8, ""name"": ""Liempo - Only"", ""price"": 179, ""quantity"": 1, ""discount"": 0}]",338.00,COMPLETED,walk-in,5,,False,REGULAR,2026-06-04T03:46:27.671136+08:00,2026-06-04T03:46:27.671136+08:00
393,"{""id"": 365, ""order_detail"": {""id"": 393, ""slip_number"": ""9609281"", ""order_type"": ""DINE_IN"", ""payment_method"": ""CASH"", ""table_number"": ""1"", ""items_json"": [{""productId"": 10, ""name"": ""Leg - Unli"", ""price"": 159, ""quantity"": 2, ""discount"": 0}, {""productId"": 5, ""name"": ""Sprite - Mismo"", ""price"": 25, ""quantity"": 1, ""discount"": 0}], ""order_mode"": ""REGULAR""}, ""android_id"": null, ""total"": ""343.00"", ""completed_at"": ""2026-05-11T22:01:01.379109+08:00"", ""order"": 393}",,9609281,DINE_IN,CASH,"[{""productId"": 10, ""name"": ""Leg - Unli"", ""price"": 159, ""quantity"": 2, ""discount"": 0}, {""productId"": 5, ""name"": ""Sprite - Mismo"", ""price"": 25, ""quantity"": 1, ""discount"": 0}]",343.00,COMPLETED,walk-in,1,,False,REGULAR,2026-06-04T03:46:27.663278+08:00,2026-06-04T03:46:27.663278+08:00
394,"{""id"": 366, ""order_detail"": {""id"": 394, ""slip_number"": ""9609282"", ""order_type"": ""TAKE_OUT"", ""payment_method"": ""GCASH"", ""table_number"": ""3"", ""items_json"": [{""productId"": 10, ""name"": ""Leg - Meal"", ""price"": 149, ""quantity"": 1, ""discount"": 0}, {""productId"": 9, ""name"": ""BBQ - Meal"", ""price"": 139, ""quantity"": 1, ""discount"": 0}], ""order_mode"": ""REGULAR""}, ""android_id"": null, ""total"": ""288.00"", ""completed_at"": ""2026-05-11T22:02:03.790790+08:00"", ""order"": 394}",,9609282,TAKE_OUT,GCASH,"[{""productId"": 10, ""name"": ""Leg - Meal"", ""price"": 149, ""quantity"": 1, ""discount"": 0}, {""productId"": 9, ""name"": ""BBQ - Meal"", ""price"": 139, ""quantity"": 1, ""discount"": 0}]",288.00,COMPLETED,walk-in,3,,False,REGULAR,2026-06-04T03:46:27.654693+08:00,2026-06-04T03:46:27.654693+08:00
395,"{""id"": 367, ""order_detail"": {""id"": 395, ""slip_number"": ""9609283"", ""order_type"": ""DINE_IN"", ""payment_method"": ""CASH"", ""table_number"": ""4"", ""items_json"": [{""productId"": 10, ""name"": ""Leg - Unli"", ""price"": 159, ""quantity"": 1, ""discount"": 0}, {""productId"": 11, ""name"": ""Wings - Meal"", ""price"": 129, ""quantity"": 1, ""discount"": 0}, {""productId"": 5, ""name"": ""Sprite - Mismo"", ""price"": 25, ""quantity"": 1}], ""order_mode"": ""REGULAR""}, ""android_id"": null, ""total"": ""313.00"", ""completed_at"": ""2026-05-11T22:31:50.335249+08:00"", ""order"": 395}",,9609283,DINE_IN,CASH,"[{""productId"": 10, ""name"": ""Leg - Unli"", ""price"": 159, ""quantity"": 1, ""discount"": 0}, {""productId"": 11, ""name"": ""Wings - Meal"", ""price"": 129, ""quantity"": 1, ""discount"": 0}, {""productId"": 5, ""name"": ""Sprite - Mismo"", ""price"": 25, ""quantity"": 1}]",313.00,COMPLETED,walk-in,4,,False,REGULAR,2026-06-04T03:46:27.651693+08:00,2026-06-04T03:46:27.651693+08:00
396,"{""id"": 368, ""order_detail"": {""id"": 396, ""slip_number"": ""9609284"", ""order_type"": ""DINE_IN"", ""payment_method"": ""CASH"", ""table_number"": ""1"", ""items_json"": [{""productId"": 9, ""name"": ""BBQ - Unli"", ""price"": 149, ""quantity"": 1, ""discount"": 0}, {""productId"": 10, ""name"": ""Leg - Meal"", ""price"": 149, ""quantity"": 1, ""discount"": 0}, {""productId"": 7, ""name"": ""Pechopak - Unli"", ""price"": 179, ""quantity"": 2, ""discount"": 0}, {""productId"": 1, ""name"": ""Coke - 1.5"", ""price"": 120, ""quantity"": 1, ""discount"": 0}], ""order_mode"": ""REGULAR""}, ""android_id"": null, ""total"": ""776.00"", ""completed_at"": ""2026-05-11T22:32:06.416456+08:00"", ""order"": 396}",,9609284,DINE_IN,CASH,"[{""productId"": 9, ""name"": ""BBQ - Unli"", ""price"": 149, ""quantity"": 1, ""discount"": 0}, {""productId"": 10, ""name"": ""Leg - Meal"", ""price"": 149, ""quantity"": 1, ""discount"": 0}, {""productId"": 7, ""name"": ""Pechopak - Unli"", ""price"": 179, ""quantity"": 2, ""discount"": 0}, {""productId"": 1, ""name"": ""Coke - 1.5"", ""price"": 120, ""quantity"": 1, ""discount"": 0}]",776.00,COMPLETED,walk-in,1,,False,REGULAR,2026-06-04T03:46:27.645324+08:00,2026-06-04T03:46:27.645324+08:00
397,"{""id"": 369, ""order_detail"": {""id"": 397, ""slip_number"": ""9609285"", ""order_type"": ""DINE_IN"", ""payment_method"": ""CASH"", ""table_number"": ""1"", ""items_json"": [{""productId"": 9, ""name"": ""BBQ - Unli"", ""price"": 149, ""quantity"": 3, ""discount"": 0}, {""productId"": 10, ""name"": ""Leg - Unli"", ""price"": 159, ""quantity"": 3, ""discount"": 0}, {""productId"": 3, ""name"": ""Icetea - Icetea Pitcher"", ""price"": 129, ""quantity"": 1, ""discount"": 0}], ""order_mode"": ""REGULAR""}, ""android_id"": null, ""total"": ""1053.00"", ""completed_at"": ""2026-05-11T23:33:25.127159+08:00"", ""order"": 397}",,9609285,DINE_IN,CASH,"[{""productId"": 9, ""name"": ""BBQ - Unli"", ""price"": 149, ""quantity"": 3, ""discount"": 0}, {""productId"": 10, ""name"": ""Leg - Unli"", ""price"": 159, ""quantity"": 3, ""discount"": 0}, {""productId"": 3, ""name"": ""Icetea - Icetea Pitcher"", ""price"": 129, ""quantity"": 1, ""discount"": 0}]",1053.00,COMPLETED,walk-in,1,,False,REGULAR,2026-06-04T03:46:27.642322+08:00,2026-06-04T03:46:27.642322+08:00
398,"{""id"": 370, ""order_detail"": {""id"": 398, ""slip_number"": ""9609286"", ""order_type"": ""DINE_IN"", ""payment_method"": ""GCASH"", ""table_number"": ""1"", ""items_json"": [{""productId"": 11, ""name"": ""Wings - Only"", ""price"": 119, ""quantity"": 1, ""discount"": 0}], ""order_mode"": ""REGULAR""}, ""android_id"": null, ""total"": ""119.00"", ""completed_at"": ""2026-05-11T23:36:07.473769+08:00"", ""order"": 398}",,9609286,DINE_IN,GCASH,"[{""productId"": 11, ""name"": ""Wings - Only"", ""price"": 119, ""quantity"": 1, ""discount"": 0}]",119.00,COMPLETED,walk-in,1,,False,REGULAR,2026-06-04T03:46:27.638813+08:00,2026-06-04T03:46:27.638813+08:00
399,"{""id"": 371, ""order_detail"": {""id"": 399, ""slip_number"": ""9609287"", ""order_type"": ""DINE_IN"", ""payment_method"": ""CASH"", ""table_number"": ""1"", ""items_json"": [{""productId"": 3, ""name"": ""Icetea - Icetea Glass"", ""price"": 39, ""quantity"": 1, ""discount"": 0}], ""order_mode"": ""REGULAR""}, ""android_id"": null, ""total"": ""39.00"", ""completed_at"": ""2026-05-11T23:39:27.305125+08:00"", ""order"": 399}",,9609287,DINE_IN,CASH,"[{""productId"": 3, ""name"": ""Icetea - Icetea Glass"", ""price"": 39, ""quantity"": 1, ""discount"": 0}]",39.00,COMPLETED,walk-in,1,,False,REGULAR,2026-06-04T03:46:27.623480+08:00,2026-06-04T03:46:27.623480+08:00
400,"{""id"": 372, ""order_detail"": {""id"": 400, ""slip_number"": ""9609288"", ""order_type"": ""DINE_IN"", ""payment_method"": ""CASH"", ""table_number"": """", ""items_json"": [{""productId"": 3, ""name"": ""Icetea - Icetea Glass"", ""price"": 39, ""quantity"": 1, ""discount"": 0}], ""order_mode"": ""REGULAR""}, ""android_id"": null, ""total"": ""39.00"", ""completed_at"": ""2026-05-11T23:59:41.437537+08:00"", ""order"": 400}",,9609288,DINE_IN,CASH,"[{""productId"": 3, ""name"": ""Icetea - Icetea Glass"", ""price"": 39, ""quantity"": 1, ""discount"": 0}]",39.00,COMPLETED,walk-in,,,False,REGULAR,2026-06-04T03:46:27.621479+08:00,2026-06-04T03:46:27.621479+08:00
401,"{""id"": 373, ""order_detail"": {""id"": 401, ""slip_number"": ""9609289"", ""order_type"": ""DINE_IN"", ""payment_method"": ""GCASH"", ""table_number"": ""1"", ""items_json"": [{""productId"": 3, ""name"": ""Icetea - Icetea Glass"", ""price"": 39, ""quantity"": 1, ""discount"": 0}], ""order_mode"": ""REGULAR""}, ""android_id"": null, ""total"": ""39.00"", ""completed_at"": ""2026-05-11T23:59:48.383995+08:00"", ""order"": 401}",,9609289,DINE_IN,GCASH,"[{""productId"": 3, ""name"": ""Icetea - Icetea Glass"", ""price"": 39, ""quantity"": 1, ""discount"": 0}]",39.00,COMPLETED,walk-in,1,,False,REGULAR,2026-06-04T03:46:27.611855+08:00,2026-06-04T03:46:27.611855+08:00
402,,,9609290,DINE_IN,CASH,"[{""productId"": 9, ""name"": ""BBQ - Only"", ""price"": 129, ""quantity"": 2, ""discount"": 0}]",258.00,VOIDED,walk-in,1,,False,REGULAR,2026-06-04T03:46:27.604006+08:00,2026-06-04T03:46:27.604006+08:00
403,"{""id"": 375, ""order_detail"": {""id"": 403, ""slip_number"": ""9609290"", ""order_type"": ""TAKE_OUT"", ""payment_method"": ""CASH"", ""table_number"": ""1"", ""items_json"": [{""productId"": 9, ""name"": ""BBQ - Only"", ""price"": 129, ""quantity"": 2, ""discount"": 0}], ""order_mode"": ""REGULAR""}, ""android_id"": null, ""total"": ""258.00"", ""completed_at"": ""2026-05-12T13:43:58.173549+08:00"", ""order"": 403}",,9609290,TAKE_OUT,CASH,"[{""productId"": 9, ""name"": ""BBQ - Only"", ""price"": 129, ""quantity"": 2, ""discount"": 0}]",258.00,COMPLETED,walk-in,1,,False,REGULAR,2026-06-04T03:46:27.593959+08:00,2026-06-04T03:46:27.593959+08:00
404,"{""id"": 376, ""order_detail"": {""id"": 404, ""slip_number"": ""9609291"", ""order_type"": ""TAKE_OUT"", ""payment_method"": ""CASH"", ""table_number"": ""2"", ""items_json"": [{""productId"": 9, ""name"": ""BBQ - Only"", ""price"": 129, ""quantity"": 1, ""discount"": 0}], ""order_mode"": ""REGULAR""}, ""android_id"": null, ""total"": ""129.00"", ""completed_at"": ""2026-05-12T13:43:59.496029+08:00"", ""order"": 404}",,9609291,TAKE_OUT,CASH,"[{""productId"": 9, ""name"": ""BBQ - Only"", ""price"": 129, ""quantity"": 1, ""discount"": 0}]",129.00,COMPLETED,walk-in,2,,False,REGULAR,2026-06-04T03:46:27.592267+08:00,2026-06-04T03:46:27.592267+08:00
405,"{""id"": 377, ""order_detail"": {""id"": 405, ""slip_number"": ""9740601"", ""order_type"": ""DINE_IN"", ""payment_method"": ""GCASH"", ""table_number"": """", ""items_json"": [{""productId"": 10, ""name"": ""Leg - Unli"", ""price"": 159, ""quantity"": 2, ""discount"": 0}, {""productId"": 7, ""name"": ""Pechopak - Unli"", ""price"": 179, ""quantity"": 1, ""discount"": 0}, {""productId"": 8, ""name"": ""Liempo - Meal"", ""price"": 189, ""quantity"": 1, ""discount"": 0}, {""productId"": 8, ""name"": ""Liempo - Unli"", ""price"": 199, ""quantity"": 1, ""discount"": 0}, {""productId"": 11, ""name"": ""Wings - Only"", ""price"": 119, ""quantity"": 1, ""discount"": 0}, {""productId"": 1, ""name"": ""Coke - 1.5"", ""price"": 120, ""quantity"": 1, ""discount"": 0}], ""order_mode"": ""REGULAR""}, ""android_id"": null, ""total"": ""1124.00"", ""completed_at"": ""2026-05-12T13:44:02.486866+08:00"", ""order"": 405}",,9740601,DINE_IN,GCASH,"[{""productId"": 10, ""name"": ""Leg - Unli"", ""price"": 159, ""quantity"": 2, ""discount"": 0}, {""productId"": 7, ""name"": ""Pechopak - Unli"", ""price"": 179, ""quantity"": 1, ""discount"": 0}, {""productId"": 8, ""name"": ""Liempo - Meal"", ""price"": 189, ""quantity"": 1, ""discount"": 0}, {""productId"": 8, ""name"": ""Liempo - Unli"", ""price"": 199, ""quantity"": 1, ""discount"": 0}, {""productId"": 11, ""name"": ""Wings - Only"", ""price"": 119, ""quantity"": 1, ""discount"": 0}, {""productId"": 1, ""name"": ""Coke - 1.5"", ""price"": 120, ""quantity"": 1, ""discount"": 0}]",1124.00,COMPLETED,walk-in,,,False,REGULAR,2026-06-04T03:46:27.585333+08:00,2026-06-04T03:46:27.585333+08:00
406,"{""id"": 378, ""order_detail"": {""id"": 406, ""slip_number"": ""9740602"", ""order_type"": ""DINE_IN"", ""payment_method"": ""CASH"", ""table_number"": """", ""items_json"": [{""productId"": 10, ""name"": ""Leg - Unli"", ""price"": 159, ""quantity"": 2, ""discount"": 0}, {""productId"": 7, ""name"": ""Pechopak - Unli"", ""price"": 179, ""quantity"": 1, ""discount"": 0}], ""order_mode"": ""REGULAR""}, ""android_id"": null, ""total"": ""497.00"", ""completed_at"": ""2026-05-12T13:44:06.268928+08:00"", ""order"": 406}",,9740602,DINE_IN,CASH,"[{""productId"": 10, ""name"": ""Leg - Unli"", ""price"": 159, ""quantity"": 2, ""discount"": 0}, {""productId"": 7, ""name"": ""Pechopak - Unli"", ""price"": 179, ""quantity"": 1, ""discount"": 0}]",497.00,COMPLETED,walk-in,,,False,REGULAR,2026-06-04T03:46:27.582332+08:00,2026-06-04T03:46:27.582332+08:00
407,"{""id"": 379, ""order_detail"": {""id"": 407, ""slip_number"": ""9740603"", ""order_type"": ""DINE_IN"", ""payment_method"": ""CASH"", ""table_number"": ""3"", ""items_json"": [{""productId"": 10, ""name"": ""Leg - Unli"", ""price"": 159, ""quantity"": 2, ""discount"": 0}], ""order_mode"": ""REGULAR""}, ""android_id"": null, ""total"": ""318.00"", ""completed_at"": ""2026-05-12T14:57:03.702257+08:00"", ""order"": 407}",,9740603,DINE_IN,CASH,"[{""productId"": 10, ""name"": ""Leg - Unli"", ""price"": 159, ""quantity"": 2, ""discount"": 0}]",318.00,COMPLETED,walk-in,3,,False,REGULAR,2026-06-04T03:46:27.571817+08:00,2026-06-04T03:46:27.571817+08:00
408,"{""id"": 380, ""order_detail"": {""id"": 408, ""slip_number"": ""9740604"", ""order_type"": ""DINE_IN"", ""payment_method"": ""CASH"", ""table_number"": ""1"", ""items_json"": [{""productId"": 7, ""name"": ""Pechopak - Unli"", ""price"": 179, ""quantity"": 1, ""discount"": 0}, {""productId"": 9, ""name"": ""BBQ - Meal"", ""price"": 139, ""quantity"": 1, ""discount"": 0}, {""productId"": 8, ""name"": ""Liempo - Meal"", ""price"": 189, ""quantity"": 1, ""discount"": 0}, {""productId"": 5, ""name"": ""Sprite - 1.5"", ""price"": 120, ""quantity"": 1, ""discount"": 0}], ""order_mode"": ""REGULAR""}, ""android_id"": null, ""total"": ""627.00"", ""completed_at"": ""2026-05-12T16:07:16.756133+08:00"", ""order"": 408}",,9740604,DINE_IN,CASH,"[{""productId"": 7, ""name"": ""Pechopak - Unli"", ""price"": 179, ""quantity"": 1, ""discount"": 0}, {""productId"": 9, ""name"": ""BBQ - Meal"", ""price"": 139, ""quantity"": 1, ""discount"": 0}, {""productId"": 8, ""name"": ""Liempo - Meal"", ""price"": 189, ""quantity"": 1, ""discount"": 0}, {""productId"": 5, ""name"": ""Sprite - 1.5"", ""price"": 120, ""quantity"": 1, ""discount"": 0}]",627.00,COMPLETED,walk-in,1,,False,REGULAR,2026-06-04T03:46:27.565348+08:00,2026-06-04T03:46:27.565348+08:00
409,"{""id"": 381, ""order_detail"": {""id"": 409, ""slip_number"": ""9740605"", ""order_type"": ""TAKE_OUT"", ""payment_method"": ""CASH"", ""table_number"": """", ""items_json"": [{""productId"": 10, ""name"": ""Leg - Unli"", ""price"": 159, ""quantity"": 5}], ""order_mode"": ""REGULAR""}, ""android_id"": null, ""total"": ""795.00"", ""completed_at"": ""2026-05-12T18:18:08.470888+08:00"", ""order"": 409}",,9740605,TAKE_OUT,CASH,"[{""productId"": 10, ""name"": ""Leg - Unli"", ""price"": 159, ""quantity"": 5}]",795.00,COMPLETED,walk-in,,,False,REGULAR,2026-06-04T03:46:27.551325+08:00,2026-06-04T03:46:27.551325+08:00
410,"{""id"": 382, ""order_detail"": {""id"": 410, ""slip_number"": ""9740606"", ""order_type"": ""DINE_IN"", ""payment_method"": ""CASH"", ""table_number"": ""1"", ""items_json"": [{""productId"": 9, ""name"": ""BBQ - Meal"", ""price"": 139, ""quantity"": 1, ""discount"": 0}, {""productId"": 11, ""name"": ""Wings - Meal"", ""price"": 129, ""quantity"": 1, ""discount"": 0}, {""productId"": 1, ""name"": ""Coke - Mismo"", ""price"": 25, ""quantity"": 3, ""discount"": 0}], ""order_mode"": ""REGULAR""}, ""android_id"": null, ""total"": ""343.00"", ""completed_at"": ""2026-05-12T18:43:28.946759+08:00"", ""order"": 410}",,9740606,DINE_IN,CASH,"[{""productId"": 9, ""name"": ""BBQ - Meal"", ""price"": 139, ""quantity"": 1, ""discount"": 0}, {""productId"": 11, ""name"": ""Wings - Meal"", ""price"": 129, ""quantity"": 1, ""discount"": 0}, {""productId"": 1, ""name"": ""Coke - Mismo"", ""price"": 25, ""quantity"": 3, ""discount"": 0}]",343.00,COMPLETED,walk-in,1,,False,REGULAR,2026-06-04T03:46:27.543545+08:00,2026-06-04T03:46:27.543545+08:00
411,"{""id"": 383, ""order_detail"": {""id"": 411, ""slip_number"": ""9740607"", ""order_type"": ""TAKE_OUT"", ""payment_method"": ""CASH"", ""table_number"": """", ""items_json"": [{""productId"": 7, ""name"": ""Pechopak - Unli"", ""price"": 179, ""quantity"": 2, ""discount"": 0}], ""order_mode"": ""REGULAR""}, ""android_id"": null, ""total"": ""358.00"", ""completed_at"": ""2026-05-12T20:31:14.501251+08:00"", ""order"": 411}",,9740607,TAKE_OUT,CASH,"[{""productId"": 7, ""name"": ""Pechopak - Unli"", ""price"": 179, ""quantity"": 2, ""discount"": 0}]",358.00,COMPLETED,walk-in,,,False,REGULAR,2026-06-04T03:46:27.540542+08:00,2026-06-04T03:46:27.540542+08:00
412,"{""id"": 384, ""order_detail"": {""id"": 412, ""slip_number"": ""9740608"", ""order_type"": ""DINE_IN"", ""payment_method"": ""CASH"", ""table_number"": ""3"", ""items_json"": [{""productId"": 10, ""name"": ""Leg - Unli"", ""price"": 159, ""quantity"": 1, ""discount"": 0}], ""order_mode"": ""REGULAR""}, ""android_id"": null, ""total"": ""159.00"", ""completed_at"": ""2026-05-12T20:31:16.369093+08:00"", ""order"": 412}",,9740608,DINE_IN,CASH,"[{""productId"": 10, ""name"": ""Leg - Unli"", ""price"": 159, ""quantity"": 1, ""discount"": 0}]",159.00,COMPLETED,walk-in,3,,False,REGULAR,2026-06-04T03:46:27.532035+08:00,2026-06-04T03:46:27.532035+08:00
413,,,9740609,DINE_IN,CASH,"[{""productId"": 9, ""name"": ""BBQ - Only"", ""price"": 129, ""quantity"": 1, ""discount"": 0}]",129.00,VOIDED,walk-in,,,False,REGULAR,2026-06-04T03:46:27.525140+08:00,2026-06-04T03:46:27.525140+08:00
414,"{""id"": 392, ""order_detail"": {""id"": 414, ""slip_number"": ""9740609"", ""order_type"": ""DINE_IN"", ""payment_method"": ""GCASH"", ""table_number"": """", ""items_json"": [{""productId"": 9, ""name"": ""BBQ - Only"", ""price"": 129, ""quantity"": 1, ""discount"": 0}, {""productId"": 3, ""name"": ""Icetea - Icetea Glass"", ""price"": 39, ""quantity"": 1}], ""order_mode"": ""REGULAR""}, ""android_id"": null, ""total"": ""168.00"", ""completed_at"": ""2026-05-12T23:26:53.529586+08:00"", ""order"": 414}",,9740609,DINE_IN,GCASH,"[{""productId"": 9, ""name"": ""BBQ - Only"", ""price"": 129, ""quantity"": 1, ""discount"": 0}, {""productId"": 3, ""name"": ""Icetea - Icetea Glass"", ""price"": 39, ""quantity"": 1}]",168.00,COMPLETED,walk-in,,,False,REGULAR,2026-06-04T03:46:27.522035+08:00,2026-06-04T03:46:27.522035+08:00
415,"{""id"": 385, ""order_detail"": {""id"": 415, ""slip_number"": ""9740610"", ""order_type"": ""TAKE_OUT"", ""payment_method"": ""CASH"", ""table_number"": ""3"", ""items_json"": [{""productId"": 2, ""name"": ""Rice - Extra"", ""price"": 20, ""quantity"": 2, ""discount"": 0}], ""order_mode"": ""REGULAR""}, ""android_id"": null, ""total"": ""40.00"", ""completed_at"": ""2026-05-12T20:52:40.770281+08:00"", ""order"": 415}",,9740610,TAKE_OUT,CASH,"[{""productId"": 2, ""name"": ""Rice - Extra"", ""price"": 20, ""quantity"": 2, ""discount"": 0}]",40.00,COMPLETED,walk-in,3,,False,REGULAR,2026-06-04T03:46:27.514996+08:00,2026-06-04T03:46:27.514996+08:00
416,,,9740611,DINE_IN,,"[{""productId"": 4, ""name"": ""Royal - Mismo"", ""price"": 25, ""quantity"": 1, ""discount"": 0}]",25.00,VOIDED,walk-in,,,False,EMPLOYEE,2026-06-04T03:46:27.503773+08:00,2026-06-04T03:46:27.503773+08:00
417,,,9740612,DINE_IN,,"[{""productId"": 7, ""name"": ""Pechopak - Unli"", ""price"": 179, ""quantity"": 1, ""discount"": 0}]",179.00,VOIDED,walk-in,,,False,WASTE,2026-06-04T03:46:27.500772+08:00,2026-06-04T03:46:27.500772+08:00
419,"{""id"": 387, ""order_detail"": {""id"": 419, ""slip_number"": ""1"", ""order_type"": ""DINE_IN"", ""payment_method"": """", ""table_number"": """", ""items_json"": [{""productId"": 2, ""name"": ""Rice - Extra"", ""price"": 20, ""quantity"": 2, ""discount"": 0}], ""order_mode"": ""EMPLOYEE""}, ""android_id"": null, ""total"": ""40.00"", ""completed_at"": ""2026-05-12T21:21:00+08:00"", ""order"": 419}",,1,DINE_IN,,"[{""productId"": 2, ""name"": ""Rice - Extra"", ""price"": 20, ""quantity"": 2, ""discount"": 0}]",40.00,COMPLETED,walk-in,,,False,EMPLOYEE,2026-06-04T03:46:27.496778+08:00,2026-06-04T03:46:27.496778+08:00
420,"{""id"": 388, ""order_detail"": {""id"": 420, ""slip_number"": ""9740615"", ""order_type"": ""DINE_IN"", ""payment_method"": ""GCASH"", ""table_number"": """", ""items_json"": [{""productId"": 9, ""name"": ""BBQ - Only"", ""price"": 129, ""quantity"": 1, ""discount"": 0}, {""productId"": 3, ""name"": ""Icetea - Icetea Glass"", ""price"": 39, ""quantity"": 1, ""discount"": 0}], ""order_mode"": ""REGULAR""}, ""android_id"": null, ""total"": ""168.00"", ""completed_at"": ""2026-05-12T21:44:48.384503+08:00"", ""order"": 420}",,9740615,DINE_IN,GCASH,"[{""productId"": 9, ""name"": ""BBQ - Only"", ""price"": 129, ""quantity"": 1, ""discount"": 0}, {""productId"": 3, ""name"": ""Icetea - Icetea Glass"", ""price"": 39, ""quantity"": 1, ""discount"": 0}]",168.00,COMPLETED,walk-in,,,False,REGULAR,2026-06-04T03:46:27.483321+08:00,2026-06-04T03:46:27.483321+08:00
421,"{""id"": 390, ""order_detail"": {""id"": 421, ""slip_number"": ""9740616"", ""order_type"": ""TAKE_OUT"", ""payment_method"": ""GCASH"", ""table_number"": ""1"", ""items_json"": [{""productId"": 10, ""name"": ""Leg - Meal"", ""price"": 149, ""quantity"": 1, ""discount"": 0}], ""order_mode"": ""REGULAR""}, ""android_id"": null, ""total"": ""149.00"", ""completed_at"": ""2026-05-12T22:21:29.935630+08:00"", ""order"": 421}",,9740616,TAKE_OUT,GCASH,"[{""productId"": 10, ""name"": ""Leg - Meal"", ""price"": 149, ""quantity"": 1, ""discount"": 0}]",149.00,COMPLETED,walk-in,1,,False,REGULAR,2026-06-04T03:46:27.480321+08:00,2026-06-04T03:46:27.480321+08:00
422,"{""id"": 389, ""order_detail"": {""id"": 422, ""slip_number"": ""2"", ""order_type"": ""DINE_IN"", ""payment_method"": """", ""table_number"": """", ""items_json"": [{""productId"": 2, ""name"": ""Rice - Extra"", ""price"": 20, ""quantity"": 1, ""discount"": 0}], ""order_mode"": ""EMPLOYEE""}, ""android_id"": null, ""total"": ""20.00"", ""completed_at"": ""2026-05-12T21:54:00+08:00"", ""order"": 422}",,2,DINE_IN,,"[{""productId"": 2, ""name"": ""Rice - Extra"", ""price"": 20, ""quantity"": 1, ""discount"": 0}]",20.00,COMPLETED,walk-in,,,False,EMPLOYEE,2026-06-04T03:46:27.473174+08:00,2026-06-04T03:46:27.473174+08:00
423,"{""id"": 391, ""order_detail"": {""id"": 423, ""slip_number"": ""9740618"", ""order_type"": ""DINE_IN"", ""payment_method"": ""CASH"", ""table_number"": ""1"", ""items_json"": [{""productId"": 8, ""name"": ""Liempo - Meal"", ""price"": 189, ""quantity"": 1, ""discount"": 0}, {""productId"": 9, ""name"": ""BBQ - Meal"", ""price"": 139, ""quantity"": 1, ""discount"": 0}, {""productId"": 5, ""name"": ""Sprite - Mismo"", ""price"": 25, ""quantity"": 2, ""discount"": 0}], ""order_mode"": ""REGULAR""}, ""android_id"": null, ""total"": ""378.00"", ""completed_at"": ""2026-05-12T23:26:16.779129+08:00"", ""order"": 423}",,9740618,DINE_IN,CASH,"[{""productId"": 8, ""name"": ""Liempo - Meal"", ""price"": 189, ""quantity"": 1, ""discount"": 0}, {""productId"": 9, ""name"": ""BBQ - Meal"", ""price"": 139, ""quantity"": 1, ""discount"": 0}, {""productId"": 5, ""name"": ""Sprite - Mismo"", ""price"": 25, ""quantity"": 2, ""discount"": 0}]",378.00,COMPLETED,walk-in,1,,False,REGULAR,2026-06-04T03:46:27.461089+08:00,2026-06-04T03:46:27.461089+08:00
424,"{""id"": 393, ""order_detail"": {""id"": 424, ""slip_number"": ""3"", ""order_type"": ""DINE_IN"", ""payment_method"": """", ""table_number"": """", ""items_json"": [{""productId"": 2, ""name"": ""Rice - Extra"", ""price"": 20, ""quantity"": 2, ""discount"": 0}], ""order_mode"": ""EMPLOYEE""}, ""android_id"": null, ""total"": ""40.00"", ""completed_at"": ""2026-05-12T23:58:00+08:00"", ""order"": 424}",,3,DINE_IN,,"[{""productId"": 2, ""name"": ""Rice - Extra"", ""price"": 20, ""quantity"": 2, ""discount"": 0}]",40.00,COMPLETED,walk-in,,,False,EMPLOYEE,2026-06-04T03:46:27.454652+08:00,2026-06-04T03:46:27.454652+08:00
425,"{""id"": 394, ""order_detail"": {""id"": 425, ""slip_number"": ""4"", ""order_type"": ""DINE_IN"", ""payment_method"": """", ""table_number"": """", ""items_json"": [{""productId"": 2, ""name"": ""Rice - Extra"", ""price"": 20, ""quantity"": 13, ""discount"": 0}], ""order_mode"": ""EMPLOYEE""}, ""android_id"": null, ""total"": ""260.00"", ""completed_at"": ""2026-05-13T11:17:33.857900+08:00"", ""order"": 425}",,4,DINE_IN,,"[{""productId"": 2, ""name"": ""Rice - Extra"", ""price"": 20, ""quantity"": 13, ""discount"": 0}]",260.00,COMPLETED,walk-in,,,False,EMPLOYEE,2026-06-04T03:46:27.441563+08:00,2026-06-04T03:46:27.441563+08:00
426,"{""id"": 395, ""order_detail"": {""id"": 426, ""slip_number"": ""9740620"", ""order_type"": ""DINE_IN"", ""payment_method"": ""CASH"", ""table_number"": ""1"", ""items_json"": [{""productId"": 10, ""name"": ""Leg - Meal"", ""price"": 149, ""quantity"": 1, ""discount"": 0}], ""order_mode"": ""REGULAR""}, ""android_id"": null, ""total"": ""149.00"", ""completed_at"": ""2026-05-13T13:25:06.701562+08:00"", ""order"": 426}",,9740620,DINE_IN,CASH,"[{""productId"": 10, ""name"": ""Leg - Meal"", ""price"": 149, ""quantity"": 1, ""discount"": 0}]",149.00,COMPLETED,walk-in,1,,False,REGULAR,2026-06-04T03:46:27.431928+08:00,2026-06-04T03:46:27.431928+08:00
427,"{""id"": 396, ""order_detail"": {""id"": 427, ""slip_number"": ""9740621"", ""order_type"": ""DINE_IN"", ""payment_method"": ""CASH"", ""table_number"": """", ""items_json"": [{""productId"": 2, ""name"": ""Rice - Extra"", ""price"": 20, ""quantity"": 1, ""discount"": 50}], ""order_mode"": ""REGULAR""}, ""android_id"": null, ""total"": ""10.00"", ""completed_at"": ""2026-05-13T13:25:08.271533+08:00"", ""order"": 427}",,9740621,DINE_IN,CASH,"[{""productId"": 2, ""name"": ""Rice - Extra"", ""price"": 20, ""quantity"": 1, ""discount"": 50}]",10.00,COMPLETED,walk-in,,,False,REGULAR,2026-06-04T03:46:27.414908+08:00,2026-06-04T03:46:27.414908+08:00
428,"{""id"": 397, ""order_detail"": {""id"": 428, ""slip_number"": ""5"", ""order_type"": ""DINE_IN"", ""payment_method"": """", ""table_number"": """", ""items_json"": [{""productId"": 2, ""name"": ""Rice - Extra"", ""price"": 20, ""quantity"": 2, ""discount"": 0}], ""order_mode"": ""EMPLOYEE""}, ""android_id"": null, ""total"": ""40.00"", ""completed_at"": ""2026-05-13T14:02:44.561348+08:00"", ""order"": 428}",,5,DINE_IN,,"[{""productId"": 2, ""name"": ""Rice - Extra"", ""price"": 20, ""quantity"": 2, ""discount"": 0}]",40.00,COMPLETED,walk-in,,,False,EMPLOYEE,2026-06-04T03:46:27.411822+08:00,2026-06-04T03:46:27.411822+08:00
429,"{""id"": 398, ""order_detail"": {""id"": 429, ""slip_number"": ""9740622"", ""order_type"": ""DINE_IN"", ""payment_method"": ""CASH"", ""table_number"": ""5"", ""items_json"": [{""productId"": 11, ""name"": ""Wings - One Piece Only"", ""price"": 69, ""quantity"": 1, ""discount"": 0}], ""order_mode"": ""REGULAR""}, ""android_id"": null, ""total"": ""69.00"", ""completed_at"": ""2026-05-13T14:17:32.203642+08:00"", ""order"": 429}",,9740622,DINE_IN,CASH,"[{""productId"": 11, ""name"": ""Wings - One Piece Only"", ""price"": 69, ""quantity"": 1, ""discount"": 0}]",69.00,COMPLETED,walk-in,5,,False,REGULAR,2026-06-04T03:46:27.405515+08:00,2026-06-04T03:46:27.405515+08:00
430,"{""id"": 399, ""order_detail"": {""id"": 430, ""slip_number"": ""6"", ""order_type"": ""DINE_IN"", ""payment_method"": """", ""table_number"": """", ""items_json"": [{""productId"": 2, ""name"": ""Rice - Extra"", ""price"": 20, ""quantity"": 3, ""discount"": 0}], ""order_mode"": ""EMPLOYEE""}, ""android_id"": null, ""total"": ""60.00"", ""completed_at"": ""2026-05-13T14:27:08.247173+08:00"", ""order"": 430}",,6,DINE_IN,,"[{""productId"": 2, ""name"": ""Rice - Extra"", ""price"": 20, ""quantity"": 3, ""discount"": 0}]",60.00,COMPLETED,walk-in,,,False,EMPLOYEE,2026-06-04T03:46:27.391389+08:00,2026-06-04T03:46:27.391389+08:00
431,"{""id"": 400, ""order_detail"": {""id"": 431, ""slip_number"": """", ""order_type"": ""DINE_IN"", ""payment_method"": """", ""table_number"": """", ""items_json"": [{""productId"": 11, ""name"": ""Wings - One Piece Only"", ""price"": 69, ""quantity"": 8, ""discount"": 0}], ""order_mode"": ""WASTE""}, ""android_id"": null, ""total"": ""552.00"", ""completed_at"": ""2026-05-13T14:30:44.792693+08:00"", ""order"": 431}",,,DINE_IN,,"[{""productId"": 11, ""name"": ""Wings - One Piece Only"", ""price"": 69, ""quantity"": 8, ""discount"": 0}]",552.00,COMPLETED,walk-in,,,False,WASTE,2026-06-04T03:46:27.371102+08:00,2026-06-04T03:46:27.371102+08:00
432,"{""id"": 401, ""order_detail"": {""id"": 432, ""slip_number"": ""9740623"", ""order_type"": ""DINE_IN"", ""payment_method"": ""GCASH"", ""table_number"": """", ""items_json"": [{""productId"": 11, ""name"": ""Wings - Only"", ""price"": 119, ""quantity"": 1, ""discount"": 0}], ""order_mode"": ""REGULAR""}, ""android_id"": null, ""total"": ""119.00"", ""completed_at"": ""2026-05-13T16:00:50.751491+08:00"", ""order"": 432}",,9740623,DINE_IN,GCASH,"[{""productId"": 11, ""name"": ""Wings - Only"", ""price"": 119, ""quantity"": 1, ""discount"": 0}]",119.00,COMPLETED,walk-in,,,False,REGULAR,2026-06-04T03:46:27.363543+08:00,2026-06-04T03:46:27.363543+08:00
433,"{""id"": 402, ""order_detail"": {""id"": 433, ""slip_number"": ""7"", ""order_type"": ""DINE_IN"", ""payment_method"": """", ""table_number"": """", ""items_json"": [{""productId"": 2, ""name"": ""Rice - Extra"", ""price"": 20, ""quantity"": 2, ""discount"": 0}], ""order_mode"": ""EMPLOYEE""}, ""android_id"": null, ""total"": ""40.00"", ""completed_at"": ""2026-05-13T16:13:44.769771+08:00"", ""order"": 433}",,7,DINE_IN,,"[{""productId"": 2, ""name"": ""Rice - Extra"", ""price"": 20, ""quantity"": 2, ""discount"": 0}]",40.00,COMPLETED,walk-in,,,False,EMPLOYEE,2026-06-04T03:46:27.360517+08:00,2026-06-04T03:46:27.360517+08:00
434,"{""id"": 403, ""order_detail"": {""id"": 434, ""slip_number"": ""9740624"", ""order_type"": ""DINE_IN"", ""payment_method"": ""CASH"", ""table_number"": ""1"", ""items_json"": [{""productId"": 7, ""name"": ""Pechopak - Unli"", ""price"": 179, ""quantity"": 2, ""discount"": 0}, {""productId"": 3, ""name"": ""Icetea - Icetea Pitcher"", ""price"": 129, ""quantity"": 1, ""discount"": 0}], ""order_mode"": ""REGULAR""}, ""android_id"": null, ""total"": ""487.00"", ""completed_at"": ""2026-05-13T17:16:00+08:00"", ""order"": 434}",,9740624,DINE_IN,CASH,"[{""productId"": 7, ""name"": ""Pechopak - Unli"", ""price"": 179, ""quantity"": 2, ""discount"": 0}, {""productId"": 3, ""name"": ""Icetea - Icetea Pitcher"", ""price"": 129, ""quantity"": 1, ""discount"": 0}]",487.00,COMPLETED,walk-in,1,,False,REGULAR,2026-06-04T03:46:27.344006+08:00,2026-06-04T03:46:27.344006+08:00
435,"{""id"": 404, ""order_detail"": {""id"": 435, ""slip_number"": ""9740625"", ""order_type"": ""TAKE_OUT"", ""payment_method"": ""CASH"", ""table_number"": """", ""items_json"": [{""productId"": 9, ""name"": ""BBQ - Only"", ""price"": 129, ""quantity"": 2, ""discount"": 0}], ""order_mode"": ""REGULAR""}, ""android_id"": null, ""total"": ""258.00"", ""completed_at"": ""2026-05-13T18:06:00+08:00"", ""order"": 435}",,9740625,TAKE_OUT,CASH,"[{""productId"": 9, ""name"": ""BBQ - Only"", ""price"": 129, ""quantity"": 2, ""discount"": 0}]",258.00,COMPLETED,walk-in,,,False,REGULAR,2026-06-04T03:46:27.339860+08:00,2026-06-04T03:46:27.339860+08:00
436,"{""id"": 405, ""order_detail"": {""id"": 436, ""slip_number"": ""9740626"", ""order_type"": ""DINE_IN"", ""payment_method"": ""CASH"", ""table_number"": ""1"", ""items_json"": [{""productId"": 10, ""name"": ""Leg - Unli"", ""price"": 159, ""quantity"": 1, ""discount"": 0}, {""productId"": 10, ""name"": ""Leg - Meal"", ""price"": 149, ""quantity"": 1, ""discount"": 0}], ""order_mode"": ""REGULAR""}, ""android_id"": null, ""total"": ""308.00"", ""completed_at"": ""2026-05-13T18:33:00+08:00"", ""order"": 436}",,9740626,DINE_IN,CASH,"[{""productId"": 10, ""name"": ""Leg - Unli"", ""price"": 159, ""quantity"": 1, ""discount"": 0}, {""productId"": 10, ""name"": ""Leg - Meal"", ""price"": 149, ""quantity"": 1, ""discount"": 0}]",308.00,COMPLETED,walk-in,1,,False,REGULAR,2026-06-04T03:46:27.324377+08:00,2026-06-04T03:46:27.324377+08:00
437,"{""id"": 406, ""order_detail"": {""id"": 437, ""slip_number"": ""9740627"", ""order_type"": ""DINE_IN"", ""payment_method"": ""CASH"", ""table_number"": ""5"", ""items_json"": [{""productId"": 7, ""name"": ""Pechopak - Unli"", ""price"": 179, ""quantity"": 2, ""discount"": 0}, {""productId"": 3, ""name"": ""Icetea - Icetea Glass"", ""price"": 39, ""quantity"": 1, ""discount"": 0}], ""order_mode"": ""REGULAR""}, ""android_id"": null, ""total"": ""397.00"", ""completed_at"": ""2026-05-13T18:34:00+08:00"", ""order"": 437}",,9740627,DINE_IN,CASH,"[{""productId"": 7, ""name"": ""Pechopak - Unli"", ""price"": 179, ""quantity"": 2, ""discount"": 0}, {""productId"": 3, ""name"": ""Icetea - Icetea Glass"", ""price"": 39, ""quantity"": 1, ""discount"": 0}]",397.00,COMPLETED,walk-in,5,,False,REGULAR,2026-06-04T03:46:27.321378+08:00,2026-06-04T03:46:27.321378+08:00
438,"{""id"": 407, ""order_detail"": {""id"": 438, ""slip_number"": ""9740628"", ""order_type"": ""TAKE_OUT"", ""payment_method"": ""CASH"", ""table_number"": """", ""items_json"": [{""productId"": 10, ""name"": ""Leg - Meal"", ""price"": 149, ""quantity"": 2, ""discount"": 0}], ""order_mode"": ""REGULAR""}, ""android_id"": null, ""total"": ""298.00"", ""completed_at"": ""2026-05-13T19:18:00+08:00"", ""order"": 438}",,9740628,TAKE_OUT,CASH,"[{""productId"": 10, ""name"": ""Leg - Meal"", ""price"": 149, ""quantity"": 2, ""discount"": 0}]",298.00,COMPLETED,walk-in,,,False,REGULAR,2026-06-04T03:46:27.303669+08:00,2026-06-04T03:46:27.303669+08:00
439,"{""id"": 418, ""order_detail"": {""id"": 439, ""slip_number"": ""9740631"", ""order_type"": ""DINE_IN"", ""payment_method"": ""GCASH"", ""table_number"": """", ""items_json"": [{""productId"": 10, ""name"": ""Leg - Only"", ""price"": 139, ""quantity"": 1, ""discount"": 0}, {""productId"": 9, ""name"": ""BBQ - Only"", ""price"": 129, ""quantity"": 1, ""discount"": 0}], ""order_mode"": ""REGULAR""}, ""android_id"": null, ""total"": ""268.00"", ""completed_at"": ""2026-05-13T20:50:06.506734+08:00"", ""order"": 439}",,9740631,DINE_IN,GCASH,"[{""productId"": 10, ""name"": ""Leg - Only"", ""price"": 139, ""quantity"": 1, ""discount"": 0}, {""productId"": 9, ""name"": ""BBQ - Only"", ""price"": 129, ""quantity"": 1, ""discount"": 0}]",268.00,COMPLETED,walk-in,,,False,REGULAR,2026-06-04T03:46:27.301665+08:00,2026-06-04T03:46:27.301665+08:00
440,"{""id"": 408, ""order_detail"": {""id"": 440, ""slip_number"": ""9740629"", ""order_type"": ""DINE_IN"", ""payment_method"": ""CASH"", ""table_number"": ""2"", ""items_json"": [{""productId"": 10, ""name"": ""Leg - Unli"", ""price"": 159, ""quantity"": 1, ""discount"": 0}, {""productId"": 8, ""name"": ""Liempo - Unli"", ""price"": 199, ""quantity"": 1, ""discount"": 0}, {""productId"": 3, ""name"": ""Icetea - Icetea Glass"", ""price"": 39, ""quantity"": 1, ""discount"": 0}], ""order_mode"": ""REGULAR""}, ""android_id"": null, ""total"": ""397.00"", ""completed_at"": ""2026-05-13T19:19:00+08:00"", ""order"": 440}",,9740629,DINE_IN,CASH,"[{""productId"": 10, ""name"": ""Leg - Unli"", ""price"": 159, ""quantity"": 1, ""discount"": 0}, {""productId"": 8, ""name"": ""Liempo - Unli"", ""price"": 199, ""quantity"": 1, ""discount"": 0}, {""productId"": 3, ""name"": ""Icetea - Icetea Glass"", ""price"": 39, ""quantity"": 1, ""discount"": 0}]",397.00,COMPLETED,walk-in,2,,False,REGULAR,2026-06-04T03:46:27.294410+08:00,2026-06-04T03:46:27.294410+08:00
441,"{""id"": 409, ""order_detail"": {""id"": 441, ""slip_number"": ""9740630"", ""order_type"": ""TAKE_OUT"", ""payment_method"": ""CASH"", ""table_number"": ""3"", ""items_json"": [{""productId"": 7, ""name"": ""Pechopak - Only"", ""price"": 159, ""quantity"": 2, ""discount"": 0}], ""order_mode"": ""REGULAR""}, ""android_id"": null, ""total"": ""318.00"", ""completed_at"": ""2026-05-13T19:20:00+08:00"", ""order"": 441}",,9740630,TAKE_OUT,CASH,"[{""productId"": 7, ""name"": ""Pechopak - Only"", ""price"": 159, ""quantity"": 2, ""discount"": 0}]",318.00,COMPLETED,walk-in,3,,False,REGULAR,2026-06-04T03:46:27.276774+08:00,2026-06-04T03:46:27.276774+08:00
442,"{""id"": 412, ""order_detail"": {""id"": 442, ""slip_number"": ""9740632"", ""order_type"": ""DINE_IN"", ""payment_method"": ""CASH"", ""table_number"": ""1"", ""items_json"": [{""productId"": 10, ""name"": ""Leg - Unli"", ""price"": 159, ""quantity"": 3, ""discount"": 0}, {""productId"": 11, ""name"": ""Wings - Meal"", ""price"": 129, ""quantity"": 3, ""discount"": 0}, {""productId"": 1, ""name"": ""Coke - 1.5"", ""price"": 120, ""quantity"": 1, ""discount"": 0}], ""order_mode"": ""REGULAR""}, ""android_id"": null, ""total"": ""984.00"", ""completed_at"": ""2026-05-13T20:09:24.404643+08:00"", ""order"": 442}",,9740632,DINE_IN,CASH,"[{""productId"": 10, ""name"": ""Leg - Unli"", ""price"": 159, ""quantity"": 3, ""discount"": 0}, {""productId"": 11, ""name"": ""Wings - Meal"", ""price"": 129, ""quantity"": 3, ""discount"": 0}, {""productId"": 1, ""name"": ""Coke - 1.5"", ""price"": 120, ""quantity"": 1, ""discount"": 0}]",984.00,COMPLETED,walk-in,1,,False,REGULAR,2026-06-04T03:46:27.268719+08:00,2026-06-04T03:46:27.268719+08:00
443,,,9740618,DINE_IN,CASH,"[{""productId"": 7, ""name"": ""Pechopak - Only"", ""price"": 159, ""quantity"": 1, ""discount"": 0}]",159.00,VOIDED,walk-in,4,,False,REGULAR,2026-06-04T03:46:27.261499+08:00,2026-06-04T03:46:27.261499+08:00
444,"{""id"": 410, ""order_detail"": {""id"": 444, ""slip_number"": ""9740633"", ""order_type"": ""TAKE_OUT"", ""payment_method"": ""CASH"", ""table_number"": ""4"", ""items_json"": [{""productId"": 7, ""name"": ""Pechopak - Only"", ""price"": 159, ""quantity"": 1, ""discount"": 0}], ""order_mode"": ""REGULAR""}, ""android_id"": null, ""total"": ""159.00"", ""completed_at"": ""2026-05-13T19:39:54.856129+08:00"", ""order"": 444}",,9740633,TAKE_OUT,CASH,"[{""productId"": 7, ""name"": ""Pechopak - Only"", ""price"": 159, ""quantity"": 1, ""discount"": 0}]",159.00,COMPLETED,walk-in,4,,False,REGULAR,2026-06-04T03:46:27.241587+08:00,2026-06-04T03:46:27.241587+08:00
445,"{""id"": 411, ""order_detail"": {""id"": 445, ""slip_number"": ""9740634"", ""order_type"": ""TAKE_OUT"", ""payment_method"": ""GCASH"", ""table_number"": ""4"", ""items_json"": [{""productId"": 7, ""name"": ""Pechopak - Only"", ""price"": 159, ""quantity"": 1, ""discount"": 0}], ""order_mode"": ""REGULAR""}, ""android_id"": null, ""total"": ""159.00"", ""completed_at"": ""2026-05-13T20:08:05.029893+08:00"", ""order"": 445}",,9740634,TAKE_OUT,GCASH,"[{""productId"": 7, ""name"": ""Pechopak - Only"", ""price"": 159, ""quantity"": 1, ""discount"": 0}]",159.00,COMPLETED,walk-in,4,,False,REGULAR,2026-06-04T03:46:27.234069+08:00,2026-06-04T03:46:27.234069+08:00
446,,,9740635,DINE_IN,CASH,"[{""productId"": 10, ""name"": ""Leg - Unli"", ""price"": 159, ""quantity"": 2, ""discount"": 0}]",318.00,VOIDED,walk-in,2,,False,REGULAR,2026-06-04T03:46:27.231062+08:00,2026-06-04T03:46:27.231062+08:00
447,"{""id"": 413, ""order_detail"": {""id"": 447, ""slip_number"": ""9740636"", ""order_type"": ""TAKE_OUT"", ""payment_method"": ""CASH"", ""table_number"": ""5"", ""items_json"": [{""productId"": 10, ""name"": ""Leg - Meal"", ""price"": 149, ""quantity"": 3, ""discount"": 0}], ""order_mode"": ""REGULAR""}, ""android_id"": null, ""total"": ""447.00"", ""completed_at"": ""2026-05-13T20:25:58.946988+08:00"", ""order"": 447}",,9740636,TAKE_OUT,CASH,"[{""productId"": 10, ""name"": ""Leg - Meal"", ""price"": 149, ""quantity"": 3, ""discount"": 0}]",447.00,COMPLETED,walk-in,5,,False,REGULAR,2026-06-04T03:46:27.226122+08:00,2026-06-04T03:46:27.226122+08:00
448,"{""id"": 414, ""order_detail"": {""id"": 448, ""slip_number"": """", ""order_type"": ""DINE_IN"", ""payment_method"": """", ""table_number"": """", ""items_json"": [{""productId"": 7, ""name"": ""Pechopak - Only"", ""price"": 159, ""quantity"": 2, ""discount"": 0}], ""order_mode"": ""WASTE""}, ""android_id"": null, ""total"": ""318.00"", ""completed_at"": ""2026-05-13T20:30:37.698136+08:00"", ""order"": 448}",,,DINE_IN,,"[{""productId"": 7, ""name"": ""Pechopak - Only"", ""price"": 159, ""quantity"": 2, ""discount"": 0}]",318.00,COMPLETED,walk-in,,,False,WASTE,2026-06-04T03:46:27.213384+08:00,2026-06-04T03:46:27.213384+08:00
449,"{""id"": 415, ""order_detail"": {""id"": 449, ""slip_number"": ""8"", ""order_type"": ""DINE_IN"", ""payment_method"": """", ""table_number"": """", ""items_json"": [{""productId"": 2, ""name"": ""Rice - Extra"", ""price"": 20, ""quantity"": 2, ""discount"": 0}], ""order_mode"": ""EMPLOYEE""}, ""android_id"": null, ""total"": ""40.00"", ""completed_at"": ""2026-05-13T20:30:52.569914+08:00"", ""order"": 449}",,8,DINE_IN,,"[{""productId"": 2, ""name"": ""Rice - Extra"", ""price"": 20, ""quantity"": 2, ""discount"": 0}]",40.00,COMPLETED,walk-in,,,False,EMPLOYEE,2026-06-04T03:46:27.210379+08:00,2026-06-04T03:46:27.210379+08:00
450,"{""id"": 419, ""order_detail"": {""id"": 450, ""slip_number"": ""9740637"", ""order_type"": ""TAKE_OUT"", ""payment_method"": ""GCASH"", ""table_number"": ""5"", ""items_json"": [{""productId"": 10, ""name"": ""Leg - Only"", ""price"": 139, ""quantity"": 1}], ""order_mode"": ""REGULAR""}, ""android_id"": null, ""total"": ""139.00"", ""completed_at"": ""2026-05-13T20:50:44.145370+08:00"", ""order"": 450}",,9740637,TAKE_OUT,GCASH,"[{""productId"": 10, ""name"": ""Leg - Only"", ""price"": 139, ""quantity"": 1}]",139.00,COMPLETED,walk-in,5,,False,REGULAR,2026-06-04T03:46:27.192607+08:00,2026-06-04T03:46:27.192607+08:00
451,"{""id"": 416, ""order_detail"": {""id"": 451, ""slip_number"": ""9"", ""order_type"": ""DINE_IN"", ""payment_method"": """", ""table_number"": """", ""items_json"": [{""productId"": 2, ""name"": ""Rice - Extra"", ""price"": 20, ""quantity"": 1, ""discount"": 0}], ""order_mode"": ""EMPLOYEE""}, ""android_id"": null, ""total"": ""20.00"", ""completed_at"": ""2026-05-13T20:38:39.636204+08:00"", ""order"": 451}",,9,DINE_IN,,"[{""productId"": 2, ""name"": ""Rice - Extra"", ""price"": 20, ""quantity"": 1, ""discount"": 0}]",20.00,COMPLETED,walk-in,,,False,EMPLOYEE,2026-06-04T03:46:27.183791+08:00,2026-06-04T03:46:27.183791+08:00
452,"{""id"": 417, ""order_detail"": {""id"": 452, ""slip_number"": """", ""order_type"": ""DINE_IN"", ""payment_method"": """", ""table_number"": """", ""items_json"": [{""productId"": 9, ""name"": ""BBQ - One Piece Only"", ""price"": 69, ""quantity"": 1, ""discount"": 0}], ""order_mode"": ""WASTE""}, ""android_id"": null, ""total"": ""69.00"", ""completed_at"": ""2026-05-13T20:38:47.239885+08:00"", ""order"": 452}",,,DINE_IN,,"[{""productId"": 9, ""name"": ""BBQ - One Piece Only"", ""price"": 69, ""quantity"": 1, ""discount"": 0}]",69.00,COMPLETED,walk-in,,,False,WASTE,2026-06-04T03:46:27.172501+08:00,2026-06-04T03:46:27.172501+08:00
453,"{""id"": 420, ""order_detail"": {""id"": 453, ""slip_number"": ""9740638"", ""order_type"": ""DINE_IN"", ""payment_method"": ""CASH"", ""table_number"": ""1"", ""items_json"": [{""productId"": 7, ""name"": ""Pechopak - Unli"", ""price"": 179, ""quantity"": 1, ""discount"": 0}, {""productId"": 9, ""name"": ""BBQ - Unli"", ""price"": 149, ""quantity"": 1, ""discount"": 0}], ""order_mode"": ""REGULAR""}, ""android_id"": null, ""total"": ""328.00"", ""completed_at"": ""2026-05-13T21:30:54.831987+08:00"", ""order"": 453}",,9740638,DINE_IN,CASH,"[{""productId"": 7, ""name"": ""Pechopak - Unli"", ""price"": 179, ""quantity"": 1, ""discount"": 0}, {""productId"": 9, ""name"": ""BBQ - Unli"", ""price"": 149, ""quantity"": 1, ""discount"": 0}]",328.00,COMPLETED,walk-in,1,,False,REGULAR,2026-06-04T03:46:27.157445+08:00,2026-06-04T03:46:27.157445+08:00
454,,,9740639,DINE_IN,CASH,"[{""productId"": 7, ""name"": ""Pechopak - Unli"", ""price"": 179, ""quantity"": 1, ""discount"": 0}]",179.00,VOIDED,walk-in,3,,False,REGULAR,2026-06-04T03:46:27.148453+08:00,2026-06-04T03:46:27.148453+08:00
455,"{""id"": 421, ""order_detail"": {""id"": 455, ""slip_number"": ""9740640"", ""order_type"": ""TAKE_OUT"", ""payment_method"": ""CASH"", ""table_number"": ""5"", ""items_json"": [{""productId"": 7, ""name"": ""Pechopak - Meal"", ""price"": 169, ""quantity"": 1, ""discount"": 0}], ""order_mode"": ""REGULAR""}, ""android_id"": null, ""total"": ""169.00"", ""completed_at"": ""2026-05-14T11:11:58.614127+08:00"", ""order"": 455}",,9740640,TAKE_OUT,CASH,"[{""productId"": 7, ""name"": ""Pechopak - Meal"", ""price"": 169, ""quantity"": 1, ""discount"": 0}]",169.00,COMPLETED,walk-in,5,,False,REGULAR,2026-06-04T03:46:27.141012+08:00,2026-06-04T03:46:27.141012+08:00
456,"{""id"": 422, ""order_detail"": {""id"": 456, ""slip_number"": ""9740641"", ""order_type"": ""TAKE_OUT"", ""payment_method"": ""CASH"", ""table_number"": ""1"", ""items_json"": [{""productId"": 10, ""name"": ""Leg - Meal"", ""price"": 149, ""quantity"": 2, ""discount"": 0}], ""order_mode"": ""REGULAR""}, ""android_id"": null, ""total"": ""298.00"", ""completed_at"": ""2026-05-14T12:43:44.260518+08:00"", ""order"": 456}",,9740641,TAKE_OUT,CASH,"[{""productId"": 10, ""name"": ""Leg - Meal"", ""price"": 149, ""quantity"": 2, ""discount"": 0}]",298.00,COMPLETED,walk-in,1,,False,REGULAR,2026-06-04T03:46:27.131668+08:00,2026-06-04T03:46:27.131668+08:00
457,"{""id"": 423, ""order_detail"": {""id"": 457, ""slip_number"": ""9740642"", ""order_type"": ""DINE_IN"", ""payment_method"": ""CASH"", ""table_number"": ""1"", ""items_json"": [{""productId"": 7, ""name"": ""Pechopak - Unli"", ""price"": 179, ""quantity"": 2, ""discount"": 0}, {""productId"": 3, ""name"": ""Icetea - Icetea Pitcher"", ""price"": 129, ""quantity"": 1, ""discount"": 0}], ""order_mode"": ""REGULAR""}, ""android_id"": null, ""total"": ""487.00"", ""completed_at"": ""2026-05-14T12:59:12.983680+08:00"", ""order"": 457}",,9740642,DINE_IN,CASH,"[{""productId"": 7, ""name"": ""Pechopak - Unli"", ""price"": 179, ""quantity"": 2, ""discount"": 0}, {""productId"": 3, ""name"": ""Icetea - Icetea Pitcher"", ""price"": 129, ""quantity"": 1, ""discount"": 0}]",487.00,COMPLETED,walk-in,1,,False,REGULAR,2026-06-04T03:46:27.117407+08:00,2026-06-04T03:46:27.117407+08:00
458,"{""id"": 425, ""order_detail"": {""id"": 458, ""slip_number"": ""9740643"", ""order_type"": ""DINE_IN"", ""payment_method"": ""CASH"", ""table_number"": ""1"", ""items_json"": [{""productId"": 10, ""name"": ""Leg - Unli"", ""price"": 159, ""quantity"": 2, ""discount"": 0}, {""productId"": 10, ""name"": ""Leg - Meal"", ""price"": 149, ""quantity"": 1, ""discount"": 0}], ""order_mode"": ""REGULAR""}, ""android_id"": null, ""total"": ""467.00"", ""completed_at"": ""2026-05-14T14:43:30.951354+08:00"", ""order"": 458}",,9740643,DINE_IN,CASH,"[{""productId"": 10, ""name"": ""Leg - Unli"", ""price"": 159, ""quantity"": 2, ""discount"": 0}, {""productId"": 10, ""name"": ""Leg - Meal"", ""price"": 149, ""quantity"": 1, ""discount"": 0}]",467.00,COMPLETED,walk-in,1,,False,REGULAR,2026-06-04T03:46:27.109338+08:00,2026-06-04T03:46:27.109338+08:00
459,"{""id"": 424, ""order_detail"": {""id"": 459, ""slip_number"": ""9740644"", ""order_type"": ""DINE_IN"", ""payment_method"": ""CASH"", ""table_number"": ""1"", ""items_json"": [{""productId"": 10, ""name"": ""Leg - Meal"", ""price"": 149, ""quantity"": 2, ""discount"": 0}], ""order_mode"": ""REGULAR""}, ""android_id"": null, ""total"": ""298.00"", ""completed_at"": ""2026-05-14T14:39:25.522237+08:00"", ""order"": 459}",,9740644,DINE_IN,CASH,"[{""productId"": 10, ""name"": ""Leg - Meal"", ""price"": 149, ""quantity"": 2, ""discount"": 0}]",298.00,COMPLETED,walk-in,1,,False,REGULAR,2026-06-04T03:46:27.106326+08:00,2026-06-04T03:46:27.106326+08:00
460,"{""id"": 426, ""order_detail"": {""id"": 460, ""slip_number"": ""9740645"", ""order_type"": ""DINE_IN"", ""payment_method"": ""CASH"", ""table_number"": ""2"", ""items_json"": [{""productId"": 7, ""name"": ""Pechopak - Unli"", ""price"": 179, ""quantity"": 3, ""discount"": 0}, {""productId"": 1, ""name"": ""Coke - 1.5"", ""price"": 120, ""quantity"": 1, ""discount"": 0}], ""order_mode"": ""REGULAR""}, ""android_id"": null, ""total"": ""657.00"", ""completed_at"": ""2026-05-14T14:46:59.480915+08:00"", ""order"": 460}",,9740645,DINE_IN,CASH,"[{""productId"": 7, ""name"": ""Pechopak - Unli"", ""price"": 179, ""quantity"": 3, ""discount"": 0}, {""productId"": 1, ""name"": ""Coke - 1.5"", ""price"": 120, ""quantity"": 1, ""discount"": 0}]",657.00,COMPLETED,walk-in,2,,False,REGULAR,2026-06-04T03:46:27.090323+08:00,2026-06-04T03:46:27.090323+08:00
461,"{""id"": 427, ""order_detail"": {""id"": 461, ""slip_number"": ""9740646"", ""order_type"": ""DINE_IN"", ""payment_method"": ""CASH"", ""table_number"": ""1"", ""items_json"": [{""productId"": 9, ""name"": ""BBQ - Meal"", ""price"": 139, ""quantity"": 3, ""discount"": 0}, {""productId"": 10, ""name"": ""Leg - Meal"", ""price"": 149, ""quantity"": 1, ""discount"": 0}, {""productId"": 3, ""name"": ""Icetea - Icetea Pitcher"", ""price"": 129, ""quantity"": 1, ""discount"": 0}], ""order_mode"": ""REGULAR""}, ""android_id"": null, ""total"": ""695.00"", ""completed_at"": ""2026-05-14T17:19:34.945309+08:00"", ""order"": 461}",,9740646,DINE_IN,CASH,"[{""productId"": 9, ""name"": ""BBQ - Meal"", ""price"": 139, ""quantity"": 3, ""discount"": 0}, {""productId"": 10, ""name"": ""Leg - Meal"", ""price"": 149, ""quantity"": 1, ""discount"": 0}, {""productId"": 3, ""name"": ""Icetea - Icetea Pitcher"", ""price"": 129, ""quantity"": 1, ""discount"": 0}]",695.00,COMPLETED,walk-in,1,,False,REGULAR,2026-06-04T03:46:27.087321+08:00,2026-06-04T03:46:27.087321+08:00
462,"{""id"": 428, ""order_detail"": {""id"": 462, ""slip_number"": ""9740647"", ""order_type"": ""TAKE_OUT"", ""payment_method"": ""CASH"", ""table_number"": ""1"", ""items_json"": [{""productId"": 9, ""name"": ""BBQ - Meal"", ""price"": 139, ""quantity"": 1, ""discount"": 0}], ""order_mode"": ""REGULAR""}, ""android_id"": null, ""total"": ""139.00"", ""completed_at"": ""2026-05-14T17:35:05.006220+08:00"", ""order"": 462}",,9740647,TAKE_OUT,CASH,"[{""productId"": 9, ""name"": ""BBQ - Meal"", ""price"": 139, ""quantity"": 1, ""discount"": 0}]",139.00,COMPLETED,walk-in,1,,False,REGULAR,2026-06-04T03:46:27.079807+08:00,2026-06-04T03:46:27.079807+08:00
463,"{""id"": 429, ""order_detail"": {""id"": 463, ""slip_number"": ""9740648"", ""order_type"": ""DINE_IN"", ""payment_method"": ""CASH"", ""table_number"": ""3"", ""items_json"": [{""productId"": 1, ""name"": ""Coke - Mismo"", ""price"": 25, ""quantity"": 1, ""discount"": 0}, {""productId"": 3, ""name"": ""Icetea - Icetea Glass"", ""price"": 39, ""quantity"": 1, ""discount"": 0}, {""productId"": 10, ""name"": ""Leg - Meal"", ""price"": 149, ""quantity"": 1, ""discount"": 0}, {""productId"": 7, ""name"": ""Pechopak - Unli"", ""price"": 179, ""quantity"": 1, ""discount"": 0}, {""productId"": 11, ""name"": ""Wings - Meal"", ""price"": 129, ""quantity"": 1, ""discount"": 0}], ""order_mode"": ""REGULAR""}, ""android_id"": null, ""total"": ""521.00"", ""completed_at"": ""2026-05-14T18:24:06.384957+08:00"", ""order"": 463}",,9740648,DINE_IN,CASH,"[{""productId"": 1, ""name"": ""Coke - Mismo"", ""price"": 25, ""quantity"": 1, ""discount"": 0}, {""productId"": 3, ""name"": ""Icetea - Icetea Glass"", ""price"": 39, ""quantity"": 1, ""discount"": 0}, {""productId"": 10, ""name"": ""Leg - Meal"", ""price"": 149, ""quantity"": 1, ""discount"": 0}, {""productId"": 7, ""name"": ""Pechopak - Unli"", ""price"": 179, ""quantity"": 1, ""discount"": 0}, {""productId"": 11, ""name"": ""Wings - Meal"", ""price"": 129, ""quantity"": 1, ""discount"": 0}]",521.00,COMPLETED,walk-in,3,,False,REGULAR,2026-06-04T03:46:27.060279+08:00,2026-06-04T03:46:27.060279+08:00
464,"{""id"": 430, ""order_detail"": {""id"": 464, ""slip_number"": ""9740649"", ""order_type"": ""DINE_IN"", ""payment_method"": ""CASH"", ""table_number"": ""1"", ""items_json"": [{""productId"": 10, ""name"": ""Leg - Unli"", ""price"": 159, ""quantity"": 1, ""discount"": 0}, {""productId"": 7, ""name"": ""Pechopak - Unli"", ""price"": 179, ""quantity"": 1, ""discount"": 0}, {""productId"": 3, ""name"": ""Icetea - Icetea Pitcher"", ""price"": 129, ""quantity"": 1, ""discount"": 0}], ""order_mode"": ""REGULAR""}, ""android_id"": null, ""total"": ""467.00"", ""completed_at"": ""2026-05-14T18:58:32.947422+08:00"", ""order"": 464}",,9740649,DINE_IN,CASH,"[{""productId"": 10, ""name"": ""Leg - Unli"", ""price"": 159, ""quantity"": 1, ""discount"": 0}, {""productId"": 7, ""name"": ""Pechopak - Unli"", ""price"": 179, ""quantity"": 1, ""discount"": 0}, {""productId"": 3, ""name"": ""Icetea - Icetea Pitcher"", ""price"": 129, ""quantity"": 1, ""discount"": 0}]",467.00,COMPLETED,walk-in,1,,False,REGULAR,2026-06-04T03:46:27.048767+08:00,2026-06-04T03:46:27.048767+08:00
465,"{""id"": 431, ""order_detail"": {""id"": 465, ""slip_number"": ""9740650"", ""order_type"": ""DINE_IN"", ""payment_method"": ""CASH"", ""table_number"": ""3"", ""items_json"": [{""productId"": 8, ""name"": ""Liempo - Unli"", ""price"": 199, ""quantity"": 1, ""discount"": 0}, {""productId"": 7, ""name"": ""Pechopak - Unli"", ""price"": 179, ""quantity"": 1, ""discount"": 0}, {""productId"": 1, ""name"": ""Coke - 1.5"", ""price"": 120, ""quantity"": 1, ""discount"": 0}], ""order_mode"": ""REGULAR""}, ""android_id"": null, ""total"": ""498.00"", ""completed_at"": ""2026-05-14T19:24:48.762966+08:00"", ""order"": 465}",,9740650,DINE_IN,CASH,"[{""productId"": 8, ""name"": ""Liempo - Unli"", ""price"": 199, ""quantity"": 1, ""discount"": 0}, {""productId"": 7, ""name"": ""Pechopak - Unli"", ""price"": 179, ""quantity"": 1, ""discount"": 0}, {""productId"": 1, ""name"": ""Coke - 1.5"", ""price"": 120, ""quantity"": 1, ""discount"": 0}]",498.00,COMPLETED,walk-in,3,,False,REGULAR,2026-06-04T03:46:27.038259+08:00,2026-06-04T03:46:27.038259+08:00
466,"{""id"": 432, ""order_detail"": {""id"": 466, ""slip_number"": ""9740651"", ""order_type"": ""DINE_IN"", ""payment_method"": ""CASH"", ""table_number"": ""1"", ""items_json"": [{""productId"": 3, ""name"": ""Icetea - Icetea Pitcher"", ""price"": 129, ""quantity"": 1, ""discount"": 0}, {""productId"": 7, ""name"": ""Pechopak - Unli"", ""price"": 179, ""quantity"": 1, ""discount"": 0}, {""productId"": 8, ""name"": ""Liempo - Unli"", ""price"": 199, ""quantity"": 1, ""discount"": 0}], ""order_mode"": ""REGULAR""}, ""android_id"": null, ""total"": ""507.00"", ""completed_at"": ""2026-05-14T19:31:37.416828+08:00"", ""order"": 466}",,9740651,DINE_IN,CASH,"[{""productId"": 3, ""name"": ""Icetea - Icetea Pitcher"", ""price"": 129, ""quantity"": 1, ""discount"": 0}, {""productId"": 7, ""name"": ""Pechopak - Unli"", ""price"": 179, ""quantity"": 1, ""discount"": 0}, {""productId"": 8, ""name"": ""Liempo - Unli"", ""price"": 199, ""quantity"": 1, ""discount"": 0}]",507.00,COMPLETED,walk-in,1,,False,REGULAR,2026-06-04T03:46:27.021722+08:00,2026-06-04T03:46:27.021722+08:00
468,"{""id"": 434, ""order_detail"": {""id"": 468, ""slip_number"": ""9740653"", ""order_type"": ""TAKE_OUT"", ""payment_method"": ""CASH"", ""table_number"": """", ""items_json"": [{""productId"": 7, ""name"": ""Pechopak - Only"", ""price"": 159, ""quantity"": 1, ""discount"": 20}], ""order_mode"": ""REGULAR""}, ""android_id"": null, ""total"": ""127.20"", ""completed_at"": ""2026-05-14T19:55:57.705848+08:00"", ""order"": 468}",,9740653,TAKE_OUT,CASH,"[{""productId"": 7, ""name"": ""Pechopak - Only"", ""price"": 159, ""quantity"": 1, ""discount"": 20}]",127.20,COMPLETED,walk-in,,,False,REGULAR,2026-06-04T03:46:27.013210+08:00,2026-06-04T03:46:27.013210+08:00
469,"{""id"": 435, ""order_detail"": {""id"": 469, ""slip_number"": ""9740654"", ""order_type"": ""DINE_IN"", ""payment_method"": ""GCASH"", ""table_number"": ""3"", ""items_json"": [{""productId"": 8, ""name"": ""Liempo - Unli"", ""price"": 199, ""quantity"": 1, ""discount"": 0}, {""productId"": 10, ""name"": ""Leg - Meal"", ""price"": 149, ""quantity"": 1, ""discount"": 0}, {""productId"": 4, ""name"": ""Royal - Mismo"", ""price"": 25, ""quantity"": 1, ""discount"": 0}, {""productId"": 1, ""name"": ""Coke - Mismo"", ""price"": 25, ""quantity"": 1, ""discount"": 0}], ""order_mode"": ""REGULAR""}, ""android_id"": null, ""total"": ""398.00"", ""completed_at"": ""2026-05-14T20:25:28.451654+08:00"", ""order"": 469}",,9740654,DINE_IN,GCASH,"[{""productId"": 8, ""name"": ""Liempo - Unli"", ""price"": 199, ""quantity"": 1, ""discount"": 0}, {""productId"": 10, ""name"": ""Leg - Meal"", ""price"": 149, ""quantity"": 1, ""discount"": 0}, {""productId"": 4, ""name"": ""Royal - Mismo"", ""price"": 25, ""quantity"": 1, ""discount"": 0}, {""productId"": 1, ""name"": ""Coke - Mismo"", ""price"": 25, ""quantity"": 1, ""discount"": 0}]",398.00,COMPLETED,walk-in,3,,False,REGULAR,2026-06-04T03:46:27.006647+08:00,2026-06-04T03:46:27.006647+08:00
470,"{""id"": 436, ""order_detail"": {""id"": 470, ""slip_number"": ""9740655"", ""order_type"": ""DINE_IN"", ""payment_method"": ""GCASH"", ""table_number"": ""1"", ""items_json"": [{""productId"": 10, ""name"": ""Leg - Meal"", ""price"": 149, ""quantity"": 1, ""discount"": 0}, {""productId"": 10, ""name"": ""Leg - Unli"", ""price"": 159, ""quantity"": 1, ""discount"": 0}, {""productId"": 9, ""name"": ""BBQ - One Piece Only"", ""price"": 69, ""quantity"": 1, ""discount"": 0}, {""productId"": 3, ""name"": ""Icetea - Icetea Glass"", ""price"": 39, ""quantity"": 1, ""discount"": 0}], ""order_mode"": ""REGULAR""}, ""android_id"": null, ""total"": ""416.00"", ""completed_at"": ""2026-05-14T20:31:52.024561+08:00"", ""order"": 470}",,9740655,DINE_IN,GCASH,"[{""productId"": 10, ""name"": ""Leg - Meal"", ""price"": 149, ""quantity"": 1, ""discount"": 0}, {""productId"": 10, ""name"": ""Leg - Unli"", ""price"": 159, ""quantity"": 1, ""discount"": 0}, {""productId"": 9, ""name"": ""BBQ - One Piece Only"", ""price"": 69, ""quantity"": 1, ""discount"": 0}, {""productId"": 3, ""name"": ""Icetea - Icetea Glass"", ""price"": 39, ""quantity"": 1, ""discount"": 0}]",416.00,COMPLETED,walk-in,1,,False,REGULAR,2026-06-04T03:46:26.995210+08:00,2026-06-04T03:46:26.995210+08:00
471,"{""id"": 437, ""order_detail"": {""id"": 471, ""slip_number"": ""9740656"", ""order_type"": ""DINE_IN"", ""payment_method"": ""CASH"", ""table_number"": ""3"", ""items_json"": [{""productId"": 8, ""name"": ""Liempo - Meal"", ""price"": 189, ""quantity"": 2, ""discount"": 0}], ""order_mode"": ""REGULAR""}, ""android_id"": null, ""total"": ""378.00"", ""completed_at"": ""2026-05-14T21:07:29.524677+08:00"", ""order"": 471}",,9740656,DINE_IN,CASH,"[{""productId"": 8, ""name"": ""Liempo - Meal"", ""price"": 189, ""quantity"": 2, ""discount"": 0}]",378.00,COMPLETED,walk-in,3,,False,REGULAR,2026-06-04T03:46:26.992210+08:00,2026-06-04T03:46:26.992210+08:00
472,"{""id"": 438, ""order_detail"": {""id"": 472, ""slip_number"": ""9740657"", ""order_type"": ""TAKE_OUT"", ""payment_method"": ""CASH"", ""table_number"": ""3"", ""items_json"": [{""productId"": 9, ""name"": ""BBQ - Only"", ""price"": 129, ""quantity"": 1, ""discount"": 0}], ""order_mode"": ""REGULAR""}, ""android_id"": null, ""total"": ""129.00"", ""completed_at"": ""2026-05-14T21:07:30.483001+08:00"", ""order"": 472}",,9740657,TAKE_OUT,CASH,"[{""productId"": 9, ""name"": ""BBQ - Only"", ""price"": 129, ""quantity"": 1, ""discount"": 0}]",129.00,COMPLETED,walk-in,3,,False,REGULAR,2026-06-04T03:46:26.981136+08:00,2026-06-04T03:46:26.981136+08:00
473,"{""id"": 439, ""order_detail"": {""id"": 473, ""slip_number"": ""9740658"", ""order_type"": ""DINE_IN"", ""payment_method"": ""CASH"", ""table_number"": ""1"", ""items_json"": [{""productId"": 7, ""name"": ""Pechopak - Unli"", ""price"": 179, ""quantity"": 1, ""discount"": 0}, {""productId"": 8, ""name"": ""Liempo - Unli"", ""price"": 199, ""quantity"": 1, ""discount"": 0}, {""productId"": 3, ""name"": ""Icetea - Icetea Glass"", ""price"": 39, ""quantity"": 1, ""discount"": 0}], ""order_mode"": ""REGULAR""}, ""android_id"": null, ""total"": ""417.00"", ""completed_at"": ""2026-05-14T21:23:33.218029+08:00"", ""order"": 473}",,9740658,DINE_IN,CASH,"[{""productId"": 7, ""name"": ""Pechopak - Unli"", ""price"": 179, ""quantity"": 1, ""discount"": 0}, {""productId"": 8, ""name"": ""Liempo - Unli"", ""price"": 199, ""quantity"": 1, ""discount"": 0}, {""productId"": 3, ""name"": ""Icetea - Icetea Glass"", ""price"": 39, ""quantity"": 1, ""discount"": 0}]",417.00,COMPLETED,walk-in,1,,False,REGULAR,2026-06-04T03:46:26.972628+08:00,2026-06-04T03:46:26.972628+08:00
474,"{""id"": 440, ""order_detail"": {""id"": 474, ""slip_number"": ""9740659"", ""order_type"": ""DINE_IN"", ""payment_method"": ""CASH"", ""table_number"": ""3"", ""items_json"": [{""productId"": 9, ""name"": ""BBQ - Meal"", ""price"": 139, ""quantity"": 1, ""discount"": 0}, {""productId"": 3, ""name"": ""Icetea - Icetea Pitcher"", ""price"": 129, ""quantity"": 1, ""discount"": 0}], ""order_mode"": ""REGULAR""}, ""android_id"": null, ""total"": ""268.00"", ""completed_at"": ""2026-05-14T21:58:30.709425+08:00"", ""order"": 474}",,9740659,DINE_IN,CASH,"[{""productId"": 9, ""name"": ""BBQ - Meal"", ""price"": 139, ""quantity"": 1, ""discount"": 0}, {""productId"": 3, ""name"": ""Icetea - Icetea Pitcher"", ""price"": 129, ""quantity"": 1, ""discount"": 0}]",268.00,COMPLETED,walk-in,3,,False,REGULAR,2026-06-04T03:46:26.953133+08:00,2026-06-04T03:46:26.953133+08:00
475,"{""id"": 441, ""order_detail"": {""id"": 475, ""slip_number"": ""9740660"", ""order_type"": ""DINE_IN"", ""payment_method"": """", ""table_number"": """", ""items_json"": [{""productId"": 9, ""name"": ""BBQ - One Piece Only"", ""price"": 69, ""quantity"": 1, ""discount"": 0}], ""order_mode"": ""WASTE""}, ""android_id"": null, ""total"": ""69.00"", ""completed_at"": ""2026-05-14T22:31:23.269303+08:00"", ""order"": 475}",,9740660,DINE_IN,,"[{""productId"": 9, ""name"": ""BBQ - One Piece Only"", ""price"": 69, ""quantity"": 1, ""discount"": 0}]",69.00,COMPLETED,walk-in,,,False,WASTE,2026-06-04T03:46:26.947620+08:00,2026-06-04T03:46:26.947620+08:00
476,"{""id"": 442, ""order_detail"": {""id"": 476, ""slip_number"": ""9740661"", ""order_type"": ""DINE_IN"", ""payment_method"": """", ""table_number"": """", ""items_json"": [{""productId"": 10, ""name"": ""Leg - Only"", ""price"": 139, ""quantity"": 1, ""discount"": 0}, {""productId"": 7, ""name"": ""Pechopak - Only"", ""price"": 159, ""quantity"": 1, ""discount"": 0}], ""order_mode"": ""WASTE""}, ""android_id"": null, ""total"": ""298.00"", ""completed_at"": ""2026-05-14T22:32:22.947928+08:00"", ""order"": 476}",,9740661,DINE_IN,,"[{""productId"": 10, ""name"": ""Leg - Only"", ""price"": 139, ""quantity"": 1, ""discount"": 0}, {""productId"": 7, ""name"": ""Pechopak - Only"", ""price"": 159, ""quantity"": 1, ""discount"": 0}]",298.00,COMPLETED,walk-in,,,False,WASTE,2026-06-04T03:46:26.931445+08:00,2026-06-04T03:46:26.931445+08:00
477,"{""id"": 443, ""order_detail"": {""id"": 477, ""slip_number"": ""9740662"", ""order_type"": ""DINE_IN"", ""payment_method"": ""GCASH"", ""table_number"": """", ""items_json"": [{""productId"": 3, ""name"": ""Icetea - Icetea Glass"", ""price"": 39, ""quantity"": 1, ""discount"": 0}], ""order_mode"": ""REGULAR""}, ""android_id"": null, ""total"": ""39.00"", ""completed_at"": ""2026-05-14T22:42:16.766308+08:00"", ""order"": 477}",,9740662,DINE_IN,GCASH,"[{""productId"": 3, ""name"": ""Icetea - Icetea Glass"", ""price"": 39, ""quantity"": 1, ""discount"": 0}]",39.00,COMPLETED,walk-in,,,False,REGULAR,2026-06-04T03:46:26.924929+08:00,2026-06-04T03:46:26.924929+08:00
478,"{""id"": 444, ""order_detail"": {""id"": 478, ""slip_number"": ""9740663"", ""order_type"": ""DINE_IN"", ""payment_method"": ""CASH"", ""table_number"": ""1"", ""items_json"": [{""productId"": 7, ""name"": ""Pechopak - Unli"", ""price"": 179, ""quantity"": 1, ""discount"": 0}, {""productId"": 7, ""name"": ""Pechopak - Meal"", ""price"": 169, ""quantity"": 1, ""discount"": 0}], ""order_mode"": ""REGULAR""}, ""android_id"": null, ""total"": ""348.00"", ""completed_at"": ""2026-05-15T11:07:02.852019+08:00"", ""order"": 478}",,9740663,DINE_IN,CASH,"[{""productId"": 7, ""name"": ""Pechopak - Unli"", ""price"": 179, ""quantity"": 1, ""discount"": 0}, {""productId"": 7, ""name"": ""Pechopak - Meal"", ""price"": 169, ""quantity"": 1, ""discount"": 0}]",348.00,COMPLETED,walk-in,1,,False,REGULAR,2026-06-04T03:46:26.920930+08:00,2026-06-04T03:46:26.920930+08:00
479,"{""id"": 445, ""order_detail"": {""id"": 479, ""slip_number"": ""9740664"", ""order_type"": ""DINE_IN"", ""payment_method"": ""CASH"", ""table_number"": ""5"", ""items_json"": [{""productId"": 7, ""name"": ""Pechopak - Unli"", ""price"": 179, ""quantity"": 1, ""discount"": 0}, {""productId"": 7, ""name"": ""Pechopak - Meal"", ""price"": 169, ""quantity"": 2, ""discount"": 0}], ""order_mode"": ""REGULAR""}, ""android_id"": null, ""total"": ""517.00"", ""completed_at"": ""2026-05-15T11:37:49.076156+08:00"", ""order"": 479}",,9740664,DINE_IN,CASH,"[{""productId"": 7, ""name"": ""Pechopak - Unli"", ""price"": 179, ""quantity"": 1, ""discount"": 0}, {""productId"": 7, ""name"": ""Pechopak - Meal"", ""price"": 169, ""quantity"": 2, ""discount"": 0}]",517.00,COMPLETED,walk-in,5,,False,REGULAR,2026-06-04T03:46:26.910815+08:00,2026-06-04T03:46:26.910815+08:00
480,"{""id"": 446, ""order_detail"": {""id"": 480, ""slip_number"": ""9740665"", ""order_type"": ""DELIVERY"", ""payment_method"": ""GCASH"", ""table_number"": ""2"", ""items_json"": [{""productId"": -1, ""name"": ""Delivery Fee"", ""price"": 30, ""quantity"": 1, ""discount"": 0}, {""productId"": 7, ""name"": ""Pechopak - Meal"", ""price"": 169, ""quantity"": 1, ""discount"": 0}, {""productId"": 9, ""name"": ""BBQ - Meal"", ""price"": 139, ""quantity"": 1, ""discount"": 0}], ""order_mode"": ""REGULAR""}, ""android_id"": null, ""total"": ""338.00"", ""completed_at"": ""2026-05-15T11:52:50.170970+08:00"", ""order"": 480}",,9740665,DELIVERY,GCASH,"[{""productId"": -1, ""name"": ""Delivery Fee"", ""price"": 30, ""quantity"": 1, ""discount"": 0}, {""productId"": 7, ""name"": ""Pechopak - Meal"", ""price"": 169, ""quantity"": 1, ""discount"": 0}, {""productId"": 9, ""name"": ""BBQ - Meal"", ""price"": 139, ""quantity"": 1, ""discount"": 0}]",338.00,COMPLETED,walk-in,2,,False,REGULAR,2026-06-04T03:46:26.902947+08:00,2026-06-04T03:46:26.902947+08:00
481,"{""id"": 448, ""order_detail"": {""id"": 481, ""slip_number"": ""9740666"", ""order_type"": ""DINE_IN"", ""payment_method"": ""CASH"", ""table_number"": ""3"", ""items_json"": [{""productId"": 9, ""name"": ""BBQ - Meal"", ""price"": 139, ""quantity"": 1, ""discount"": 0}, {""productId"": 7, ""name"": ""Pechopak - Meal"", ""price"": 169, ""quantity"": 1, ""discount"": 0}], ""order_mode"": ""REGULAR""}, ""android_id"": null, ""total"": ""308.00"", ""completed_at"": ""2026-05-15T12:33:43.185691+08:00"", ""order"": 481}",,9740666,DINE_IN,CASH,"[{""productId"": 9, ""name"": ""BBQ - Meal"", ""price"": 139, ""quantity"": 1, ""discount"": 0}, {""productId"": 7, ""name"": ""Pechopak - Meal"", ""price"": 169, ""quantity"": 1, ""discount"": 0}]",308.00,COMPLETED,walk-in,3,,False,REGULAR,2026-06-04T03:46:26.899946+08:00,2026-06-04T03:46:26.899946+08:00
482,"{""id"": 447, ""order_detail"": {""id"": 482, ""slip_number"": ""9740667"", ""order_type"": ""DINE_IN"", ""payment_method"": ""GCASH"", ""table_number"": ""5"", ""items_json"": [{""productId"": 7, ""name"": ""Pechopak - Meal"", ""price"": 169, ""quantity"": 1, ""discount"": 0}], ""order_mode"": ""REGULAR""}, ""android_id"": null, ""total"": ""169.00"", ""completed_at"": ""2026-05-15T12:33:41.542678+08:00"", ""order"": 482}",,9740667,DINE_IN,GCASH,"[{""productId"": 7, ""name"": ""Pechopak - Meal"", ""price"": 169, ""quantity"": 1, ""discount"": 0}]",169.00,COMPLETED,walk-in,5,,False,REGULAR,2026-06-04T03:46:26.889801+08:00,2026-06-04T03:46:26.889801+08:00
483,"{""id"": 449, ""order_detail"": {""id"": 483, ""slip_number"": ""9740668"", ""order_type"": ""TAKE_OUT"", ""payment_method"": ""GCASH"", ""table_number"": """", ""items_json"": [{""productId"": 4, ""name"": ""Royal - Mismo"", ""price"": 25, ""quantity"": 1, ""discount"": 0}], ""order_mode"": ""REGULAR""}, ""android_id"": null, ""total"": ""25.00"", ""completed_at"": ""2026-05-15T13:13:04.193055+08:00"", ""order"": 483}",,9740668,TAKE_OUT,GCASH,"[{""productId"": 4, ""name"": ""Royal - Mismo"", ""price"": 25, ""quantity"": 1, ""discount"": 0}]",25.00,COMPLETED,walk-in,,,False,REGULAR,2026-06-04T03:46:26.882074+08:00,2026-06-04T03:46:26.882074+08:00
484,"{""id"": 450, ""order_detail"": {""id"": 484, ""slip_number"": ""9740669"", ""order_type"": ""TAKE_OUT"", ""payment_method"": ""CASH"", ""table_number"": ""1"", ""items_json"": [{""productId"": 11, ""name"": ""Wings - Meal"", ""price"": 129, ""quantity"": 1, ""discount"": 0}], ""order_mode"": ""REGULAR""}, ""android_id"": null, ""total"": ""129.00"", ""completed_at"": ""2026-05-15T14:02:13.027300+08:00"", ""order"": 484}",,9740669,TAKE_OUT,CASH,"[{""productId"": 11, ""name"": ""Wings - Meal"", ""price"": 129, ""quantity"": 1, ""discount"": 0}]",129.00,COMPLETED,walk-in,1,,False,REGULAR,2026-06-04T03:46:26.871558+08:00,2026-06-04T03:46:26.871558+08:00
485,,,9740670,DINE_IN,GCASH,"[{""productId"": 11, ""name"": ""Wings - Bulk Wings per piece"", ""price"": 50, ""quantity"": 120, ""discount"": 0}]",6000.00,VOIDED,walk-in,,,False,REGULAR,2026-06-04T03:46:26.864284+08:00,2026-06-04T03:46:26.864284+08:00
486,,,9740671,DINE_IN,GCASH,"[{""productId"": 11, ""name"": ""Wings - Bulk Wings per piece"", ""price"": 50, ""quantity"": 255, ""discount"": 0}]",12750.00,VOIDED,walk-in,,,False,REGULAR,2026-06-04T03:46:26.860776+08:00,2026-06-04T03:46:26.860776+08:00
487,"{""id"": 451, ""order_detail"": {""id"": 487, ""slip_number"": ""000001"", ""order_type"": ""DINE_IN"", ""payment_method"": """", ""table_number"": """", ""items_json"": [{""productId"": 11, ""name"": ""Wings - Bulk Wings per piece"", ""price"": 50, ""quantity"": 120, ""discount"": 0}], ""order_mode"": ""BULK""}, ""android_id"": null, ""total"": ""6000.00"", ""completed_at"": ""2026-05-13T14:15:00+08:00"", ""order"": 487}",,000001,DINE_IN,,"[{""productId"": 11, ""name"": ""Wings - Bulk Wings per piece"", ""price"": 50, ""quantity"": 120, ""discount"": 0}]",6000.00,COMPLETED,walk-in,,,False,BULK,2026-06-04T03:46:26.851266+08:00,2026-06-04T03:46:26.851266+08:00
488,"{""id"": 452, ""order_detail"": {""id"": 488, ""slip_number"": ""2"", ""order_type"": ""DINE_IN"", ""payment_method"": """", ""table_number"": """", ""items_json"": [{""productId"": 11, ""name"": ""Wings - Bulk Wings per piece"", ""price"": 50, ""quantity"": 255, ""discount"": 0}], ""order_mode"": ""BULK""}, ""android_id"": null, ""total"": ""12750.00"", ""completed_at"": ""2026-05-15T14:16:07.436358+08:00"", ""order"": 488}",,2,DINE_IN,,"[{""productId"": 11, ""name"": ""Wings - Bulk Wings per piece"", ""price"": 50, ""quantity"": 255, ""discount"": 0}]",12750.00,COMPLETED,walk-in,,,False,BULK,2026-06-04T03:46:26.841814+08:00,2026-06-04T03:46:26.841814+08:00
489,"{""id"": 454, ""order_detail"": {""id"": 489, ""slip_number"": ""9740670"", ""order_type"": ""DINE_IN"", ""payment_method"": ""GCASH"", ""table_number"": """", ""items_json"": [{""productId"": 11, ""name"": ""Wings - Only"", ""price"": 119, ""quantity"": 1, ""discount"": 0}, {""productId"": 3, ""name"": ""Icetea - Icetea Glass"", ""price"": 39, ""quantity"": 1, ""discount"": 0}], ""order_mode"": ""REGULAR""}, ""android_id"": null, ""total"": ""158.00"", ""completed_at"": ""2026-05-15T14:53:00+08:00"", ""order"": 489}",,9740670,DINE_IN,GCASH,"[{""productId"": 11, ""name"": ""Wings - Only"", ""price"": 119, ""quantity"": 1, ""discount"": 0}, {""productId"": 3, ""name"": ""Icetea - Icetea Glass"", ""price"": 39, ""quantity"": 1, ""discount"": 0}]",158.00,COMPLETED,walk-in,,,False,REGULAR,2026-06-04T03:46:26.833687+08:00,2026-06-04T03:46:26.833687+08:00
490,"{""id"": 453, ""order_detail"": {""id"": 490, ""slip_number"": """", ""order_type"": ""DINE_IN"", ""payment_method"": """", ""table_number"": """", ""items_json"": [{""productId"": 11, ""name"": ""Wings - One Piece Only"", ""price"": 69, ""quantity"": 3, ""discount"": 0}], ""order_mode"": ""WASTE""}, ""android_id"": null, ""total"": ""207.00"", ""completed_at"": ""2026-05-15T14:52:39.062174+08:00"", ""order"": 490}",,,DINE_IN,,"[{""productId"": 11, ""name"": ""Wings - One Piece Only"", ""price"": 69, ""quantity"": 3, ""discount"": 0}]",207.00,COMPLETED,walk-in,,,False,WASTE,2026-06-04T03:46:26.822648+08:00,2026-06-04T03:46:26.822648+08:00
491,"{""id"": 455, ""order_detail"": {""id"": 491, ""slip_number"": ""9740671"", ""order_type"": ""DINE_IN"", ""payment_method"": ""GCASH"", ""table_number"": """", ""items_json"": [{""productId"": 11, ""name"": ""Wings - Only"", ""price"": 119, ""quantity"": 3, ""discount"": 0}], ""order_mode"": ""REGULAR""}, ""android_id"": null, ""total"": ""357.00"", ""completed_at"": ""2026-05-15T15:06:52.180707+08:00"", ""order"": 491}",,9740671,DINE_IN,GCASH,"[{""productId"": 11, ""name"": ""Wings - Only"", ""price"": 119, ""quantity"": 3, ""discount"": 0}]",357.00,COMPLETED,walk-in,,,False,REGULAR,2026-06-04T03:46:26.820398+08:00,2026-06-04T03:46:26.820398+08:00
492,"{""id"": 456, ""order_detail"": {""id"": 492, ""slip_number"": ""10"", ""order_type"": ""DINE_IN"", ""payment_method"": """", ""table_number"": """", ""items_json"": [{""productId"": 2, ""name"": ""Rice - Extra"", ""price"": 20, ""quantity"": 1, ""discount"": 0}], ""order_mode"": ""EMPLOYEE""}, ""android_id"": null, ""total"": ""20.00"", ""completed_at"": ""2026-05-15T15:08:50.701939+08:00"", ""order"": 492}",,10,DINE_IN,,"[{""productId"": 2, ""name"": ""Rice - Extra"", ""price"": 20, ""quantity"": 1, ""discount"": 0}]",20.00,COMPLETED,walk-in,,,False,EMPLOYEE,2026-06-04T03:46:26.803661+08:00,2026-06-04T03:46:26.803661+08:00
493,"{""id"": 457, ""order_detail"": {""id"": 493, ""slip_number"": ""11"", ""order_type"": ""DINE_IN"", ""payment_method"": """", ""table_number"": """", ""items_json"": [{""productId"": 2, ""name"": ""Rice - Extra"", ""price"": 20, ""quantity"": 2, ""discount"": 0}], ""order_mode"": ""EMPLOYEE""}, ""android_id"": null, ""total"": ""40.00"", ""completed_at"": ""2026-05-15T15:10:12.477677+08:00"", ""order"": 493}",,11,DINE_IN,,"[{""productId"": 2, ""name"": ""Rice - Extra"", ""price"": 20, ""quantity"": 2, ""discount"": 0}]",40.00,COMPLETED,walk-in,,,False,EMPLOYEE,2026-06-04T03:46:26.801153+08:00,2026-06-04T03:46:26.801153+08:00
494,"{""id"": 458, ""order_detail"": {""id"": 494, ""slip_number"": ""12"", ""order_type"": ""DINE_IN"", ""payment_method"": """", ""table_number"": """", ""items_json"": [{""productId"": 2, ""name"": ""Rice - Extra"", ""price"": 20, ""quantity"": 1, ""discount"": 0}], ""order_mode"": ""EMPLOYEE""}, ""android_id"": null, ""total"": ""20.00"", ""completed_at"": ""2026-05-15T15:10:21.572876+08:00"", ""order"": 494}",,12,DINE_IN,,"[{""productId"": 2, ""name"": ""Rice - Extra"", ""price"": 20, ""quantity"": 1, ""discount"": 0}]",20.00,COMPLETED,walk-in,,,False,EMPLOYEE,2026-06-04T03:46:26.791632+08:00,2026-06-04T03:46:26.791632+08:00
495,"{""id"": 459, ""order_detail"": {""id"": 495, ""slip_number"": ""13"", ""order_type"": ""DINE_IN"", ""payment_method"": """", ""table_number"": """", ""items_json"": [{""productId"": 2, ""name"": ""Rice - Extra"", ""price"": 20, ""quantity"": 2, ""discount"": 0}], ""order_mode"": ""EMPLOYEE""}, ""android_id"": null, ""total"": ""40.00"", ""completed_at"": ""2026-05-15T15:11:02.641115+08:00"", ""order"": 495}",,13,DINE_IN,,"[{""productId"": 2, ""name"": ""Rice - Extra"", ""price"": 20, ""quantity"": 2, ""discount"": 0}]",40.00,COMPLETED,walk-in,,,False,EMPLOYEE,2026-06-04T03:46:26.780757+08:00,2026-06-04T03:46:26.780757+08:00
496,"{""id"": 460, ""order_detail"": {""id"": 496, ""slip_number"": ""9740672"", ""order_type"": ""DINE_IN"", ""payment_method"": ""CASH"", ""table_number"": ""2"", ""items_json"": [{""productId"": 7, ""name"": ""Pechopak - Unli"", ""price"": 179, ""quantity"": 2, ""discount"": 0}], ""order_mode"": ""REGULAR""}, ""android_id"": null, ""total"": ""358.00"", ""completed_at"": ""2026-05-15T15:43:59.857535+08:00"", ""order"": 496}",,9740672,DINE_IN,CASH,"[{""productId"": 7, ""name"": ""Pechopak - Unli"", ""price"": 179, ""quantity"": 2, ""discount"": 0}]",358.00,COMPLETED,walk-in,2,,False,REGULAR,2026-06-04T03:46:26.774466+08:00,2026-06-04T03:46:26.774466+08:00
497,"{""id"": 461, ""order_detail"": {""id"": 497, ""slip_number"": ""9740673"", ""order_type"": ""DINE_IN"", ""payment_method"": ""CASH"", ""table_number"": ""2"", ""items_json"": [{""productId"": 10, ""name"": ""Leg - Meal"", ""price"": 149, ""quantity"": 1, ""discount"": 0}, {""productId"": 7, ""name"": ""Pechopak - Meal"", ""price"": 169, ""quantity"": 1, ""discount"": 0}, {""productId"": 3, ""name"": ""Icetea - Icetea Glass"", ""price"": 39, ""quantity"": 1, ""discount"": 0}], ""order_mode"": ""REGULAR""}, ""android_id"": null, ""total"": ""357.00"", ""completed_at"": ""2026-05-15T17:13:09.288302+08:00"", ""order"": 497}",,9740673,DINE_IN,CASH,"[{""productId"": 10, ""name"": ""Leg - Meal"", ""price"": 149, ""quantity"": 1, ""discount"": 0}, {""productId"": 7, ""name"": ""Pechopak - Meal"", ""price"": 169, ""quantity"": 1, ""discount"": 0}, {""productId"": 3, ""name"": ""Icetea - Icetea Glass"", ""price"": 39, ""quantity"": 1, ""discount"": 0}]",357.00,COMPLETED,walk-in,2,,False,REGULAR,2026-06-04T03:46:26.761134+08:00,2026-06-04T03:46:26.761134+08:00
498,"{""id"": 462, ""order_detail"": {""id"": 498, ""slip_number"": ""9740674"", ""order_type"": ""DINE_IN"", ""payment_method"": ""CASH"", ""table_number"": ""2"", ""items_json"": [{""productId"": 1, ""name"": ""Coke - Mismo"", ""price"": 25, ""quantity"": 1}], ""order_mode"": ""REGULAR""}, ""android_id"": null, ""total"": ""25.00"", ""completed_at"": ""2026-05-15T17:26:30.032489+08:00"", ""order"": 498}",,9740674,DINE_IN,CASH,"[{""productId"": 1, ""name"": ""Coke - Mismo"", ""price"": 25, ""quantity"": 1}]",25.00,COMPLETED,walk-in,2,,False,REGULAR,2026-06-04T03:46:26.753134+08:00,2026-06-04T03:46:26.753134+08:00
499,"{""id"": 463, ""order_detail"": {""id"": 499, ""slip_number"": ""9740675"", ""order_type"": ""PICK_UP"", ""payment_method"": ""CASH"", ""table_number"": """", ""items_json"": [{""productId"": 7, ""name"": ""Pechopak - Meal"", ""price"": 169, ""quantity"": 1, ""discount"": 0}, {""productId"": 9, ""name"": ""BBQ - Meal"", ""price"": 139, ""quantity"": 1, ""discount"": 0}], ""order_mode"": ""REGULAR""}, ""android_id"": null, ""total"": ""308.00"", ""completed_at"": ""2026-05-15T18:39:12.255676+08:00"", ""order"": 499}",,9740675,PICK_UP,CASH,"[{""productId"": 7, ""name"": ""Pechopak - Meal"", ""price"": 169, ""quantity"": 1, ""discount"": 0}, {""productId"": 9, ""name"": ""BBQ - Meal"", ""price"": 139, ""quantity"": 1, ""discount"": 0}]",308.00,COMPLETED,walk-in,,,False,REGULAR,2026-06-04T03:46:26.749473+08:00,2026-06-04T03:46:26.749473+08:00
500,"{""id"": 464, ""order_detail"": {""id"": 500, ""slip_number"": ""9740676"", ""order_type"": ""DINE_IN"", ""payment_method"": ""GCASH"", ""table_number"": ""1"", ""items_json"": [{""productId"": 7, ""name"": ""Pechopak - Unli"", ""price"": 179, ""quantity"": 2, ""discount"": 0}, {""productId"": 3, ""name"": ""Icetea - Icetea Pitcher"", ""price"": 129, ""quantity"": 1, ""discount"": 0}], ""order_mode"": ""REGULAR""}, ""android_id"": null, ""total"": ""487.00"", ""completed_at"": ""2026-05-15T19:22:43.274520+08:00"", ""order"": 500}",,9740676,DINE_IN,GCASH,"[{""productId"": 7, ""name"": ""Pechopak - Unli"", ""price"": 179, ""quantity"": 2, ""discount"": 0}, {""productId"": 3, ""name"": ""Icetea - Icetea Pitcher"", ""price"": 129, ""quantity"": 1, ""discount"": 0}]",487.00,COMPLETED,walk-in,1,,False,REGULAR,2026-06-04T03:46:26.733016+08:00,2026-06-04T03:46:26.733016+08:00
501,"{""id"": 465, ""order_detail"": {""id"": 501, ""slip_number"": ""9740677"", ""order_type"": ""DINE_IN"", ""payment_method"": ""CASH"", ""table_number"": ""3"", ""items_json"": [{""productId"": 7, ""name"": ""Pechopak - Meal"", ""price"": 169, ""quantity"": 1, ""discount"": 0}, {""productId"": 9, ""name"": ""BBQ - Meal"", ""price"": 139, ""quantity"": 1, ""discount"": 0}, {""productId"": 1, ""name"": ""Coke - Mismo"", ""price"": 25, ""quantity"": 1, ""discount"": 0}], ""order_mode"": ""REGULAR""}, ""android_id"": null, ""total"": ""333.00"", ""completed_at"": ""2026-05-15T19:47:21.886951+08:00"", ""order"": 501}",,9740677,DINE_IN,CASH,"[{""productId"": 7, ""name"": ""Pechopak - Meal"", ""price"": 169, ""quantity"": 1, ""discount"": 0}, {""productId"": 9, ""name"": ""BBQ - Meal"", ""price"": 139, ""quantity"": 1, ""discount"": 0}, {""productId"": 1, ""name"": ""Coke - Mismo"", ""price"": 25, ""quantity"": 1, ""discount"": 0}]",333.00,COMPLETED,walk-in,3,,False,REGULAR,2026-06-04T03:46:26.729497+08:00,2026-06-04T03:46:26.729497+08:00
502,"{""id"": 466, ""order_detail"": {""id"": 502, ""slip_number"": ""9740678"", ""order_type"": ""TAKE_OUT"", ""payment_method"": ""CASH"", ""table_number"": ""2"", ""items_json"": [{""productId"": 10, ""name"": ""Leg - Meal"", ""price"": 149, ""quantity"": 1, ""discount"": 0}, {""productId"": 10, ""name"": ""Leg - Unli"", ""price"": 159, ""quantity"": 1, ""discount"": 0}], ""order_mode"": ""REGULAR""}, ""android_id"": null, ""total"": ""308.00"", ""completed_at"": ""2026-05-15T19:47:23.525029+08:00"", ""order"": 502}",,9740678,TAKE_OUT,CASH,"[{""productId"": 10, ""name"": ""Leg - Meal"", ""price"": 149, ""quantity"": 1, ""discount"": 0}, {""productId"": 10, ""name"": ""Leg - Unli"", ""price"": 159, ""quantity"": 1, ""discount"": 0}]",308.00,COMPLETED,walk-in,2,,False,REGULAR,2026-06-04T03:46:26.713030+08:00,2026-06-04T03:46:26.713030+08:00
503,"{""id"": 467, ""order_detail"": {""id"": 503, ""slip_number"": ""9740679"", ""order_type"": ""TAKE_OUT"", ""payment_method"": ""CASH"", ""table_number"": ""1"", ""items_json"": [{""productId"": 10, ""name"": ""Leg - Meal"", ""price"": 149, ""quantity"": 1, ""discount"": 0}], ""order_mode"": ""REGULAR""}, ""android_id"": null, ""total"": ""149.00"", ""completed_at"": ""2026-05-15T19:47:26.195662+08:00"", ""order"": 503}",,9740679,TAKE_OUT,CASH,"[{""productId"": 10, ""name"": ""Leg - Meal"", ""price"": 149, ""quantity"": 1, ""discount"": 0}]",149.00,COMPLETED,walk-in,1,,False,REGULAR,2026-06-04T03:46:26.710692+08:00,2026-06-04T03:46:26.710692+08:00
504,"{""id"": 468, ""order_detail"": {""id"": 504, ""slip_number"": ""9740680"", ""order_type"": ""DINE_IN"", ""payment_method"": ""CASH"", ""table_number"": ""5"", ""items_json"": [{""productId"": 7, ""name"": ""Pechopak - Unli"", ""price"": 179, ""quantity"": 1, ""discount"": 0}, {""productId"": 7, ""name"": ""Pechopak - Meal"", ""price"": 169, ""quantity"": 2, ""discount"": 0}], ""order_mode"": ""REGULAR""}, ""android_id"": null, ""total"": ""517.00"", ""completed_at"": ""2026-05-15T19:47:27.553837+08:00"", ""order"": 504}",,9740680,DINE_IN,CASH,"[{""productId"": 7, ""name"": ""Pechopak - Unli"", ""price"": 179, ""quantity"": 1, ""discount"": 0}, {""productId"": 7, ""name"": ""Pechopak - Meal"", ""price"": 169, ""quantity"": 2, ""discount"": 0}]",517.00,COMPLETED,walk-in,5,,False,REGULAR,2026-06-04T03:46:26.702691+08:00,2026-06-04T03:46:26.702691+08:00
505,"{""id"": 469, ""order_detail"": {""id"": 505, ""slip_number"": ""9740681"", ""order_type"": ""TAKE_OUT"", ""payment_method"": ""CASH"", ""table_number"": ""5"", ""items_json"": [{""productId"": 7, ""name"": ""Pechopak - Meal"", ""price"": 169, ""quantity"": 5, ""discount"": 0}, {""productId"": 7, ""name"": ""Pechopak - Unli"", ""price"": 179, ""quantity"": 1, ""discount"": 0}], ""order_mode"": ""REGULAR""}, ""android_id"": null, ""total"": ""1024.00"", ""completed_at"": ""2026-05-15T20:21:51.817839+08:00"", ""order"": 505}",,9740681,TAKE_OUT,CASH,"[{""productId"": 7, ""name"": ""Pechopak - Meal"", ""price"": 169, ""quantity"": 5, ""discount"": 0}, {""productId"": 7, ""name"": ""Pechopak - Unli"", ""price"": 179, ""quantity"": 1, ""discount"": 0}]",1024.00,COMPLETED,walk-in,5,,False,REGULAR,2026-06-04T03:46:26.690889+08:00,2026-06-04T03:46:26.690889+08:00
506,"{""id"": 472, ""order_detail"": {""id"": 506, ""slip_number"": ""9740682"", ""order_type"": ""DINE_IN"", ""payment_method"": ""CASH"", ""table_number"": ""1"", ""items_json"": [{""productId"": 10, ""name"": ""Leg - Meal"", ""price"": 149, ""quantity"": 1, ""discount"": 0}, {""productId"": 9, ""name"": ""BBQ - Meal"", ""price"": 139, ""quantity"": 1, ""discount"": 0}, {""productId"": 5, ""name"": ""Sprite - Mismo"", ""price"": 25, ""quantity"": 1, ""discount"": 0}], ""order_mode"": ""REGULAR""}, ""android_id"": null, ""total"": ""313.00"", ""completed_at"": ""2026-05-15T20:58:11.639887+08:00"", ""order"": 506}",,9740682,DINE_IN,CASH,"[{""productId"": 10, ""name"": ""Leg - Meal"", ""price"": 149, ""quantity"": 1, ""discount"": 0}, {""productId"": 9, ""name"": ""BBQ - Meal"", ""price"": 139, ""quantity"": 1, ""discount"": 0}, {""productId"": 5, ""name"": ""Sprite - Mismo"", ""price"": 25, ""quantity"": 1, ""discount"": 0}]",313.00,COMPLETED,walk-in,1,,False,REGULAR,2026-06-04T03:46:26.681576+08:00,2026-06-04T03:46:26.681576+08:00
507,"{""id"": 471, ""order_detail"": {""id"": 507, ""slip_number"": ""9740683"", ""order_type"": ""TAKE_OUT"", ""payment_method"": ""CASH"", ""table_number"": ""1"", ""items_json"": [{""productId"": 9, ""name"": ""BBQ - Only"", ""price"": 129, ""quantity"": 1, ""discount"": 0}, {""productId"": 8, ""name"": ""Liempo - Only"", ""price"": 179, ""quantity"": 1, ""discount"": 0}], ""order_mode"": ""REGULAR""}, ""android_id"": null, ""total"": ""308.00"", ""completed_at"": ""2026-05-15T20:58:10.114244+08:00"", ""order"": 507}",,9740683,TAKE_OUT,CASH,"[{""productId"": 9, ""name"": ""BBQ - Only"", ""price"": 129, ""quantity"": 1, ""discount"": 0}, {""productId"": 8, ""name"": ""Liempo - Only"", ""price"": 179, ""quantity"": 1, ""discount"": 0}]",308.00,COMPLETED,walk-in,1,,False,REGULAR,2026-06-04T03:46:26.670467+08:00,2026-06-04T03:46:26.670467+08:00
508,"{""id"": 470, ""order_detail"": {""id"": 508, ""slip_number"": ""9740684"", ""order_type"": ""DINE_IN"", ""payment_method"": ""CASH"", ""table_number"": ""3"", ""items_json"": [{""productId"": 7, ""name"": ""Pechopak - Unli"", ""price"": 179, ""quantity"": 1, ""discount"": 0}, {""productId"": 8, ""name"": ""Liempo - Unli"", ""price"": 199, ""quantity"": 1, ""discount"": 0}], ""order_mode"": ""REGULAR""}, ""android_id"": null, ""total"": ""378.00"", ""completed_at"": ""2026-05-15T20:58:09.262604+08:00"", ""order"": 508}",,9740684,DINE_IN,CASH,"[{""productId"": 7, ""name"": ""Pechopak - Unli"", ""price"": 179, ""quantity"": 1, ""discount"": 0}, {""productId"": 8, ""name"": ""Liempo - Unli"", ""price"": 199, ""quantity"": 1, ""discount"": 0}]",378.00,COMPLETED,walk-in,3,,False,REGULAR,2026-06-04T03:46:26.663239+08:00,2026-06-04T03:46:26.663239+08:00
509,"{""id"": 473, ""order_detail"": {""id"": 509, ""slip_number"": ""9740685"", ""order_type"": ""DINE_IN"", ""payment_method"": ""CASH"", ""table_number"": """", ""items_json"": [{""productId"": 11, ""name"": ""Wings - Meal"", ""price"": 129, ""quantity"": 1, ""discount"": 0}, {""productId"": 1, ""name"": ""Coke - Mismo"", ""price"": 25, ""quantity"": 1, ""discount"": 0}], ""order_mode"": ""REGULAR""}, ""android_id"": null, ""total"": ""154.00"", ""completed_at"": ""2026-05-15T23:04:43.862711+08:00"", ""order"": 509}",,9740685,DINE_IN,CASH,"[{""productId"": 11, ""name"": ""Wings - Meal"", ""price"": 129, ""quantity"": 1, ""discount"": 0}, {""productId"": 1, ""name"": ""Coke - Mismo"", ""price"": 25, ""quantity"": 1, ""discount"": 0}]",154.00,COMPLETED,walk-in,,,False,REGULAR,2026-06-04T03:46:26.651196+08:00,2026-06-04T03:46:26.651196+08:00
510,"{""id"": 474, ""order_detail"": {""id"": 510, ""slip_number"": ""9740686"", ""order_type"": ""TAKE_OUT"", ""payment_method"": ""CASH"", ""table_number"": """", ""items_json"": [{""productId"": 10, ""name"": ""Leg - Only"", ""price"": 139, ""quantity"": 1, ""discount"": 0}], ""order_mode"": ""REGULAR""}, ""android_id"": null, ""total"": ""139.00"", ""completed_at"": ""2026-05-15T23:04:46.816560+08:00"", ""order"": 510}",,9740686,TAKE_OUT,CASH,"[{""productId"": 10, ""name"": ""Leg - Only"", ""price"": 139, ""quantity"": 1, ""discount"": 0}]",139.00,COMPLETED,walk-in,,,False,REGULAR,2026-06-04T03:46:26.643069+08:00,2026-06-04T03:46:26.643069+08:00
511,"{""id"": 475, ""order_detail"": {""id"": 511, ""slip_number"": ""9740687"", ""order_type"": ""DINE_IN"", ""payment_method"": ""CASH"", ""table_number"": """", ""items_json"": [{""productId"": 7, ""name"": ""Pechopak - Unli"", ""price"": 179, ""quantity"": 2, ""discount"": 0}, {""productId"": 9, ""name"": ""BBQ - Meal"", ""price"": 139, ""quantity"": 1, ""discount"": 0}], ""order_mode"": ""REGULAR""}, ""android_id"": null, ""total"": ""497.00"", ""completed_at"": ""2026-05-15T23:08:15.391343+08:00"", ""order"": 511}",,9740687,DINE_IN,CASH,"[{""productId"": 7, ""name"": ""Pechopak - Unli"", ""price"": 179, ""quantity"": 2, ""discount"": 0}, {""productId"": 9, ""name"": ""BBQ - Meal"", ""price"": 139, ""quantity"": 1, ""discount"": 0}]",497.00,COMPLETED,walk-in,,,False,REGULAR,2026-06-04T03:46:26.641070+08:00,2026-06-04T03:46:26.641070+08:00
512,"{""id"": 476, ""order_detail"": {""id"": 512, ""slip_number"": ""9740688"", ""order_type"": ""DINE_IN"", ""payment_method"": ""CASH"", ""table_number"": ""1"", ""items_json"": [{""productId"": 7, ""name"": ""Pechopak - Unli"", ""price"": 179, ""quantity"": 1, ""discount"": 0}, {""productId"": 8, ""name"": ""Liempo - Unli"", ""price"": 199, ""quantity"": 1, ""discount"": 0}, {""productId"": 1, ""name"": ""Coke - Mismo"", ""price"": 25, ""quantity"": 1, ""discount"": 0}, {""productId"": 5, ""name"": ""Sprite - Mismo"", ""price"": 25, ""quantity"": 1, ""discount"": 0}], ""order_mode"": ""REGULAR""}, ""android_id"": null, ""total"": ""428.00"", ""completed_at"": ""2026-05-16T12:05:34.245692+08:00"", ""order"": 512}",,9740688,DINE_IN,CASH,"[{""productId"": 7, ""name"": ""Pechopak - Unli"", ""price"": 179, ""quantity"": 1, ""discount"": 0}, {""productId"": 8, ""name"": ""Liempo - Unli"", ""price"": 199, ""quantity"": 1, ""discount"": 0}, {""productId"": 1, ""name"": ""Coke - Mismo"", ""price"": 25, ""quantity"": 1, ""discount"": 0}, {""productId"": 5, ""name"": ""Sprite - Mismo"", ""price"": 25, ""quantity"": 1, ""discount"": 0}]",428.00,COMPLETED,walk-in,1,,False,REGULAR,2026-06-04T03:46:26.629730+08:00,2026-06-04T03:46:26.629730+08:00
513,"{""id"": 477, ""order_detail"": {""id"": 513, ""slip_number"": ""9740689"", ""order_type"": ""DINE_IN"", ""payment_method"": ""CASH"", ""table_number"": ""3"", ""items_json"": [{""productId"": 10, ""name"": ""Leg - Unli"", ""price"": 159, ""quantity"": 1, ""discount"": 0}], ""order_mode"": ""REGULAR""}, ""android_id"": null, ""total"": ""159.00"", ""completed_at"": ""2026-05-16T12:28:44.892944+08:00"", ""order"": 513}",,9740689,DINE_IN,CASH,"[{""productId"": 10, ""name"": ""Leg - Unli"", ""price"": 159, ""quantity"": 1, ""discount"": 0}]",159.00,COMPLETED,walk-in,3,,False,REGULAR,2026-06-04T03:46:26.613972+08:00,2026-06-04T03:46:26.613972+08:00
514,"{""id"": 478, ""order_detail"": {""id"": 514, ""slip_number"": ""9740690"", ""order_type"": ""DINE_IN"", ""payment_method"": ""CASH"", ""table_number"": """", ""items_json"": [{""productId"": 7, ""name"": ""Pechopak - Only"", ""price"": 159, ""quantity"": 1, ""discount"": 0}], ""order_mode"": ""REGULAR""}, ""android_id"": null, ""total"": ""159.00"", ""completed_at"": ""2026-05-16T12:30:12.205751+08:00"", ""order"": 514}",,9740690,DINE_IN,CASH,"[{""productId"": 7, ""name"": ""Pechopak - Only"", ""price"": 159, ""quantity"": 1, ""discount"": 0}]",159.00,COMPLETED,walk-in,,,False,REGULAR,2026-06-04T03:46:26.602076+08:00,2026-06-04T03:46:26.602076+08:00
515,"{""id"": 480, ""order_detail"": {""id"": 515, ""slip_number"": ""9740691"", ""order_type"": ""DINE_IN"", ""payment_method"": ""CASH"", ""table_number"": """", ""items_json"": [{""productId"": 7, ""name"": ""Pechopak - Unli"", ""price"": 179, ""quantity"": 1, ""discount"": 0}], ""order_mode"": ""REGULAR""}, ""android_id"": null, ""total"": ""179.00"", ""completed_at"": ""2026-05-16T13:11:15.274040+08:00"", ""order"": 515}",,9740691,DINE_IN,CASH,"[{""productId"": 7, ""name"": ""Pechopak - Unli"", ""price"": 179, ""quantity"": 1, ""discount"": 0}]",179.00,COMPLETED,walk-in,,,False,REGULAR,2026-06-04T03:46:26.593909+08:00,2026-06-04T03:46:26.593909+08:00
516,"{""id"": 479, ""order_detail"": {""id"": 516, ""slip_number"": ""9740692"", ""order_type"": ""DINE_IN"", ""payment_method"": ""GCASH"", ""table_number"": """", ""items_json"": [{""productId"": 7, ""name"": ""Pechopak - Only"", ""price"": 159, ""quantity"": 1, ""discount"": 0}], ""order_mode"": ""REGULAR""}, ""android_id"": null, ""total"": ""159.00"", ""completed_at"": ""2026-05-16T12:31:04.136037+08:00"", ""order"": 516}",,9740692,DINE_IN,GCASH,"[{""productId"": 7, ""name"": ""Pechopak - Only"", ""price"": 159, ""quantity"": 1, ""discount"": 0}]",159.00,COMPLETED,walk-in,,,False,REGULAR,2026-06-04T03:46:26.590910+08:00,2026-06-04T03:46:26.590910+08:00
517,"{""id"": 501, ""order_detail"": {""id"": 517, ""slip_number"": ""9740693"", ""order_type"": ""DELIVERY"", ""payment_method"": ""CASH"", ""table_number"": """", ""items_json"": [{""productId"": 10, ""name"": ""Leg - Unli"", ""price"": 159, ""quantity"": 2, ""discount"": 0}, {""productId"": -1, ""name"": ""Delivery Fee"", ""price"": 30, ""quantity"": 1, ""discount"": 0}], ""order_mode"": ""REGULAR""}, ""android_id"": null, ""total"": ""348.00"", ""completed_at"": ""2026-05-16T20:18:12.427235+08:00"", ""order"": 517}",,9740693,DELIVERY,CASH,"[{""productId"": 10, ""name"": ""Leg - Unli"", ""price"": 159, ""quantity"": 2, ""discount"": 0}, {""productId"": -1, ""name"": ""Delivery Fee"", ""price"": 30, ""quantity"": 1, ""discount"": 0}]",348.00,COMPLETED,walk-in,,,False,REGULAR,2026-06-04T03:46:26.573799+08:00,2026-06-04T03:46:26.573799+08:00
518,"{""id"": 481, ""order_detail"": {""id"": 518, ""slip_number"": ""9740694"", ""order_type"": ""DINE_IN"", ""payment_method"": ""GCASH"", ""table_number"": """", ""items_json"": [{""productId"": 11, ""name"": ""Wings - Only"", ""price"": 119, ""quantity"": 1, ""discount"": 0}, {""productId"": 11, ""name"": ""Wings - One Piece Only"", ""price"": 69, ""quantity"": 1, ""discount"": 0}], ""order_mode"": ""REGULAR""}, ""android_id"": null, ""total"": ""188.00"", ""completed_at"": ""2026-05-16T13:27:09.054916+08:00"", ""order"": 518}",,9740694,DINE_IN,GCASH,"[{""productId"": 11, ""name"": ""Wings - Only"", ""price"": 119, ""quantity"": 1, ""discount"": 0}, {""productId"": 11, ""name"": ""Wings - One Piece Only"", ""price"": 69, ""quantity"": 1, ""discount"": 0}]",188.00,COMPLETED,walk-in,,,False,REGULAR,2026-06-04T03:46:26.570797+08:00,2026-06-04T03:46:26.570797+08:00
519,"{""id"": 482, ""order_detail"": {""id"": 519, ""slip_number"": ""9740695"", ""order_type"": ""DINE_IN"", ""payment_method"": ""CASH"", ""table_number"": ""1"", ""items_json"": [{""productId"": 7, ""name"": ""Pechopak - Unli"", ""price"": 179, ""quantity"": 2, ""discount"": 0}], ""order_mode"": ""REGULAR""}, ""android_id"": null, ""total"": ""358.00"", ""completed_at"": ""2026-05-16T14:28:50.835063+08:00"", ""order"": 519}",,9740695,DINE_IN,CASH,"[{""productId"": 7, ""name"": ""Pechopak - Unli"", ""price"": 179, ""quantity"": 2, ""discount"": 0}]",358.00,COMPLETED,walk-in,1,,False,REGULAR,2026-06-04T03:46:26.560863+08:00,2026-06-04T03:46:26.560863+08:00
520,"{""id"": 483, ""order_detail"": {""id"": 520, ""slip_number"": ""9740696"", ""order_type"": ""DINE_IN"", ""payment_method"": ""CASH"", ""table_number"": ""1"", ""items_json"": [{""productId"": 3, ""name"": ""Icetea - Icetea Glass"", ""price"": 39, ""quantity"": 2, ""discount"": 0}], ""order_mode"": ""REGULAR""}, ""android_id"": null, ""total"": ""78.00"", ""completed_at"": ""2026-05-16T14:28:52.566011+08:00"", ""order"": 520}",,9740696,DINE_IN,CASH,"[{""productId"": 3, ""name"": ""Icetea - Icetea Glass"", ""price"": 39, ""quantity"": 2, ""discount"": 0}]",78.00,COMPLETED,walk-in,1,,False,REGULAR,2026-06-04T03:46:26.552267+08:00,2026-06-04T03:46:26.552267+08:00
521,"{""id"": 484, ""order_detail"": {""id"": 521, ""slip_number"": ""9740697"", ""order_type"": ""DINE_IN"", ""payment_method"": ""CASH"", ""table_number"": ""2"", ""items_json"": [{""productId"": 8, ""name"": ""Liempo - Unli"", ""price"": 199, ""quantity"": 1, ""discount"": 0}, {""productId"": 8, ""name"": ""Liempo - Meal"", ""price"": 189, ""quantity"": 1, ""discount"": 0}, {""productId"": 3, ""name"": ""Icetea - Icetea Pitcher"", ""price"": 129, ""quantity"": 1, ""discount"": 0}], ""order_mode"": ""REGULAR""}, ""android_id"": null, ""total"": ""517.00"", ""completed_at"": ""2026-05-16T15:13:53.661735+08:00"", ""order"": 521}",,9740697,DINE_IN,CASH,"[{""productId"": 8, ""name"": ""Liempo - Unli"", ""price"": 199, ""quantity"": 1, ""discount"": 0}, {""productId"": 8, ""name"": ""Liempo - Meal"", ""price"": 189, ""quantity"": 1, ""discount"": 0}, {""productId"": 3, ""name"": ""Icetea - Icetea Pitcher"", ""price"": 129, ""quantity"": 1, ""discount"": 0}]",517.00,COMPLETED,walk-in,2,,False,REGULAR,2026-06-04T03:46:26.550268+08:00,2026-06-04T03:46:26.550268+08:00
522,"{""id"": 485, ""order_detail"": {""id"": 522, ""slip_number"": ""9740698"", ""order_type"": ""TAKE_OUT"", ""payment_method"": ""CASH"", ""table_number"": ""2"", ""items_json"": [{""productId"": 7, ""name"": ""Pechopak - Only"", ""price"": 159, ""quantity"": 1, ""discount"": 0}], ""order_mode"": ""REGULAR""}, ""android_id"": null, ""total"": ""159.00"", ""completed_at"": ""2026-05-16T16:26:08.274617+08:00"", ""order"": 522}",,9740698,TAKE_OUT,CASH,"[{""productId"": 7, ""name"": ""Pechopak - Only"", ""price"": 159, ""quantity"": 1, ""discount"": 0}]",159.00,COMPLETED,walk-in,2,,False,REGULAR,2026-06-04T03:46:26.533606+08:00,2026-06-04T03:46:26.533606+08:00
523,"{""id"": 486, ""order_detail"": {""id"": 523, ""slip_number"": ""9740699"", ""order_type"": ""TAKE_OUT"", ""payment_method"": ""GCASH"", ""table_number"": ""4"", ""items_json"": [{""productId"": 10, ""name"": ""Leg - Only"", ""price"": 139, ""quantity"": 3, ""discount"": 0}, {""productId"": 9, ""name"": ""BBQ - Meal"", ""price"": 139, ""quantity"": 1, ""discount"": 0}, {""productId"": 7, ""name"": ""Pechopak - Meal"", ""price"": 169, ""quantity"": 1, ""discount"": 0}], ""order_mode"": ""REGULAR""}, ""android_id"": null, ""total"": ""725.00"", ""completed_at"": ""2026-05-16T18:21:07.460231+08:00"", ""order"": 523}",,9740699,TAKE_OUT,GCASH,"[{""productId"": 10, ""name"": ""Leg - Only"", ""price"": 139, ""quantity"": 3, ""discount"": 0}, {""productId"": 9, ""name"": ""BBQ - Meal"", ""price"": 139, ""quantity"": 1, ""discount"": 0}, {""productId"": 7, ""name"": ""Pechopak - Meal"", ""price"": 169, ""quantity"": 1, ""discount"": 0}]",725.00,COMPLETED,walk-in,4,,False,REGULAR,2026-06-04T03:46:26.529605+08:00,2026-06-04T03:46:26.529605+08:00
524,"{""id"": 487, ""order_detail"": {""id"": 524, ""slip_number"": ""9740700"", ""order_type"": ""DINE_IN"", ""payment_method"": ""CASH"", ""table_number"": ""3"", ""items_json"": [{""productId"": 7, ""name"": ""Pechopak - Unli"", ""price"": 179, ""quantity"": 2, ""discount"": 0}, {""productId"": 10, ""name"": ""Leg - Meal"", ""price"": 149, ""quantity"": 1, ""discount"": 0}], ""order_mode"": ""REGULAR""}, ""android_id"": null, ""total"": ""507.00"", ""completed_at"": ""2026-05-16T18:36:11.911860+08:00"", ""order"": 524}",,9740700,DINE_IN,CASH,"[{""productId"": 7, ""name"": ""Pechopak - Unli"", ""price"": 179, ""quantity"": 2, ""discount"": 0}, {""productId"": 10, ""name"": ""Leg - Meal"", ""price"": 149, ""quantity"": 1, ""discount"": 0}]",507.00,COMPLETED,walk-in,3,,False,REGULAR,2026-06-04T03:46:26.519588+08:00,2026-06-04T03:46:26.519588+08:00
525,"{""id"": 488, ""order_detail"": {""id"": 525, ""slip_number"": ""9740701"", ""order_type"": ""TAKE_OUT"", ""payment_method"": ""CASH"", ""table_number"": ""2"", ""items_json"": [{""productId"": 9, ""name"": ""BBQ - Only"", ""price"": 129, ""quantity"": 2, ""discount"": 0}], ""order_mode"": ""REGULAR""}, ""android_id"": null, ""total"": ""258.00"", ""completed_at"": ""2026-05-16T18:36:12.687099+08:00"", ""order"": 525}",,9740701,TAKE_OUT,CASH,"[{""productId"": 9, ""name"": ""BBQ - Only"", ""price"": 129, ""quantity"": 2, ""discount"": 0}]",258.00,COMPLETED,walk-in,2,,False,REGULAR,2026-06-04T03:46:26.510791+08:00,2026-06-04T03:46:26.510791+08:00
526,"{""id"": 489, ""order_detail"": {""id"": 526, ""slip_number"": ""9740702"", ""order_type"": ""DINE_IN"", ""payment_method"": ""CASH"", ""table_number"": ""4"", ""items_json"": [{""productId"": 7, ""name"": ""Pechopak - Unli"", ""price"": 179, ""quantity"": 2, ""discount"": 0}, {""productId"": 9, ""name"": ""BBQ - Meal"", ""price"": 139, ""quantity"": 1, ""discount"": 0}, {""productId"": 3, ""name"": ""Icetea - Icetea Glass"", ""price"": 39, ""quantity"": 1, ""discount"": 0}], ""order_mode"": ""REGULAR""}, ""android_id"": null, ""total"": ""536.00"", ""completed_at"": ""2026-05-16T19:08:30.075150+08:00"", ""order"": 526}",,9740702,DINE_IN,CASH,"[{""productId"": 7, ""name"": ""Pechopak - Unli"", ""price"": 179, ""quantity"": 2, ""discount"": 0}, {""productId"": 9, ""name"": ""BBQ - Meal"", ""price"": 139, ""quantity"": 1, ""discount"": 0}, {""productId"": 3, ""name"": ""Icetea - Icetea Glass"", ""price"": 39, ""quantity"": 1, ""discount"": 0}]",536.00,COMPLETED,walk-in,4,,False,REGULAR,2026-06-04T03:46:26.502785+08:00,2026-06-04T03:46:26.502785+08:00
527,"{""id"": 491, ""order_detail"": {""id"": 527, ""slip_number"": ""9740703"", ""order_type"": ""DINE_IN"", ""payment_method"": ""GCASH"", ""table_number"": ""2"", ""items_json"": [{""productId"": 10, ""name"": ""Leg - Meal"", ""price"": 149, ""quantity"": 2, ""discount"": 0}, {""productId"": 8, ""name"": ""Liempo - Meal"", ""price"": 189, ""quantity"": 1, ""discount"": 0}, {""productId"": 8, ""name"": ""Liempo - Meal"", ""price"": 189, ""quantity"": 1, ""discount"": 20}, {""productId"": 3, ""name"": ""Icetea - Icetea Pitcher"", ""price"": 129, ""quantity"": 1, ""discount"": 0}], ""order_mode"": ""REGULAR""}, ""android_id"": null, ""total"": ""767.20"", ""completed_at"": ""2026-05-16T19:15:26.882545+08:00"", ""order"": 527}",,9740703,DINE_IN,GCASH,"[{""productId"": 10, ""name"": ""Leg - Meal"", ""price"": 149, ""quantity"": 2, ""discount"": 0}, {""productId"": 8, ""name"": ""Liempo - Meal"", ""price"": 189, ""quantity"": 1, ""discount"": 0}, {""productId"": 8, ""name"": ""Liempo - Meal"", ""price"": 189, ""quantity"": 1, ""discount"": 20}, {""productId"": 3, ""name"": ""Icetea - Icetea Pitcher"", ""price"": 129, ""quantity"": 1, ""discount"": 0}]",767.20,COMPLETED,walk-in,2,,False,REGULAR,2026-06-04T03:46:26.492101+08:00,2026-06-04T03:46:26.492101+08:00
528,"{""id"": 490, ""order_detail"": {""id"": 528, ""slip_number"": ""9740704"", ""order_type"": ""DINE_IN"", ""payment_method"": ""CASH"", ""table_number"": ""5"", ""items_json"": [{""productId"": 10, ""name"": ""Leg - Unli"", ""price"": 159, ""quantity"": 2, ""discount"": 0}, {""productId"": 1, ""name"": ""Coke - Mismo"", ""price"": 25, ""quantity"": 2, ""discount"": 0}], ""order_mode"": ""REGULAR""}, ""android_id"": null, ""total"": ""368.00"", ""completed_at"": ""2026-05-16T19:15:09.614741+08:00"", ""order"": 528}",,9740704,DINE_IN,CASH,"[{""productId"": 10, ""name"": ""Leg - Unli"", ""price"": 159, ""quantity"": 2, ""discount"": 0}, {""productId"": 1, ""name"": ""Coke - Mismo"", ""price"": 25, ""quantity"": 2, ""discount"": 0}]",368.00,COMPLETED,walk-in,5,,False,REGULAR,2026-06-04T03:46:26.490096+08:00,2026-06-04T03:46:26.490096+08:00
529,"{""id"": 496, ""order_detail"": {""id"": 529, ""slip_number"": ""9740705"", ""order_type"": ""DINE_IN"", ""payment_method"": ""CASH"", ""table_number"": ""1"", ""items_json"": [{""productId"": 7, ""name"": ""Pechopak - Meal"", ""price"": 169, ""quantity"": 2, ""discount"": 0}, {""productId"": 3, ""name"": ""Icetea - Icetea Glass"", ""price"": 39, ""quantity"": 2, ""discount"": 0}], ""order_mode"": ""REGULAR""}, ""android_id"": null, ""total"": ""416.00"", ""completed_at"": ""2026-05-16T19:55:59.126342+08:00"", ""order"": 529}",,9740705,DINE_IN,CASH,"[{""productId"": 7, ""name"": ""Pechopak - Meal"", ""price"": 169, ""quantity"": 2, ""discount"": 0}, {""productId"": 3, ""name"": ""Icetea - Icetea Glass"", ""price"": 39, ""quantity"": 2, ""discount"": 0}]",416.00,COMPLETED,walk-in,1,,False,REGULAR,2026-06-04T03:46:26.483096+08:00,2026-06-04T03:46:26.483096+08:00
530,"{""id"": 494, ""order_detail"": {""id"": 530, ""slip_number"": ""9740706"", ""order_type"": ""DINE_IN"", ""payment_method"": ""CASH"", ""table_number"": """", ""items_json"": [{""productId"": 7, ""name"": ""Pechopak - Meal"", ""price"": 169, ""quantity"": 1, ""discount"": 0}], ""order_mode"": ""REGULAR""}, ""android_id"": null, ""total"": ""169.00"", ""completed_at"": ""2026-05-16T19:38:43.904409+08:00"", ""order"": 530}",,9740706,DINE_IN,CASH,"[{""productId"": 7, ""name"": ""Pechopak - Meal"", ""price"": 169, ""quantity"": 1, ""discount"": 0}]",169.00,COMPLETED,walk-in,,,False,REGULAR,2026-06-04T03:46:26.479855+08:00,2026-06-04T03:46:26.479855+08:00
531,"{""id"": 492, ""order_detail"": {""id"": 531, ""slip_number"": ""9740707"", ""order_type"": ""TAKE_OUT"", ""payment_method"": ""CASH"", ""table_number"": """", ""items_json"": [{""productId"": 10, ""name"": ""Leg - Only"", ""price"": 139, ""quantity"": 1, ""discount"": 0}], ""order_mode"": ""REGULAR""}, ""android_id"": null, ""total"": ""139.00"", ""completed_at"": ""2026-05-16T19:38:20.458551+08:00"", ""order"": 531}",,9740707,TAKE_OUT,CASH,"[{""productId"": 10, ""name"": ""Leg - Only"", ""price"": 139, ""quantity"": 1, ""discount"": 0}]",139.00,COMPLETED,walk-in,,,False,REGULAR,2026-06-04T03:46:26.463463+08:00,2026-06-04T03:46:26.463463+08:00
532,"{""id"": 495, ""order_detail"": {""id"": 532, ""slip_number"": ""9740708"", ""order_type"": ""DINE_IN"", ""payment_method"": ""CASH"", ""table_number"": ""3"", ""items_json"": [{""productId"": 10, ""name"": ""Leg - Meal"", ""price"": 149, ""quantity"": 1, ""discount"": 0}, {""productId"": 5, ""name"": ""Sprite - Mismo"", ""price"": 25, ""quantity"": 1, ""discount"": 0}], ""order_mode"": ""REGULAR""}, ""android_id"": null, ""total"": ""174.00"", ""completed_at"": ""2026-05-16T19:46:07.263175+08:00"", ""order"": 532}",,9740708,DINE_IN,CASH,"[{""productId"": 10, ""name"": ""Leg - Meal"", ""price"": 149, ""quantity"": 1, ""discount"": 0}, {""productId"": 5, ""name"": ""Sprite - Mismo"", ""price"": 25, ""quantity"": 1, ""discount"": 0}]",174.00,COMPLETED,walk-in,3,,False,REGULAR,2026-06-04T03:46:26.450311+08:00,2026-06-04T03:46:26.450311+08:00
533,"{""id"": 493, ""order_detail"": {""id"": 533, ""slip_number"": ""9740709"", ""order_type"": ""TAKE_OUT"", ""payment_method"": ""CASH"", ""table_number"": ""3"", ""items_json"": [{""productId"": 10, ""name"": ""Leg - Meal"", ""price"": 149, ""quantity"": 1, ""discount"": 0}], ""order_mode"": ""REGULAR""}, ""android_id"": null, ""total"": ""149.00"", ""completed_at"": ""2026-05-16T19:38:34.305676+08:00"", ""order"": 533}",,9740709,TAKE_OUT,CASH,"[{""productId"": 10, ""name"": ""Leg - Meal"", ""price"": 149, ""quantity"": 1, ""discount"": 0}]",149.00,COMPLETED,walk-in,3,,False,REGULAR,2026-06-04T03:46:26.443269+08:00,2026-06-04T03:46:26.443269+08:00
534,"{""id"": 498, ""order_detail"": {""id"": 534, ""slip_number"": ""9740710"", ""order_type"": ""DINE_IN"", ""payment_method"": ""CASH"", ""table_number"": ""2"", ""items_json"": [{""productId"": 9, ""name"": ""BBQ - Meal"", ""price"": 139, ""quantity"": 1, ""discount"": 0}, {""productId"": 10, ""name"": ""Leg - Meal"", ""price"": 149, ""quantity"": 1, ""discount"": 0}, {""productId"": 3, ""name"": ""Icetea - Icetea Pitcher"", ""price"": 129, ""quantity"": 1, ""discount"": 0}], ""order_mode"": ""REGULAR""}, ""android_id"": null, ""total"": ""417.00"", ""completed_at"": ""2026-05-16T20:02:47.251419+08:00"", ""order"": 534}",,9740710,DINE_IN,CASH,"[{""productId"": 9, ""name"": ""BBQ - Meal"", ""price"": 139, ""quantity"": 1, ""discount"": 0}, {""productId"": 10, ""name"": ""Leg - Meal"", ""price"": 149, ""quantity"": 1, ""discount"": 0}, {""productId"": 3, ""name"": ""Icetea - Icetea Pitcher"", ""price"": 129, ""quantity"": 1, ""discount"": 0}]",417.00,COMPLETED,walk-in,2,,False,REGULAR,2026-06-04T03:46:26.437480+08:00,2026-06-04T03:46:26.437480+08:00
535,"{""id"": 497, ""order_detail"": {""id"": 535, ""slip_number"": ""9740711"", ""order_type"": ""DINE_IN"", ""payment_method"": ""CASH"", ""table_number"": ""5"", ""items_json"": [{""productId"": 8, ""name"": ""Liempo - Meal"", ""price"": 189, ""quantity"": 1, ""discount"": 0}, {""productId"": 3, ""name"": ""Icetea - Icetea Glass"", ""price"": 39, ""quantity"": 1, ""discount"": 0}], ""order_mode"": ""REGULAR""}, ""android_id"": null, ""total"": ""228.00"", ""completed_at"": ""2026-05-16T20:02:36.200373+08:00"", ""order"": 535}",,9740711,DINE_IN,CASH,"[{""productId"": 8, ""name"": ""Liempo - Meal"", ""price"": 189, ""quantity"": 1, ""discount"": 0}, {""productId"": 3, ""name"": ""Icetea - Icetea Glass"", ""price"": 39, ""quantity"": 1, ""discount"": 0}]",228.00,COMPLETED,walk-in,5,,False,REGULAR,2026-06-04T03:46:26.413071+08:00,2026-06-04T03:46:26.413071+08:00
536,"{""id"": 499, ""order_detail"": {""id"": 536, ""slip_number"": ""9740712"", ""order_type"": ""DINE_IN"", ""payment_method"": ""GCASH"", ""table_number"": ""4"", ""items_json"": [{""productId"": 7, ""name"": ""Pechopak - Unli"", ""price"": 179, ""quantity"": 2, ""discount"": 0}], ""order_mode"": ""REGULAR""}, ""android_id"": null, ""total"": ""358.00"", ""completed_at"": ""2026-05-16T20:11:24.979905+08:00"", ""order"": 536}",,9740712,DINE_IN,GCASH,"[{""productId"": 7, ""name"": ""Pechopak - Unli"", ""price"": 179, ""quantity"": 2, ""discount"": 0}]",358.00,COMPLETED,walk-in,4,,False,REGULAR,2026-06-04T03:46:26.399544+08:00,2026-06-04T03:46:26.399544+08:00
537,"{""id"": 500, ""order_detail"": {""id"": 537, ""slip_number"": ""9740713"", ""order_type"": ""DINE_IN"", ""payment_method"": ""GCASH"", ""table_number"": ""4"", ""items_json"": [{""productId"": 3, ""name"": ""Icetea - Icetea Glass"", ""price"": 39, ""quantity"": 1, ""discount"": 0}], ""order_mode"": ""REGULAR""}, ""android_id"": null, ""total"": ""39.00"", ""completed_at"": ""2026-05-16T20:12:29.668658+08:00"", ""order"": 537}",,9740713,DINE_IN,GCASH,"[{""productId"": 3, ""name"": ""Icetea - Icetea Glass"", ""price"": 39, ""quantity"": 1, ""discount"": 0}]",39.00,COMPLETED,walk-in,4,,False,REGULAR,2026-06-04T03:46:26.391037+08:00,2026-06-04T03:46:26.391037+08:00
538,"{""id"": 502, ""order_detail"": {""id"": 538, ""slip_number"": ""9740714"", ""order_type"": ""DINE_IN"", ""payment_method"": ""GCASH"", ""table_number"": ""1"", ""items_json"": [{""productId"": 10, ""name"": ""Leg - Unli"", ""price"": 159, ""quantity"": 1, ""discount"": 0}, {""productId"": 7, ""name"": ""Pechopak - Unli"", ""price"": 179, ""quantity"": 1, ""discount"": 0}], ""order_mode"": ""REGULAR""}, ""android_id"": null, ""total"": ""338.00"", ""completed_at"": ""2026-05-16T21:26:38.342996+08:00"", ""order"": 538}",,9740714,DINE_IN,GCASH,"[{""productId"": 10, ""name"": ""Leg - Unli"", ""price"": 159, ""quantity"": 1, ""discount"": 0}, {""productId"": 7, ""name"": ""Pechopak - Unli"", ""price"": 179, ""quantity"": 1, ""discount"": 0}]",338.00,COMPLETED,walk-in,1,,False,REGULAR,2026-06-04T03:46:26.384199+08:00,2026-06-04T03:46:26.384199+08:00
539,"{""id"": 503, ""order_detail"": {""id"": 539, ""slip_number"": ""9740715"", ""order_type"": ""DINE_IN"", ""payment_method"": ""CASH"", ""table_number"": ""3"", ""items_json"": [{""productId"": 8, ""name"": ""Liempo - Meal"", ""price"": 189, ""quantity"": 1, ""discount"": 0}, {""productId"": 7, ""name"": ""Pechopak - Unli"", ""price"": 179, ""quantity"": 2, ""discount"": 0}, {""productId"": 3, ""name"": ""Icetea - Icetea Pitcher"", ""price"": 129, ""quantity"": 1, ""discount"": 0}], ""order_mode"": ""REGULAR""}, ""android_id"": null, ""total"": ""676.00"", ""completed_at"": ""2026-05-16T21:52:19.386911+08:00"", ""order"": 539}",,9740715,DINE_IN,CASH,"[{""productId"": 8, ""name"": ""Liempo - Meal"", ""price"": 189, ""quantity"": 1, ""discount"": 0}, {""productId"": 7, ""name"": ""Pechopak - Unli"", ""price"": 179, ""quantity"": 2, ""discount"": 0}, {""productId"": 3, ""name"": ""Icetea - Icetea Pitcher"", ""price"": 129, ""quantity"": 1, ""discount"": 0}]",676.00,COMPLETED,walk-in,3,,False,REGULAR,2026-06-04T03:46:26.382200+08:00,2026-06-04T03:46:26.382200+08:00
540,"{""id"": 504, ""order_detail"": {""id"": 540, ""slip_number"": ""14"", ""order_type"": ""DINE_IN"", ""payment_method"": """", ""table_number"": """", ""items_json"": [{""productId"": 2, ""name"": ""Rice - Extra"", ""price"": 20, ""quantity"": 2, ""discount"": 0}, {""productId"": 1, ""name"": ""Coke - Mismo"", ""price"": 25, ""quantity"": 1, ""discount"": 0}], ""order_mode"": ""EMPLOYEE""}, ""android_id"": null, ""total"": ""65.00"", ""completed_at"": ""2026-05-16T21:54:55.918233+08:00"", ""order"": 540}",,14,DINE_IN,,"[{""productId"": 2, ""name"": ""Rice - Extra"", ""price"": 20, ""quantity"": 2, ""discount"": 0}, {""productId"": 1, ""name"": ""Coke - Mismo"", ""price"": 25, ""quantity"": 1, ""discount"": 0}]",65.00,COMPLETED,walk-in,,,False,EMPLOYEE,2026-06-04T03:46:26.374678+08:00,2026-06-04T03:46:26.374678+08:00
541,"{""id"": 505, ""order_detail"": {""id"": 541, ""slip_number"": ""9740716"", ""order_type"": ""DINE_IN"", ""payment_method"": ""CASH"", ""table_number"": """", ""items_json"": [{""productId"": 1, ""name"": ""Coke - 1.5"", ""price"": 120, ""quantity"": 1, ""discount"": 0}, {""productId"": 7, ""name"": ""Pechopak - Unli"", ""price"": 179, ""quantity"": 2, ""discount"": 0}], ""order_mode"": ""REGULAR""}, ""android_id"": null, ""total"": ""478.00"", ""completed_at"": ""2026-05-16T22:35:49.628028+08:00"", ""order"": 541}",,9740716,DINE_IN,CASH,"[{""productId"": 1, ""name"": ""Coke - 1.5"", ""price"": 120, ""quantity"": 1, ""discount"": 0}, {""productId"": 7, ""name"": ""Pechopak - Unli"", ""price"": 179, ""quantity"": 2, ""discount"": 0}]",478.00,COMPLETED,walk-in,,,False,REGULAR,2026-06-04T03:46:26.370895+08:00,2026-06-04T03:46:26.370895+08:00
542,"{""id"": 508, ""order_detail"": {""id"": 542, ""slip_number"": ""9740717"", ""order_type"": ""DINE_IN"", ""payment_method"": ""GCASH"", ""table_number"": ""1"", ""items_json"": [{""productId"": 9, ""name"": ""BBQ - Meal"", ""price"": 139, ""quantity"": 4, ""discount"": 0}], ""order_mode"": ""REGULAR""}, ""android_id"": null, ""total"": ""556.00"", ""completed_at"": ""2026-05-17T12:25:42.395338+08:00"", ""order"": 542}",,9740717,DINE_IN,GCASH,"[{""productId"": 9, ""name"": ""BBQ - Meal"", ""price"": 139, ""quantity"": 4, ""discount"": 0}]",556.00,COMPLETED,walk-in,1,,False,REGULAR,2026-06-04T03:46:26.361841+08:00,2026-06-04T03:46:26.361841+08:00
543,"{""id"": 506, ""order_detail"": {""id"": 543, ""slip_number"": ""9740718"", ""order_type"": ""DINE_IN"", ""payment_method"": ""CASH"", ""table_number"": ""2"", ""items_json"": [{""productId"": 8, ""name"": ""Liempo - Meal"", ""price"": 189, ""quantity"": 1, ""discount"": 0}, {""productId"": 1, ""name"": ""Coke - Mismo"", ""price"": 25, ""quantity"": 1, ""discount"": 0}], ""order_mode"": ""REGULAR""}, ""android_id"": null, ""total"": ""214.00"", ""completed_at"": ""2026-05-17T11:52:26.423591+08:00"", ""order"": 543}",,9740718,DINE_IN,CASH,"[{""productId"": 8, ""name"": ""Liempo - Meal"", ""price"": 189, ""quantity"": 1, ""discount"": 0}, {""productId"": 1, ""name"": ""Coke - Mismo"", ""price"": 25, ""quantity"": 1, ""discount"": 0}]",214.00,COMPLETED,walk-in,2,,False,REGULAR,2026-06-04T03:46:26.342178+08:00,2026-06-04T03:46:26.342178+08:00
544,"{""id"": 507, ""order_detail"": {""id"": 544, ""slip_number"": ""9740719"", ""order_type"": ""DINE_IN"", ""payment_method"": ""CASH"", ""table_number"": ""1"", ""items_json"": [{""productId"": 7, ""name"": ""Pechopak - Unli"", ""price"": 179, ""quantity"": 2, ""discount"": 0}], ""order_mode"": ""REGULAR""}, ""android_id"": null, ""total"": ""358.00"", ""completed_at"": ""2026-05-17T11:53:12.975706+08:00"", ""order"": 544}",,9740719,DINE_IN,CASH,"[{""productId"": 7, ""name"": ""Pechopak - Unli"", ""price"": 179, ""quantity"": 2, ""discount"": 0}]",358.00,COMPLETED,walk-in,1,,False,REGULAR,2026-06-04T03:46:26.339182+08:00,2026-06-04T03:46:26.339182+08:00
545,"{""id"": 509, ""order_detail"": {""id"": 545, ""slip_number"": ""9740720"", ""order_type"": ""TAKE_OUT"", ""payment_method"": ""CASH"", ""table_number"": ""1"", ""items_json"": [{""productId"": 9, ""name"": ""BBQ - Meal"", ""price"": 139, ""quantity"": 1, ""discount"": 0}], ""order_mode"": ""REGULAR""}, ""android_id"": null, ""total"": ""139.00"", ""completed_at"": ""2026-05-17T12:45:08.287694+08:00"", ""order"": 545}",,9740720,TAKE_OUT,CASH,"[{""productId"": 9, ""name"": ""BBQ - Meal"", ""price"": 139, ""quantity"": 1, ""discount"": 0}]",139.00,COMPLETED,walk-in,1,,False,REGULAR,2026-06-04T03:46:26.320538+08:00,2026-06-04T03:46:26.321538+08:00
546,"{""id"": 511, ""order_detail"": {""id"": 546, ""slip_number"": ""9740721"", ""order_type"": ""DINE_IN"", ""payment_method"": ""CASH"", ""table_number"": ""1"", ""items_json"": [{""productId"": 7, ""name"": ""Pechopak - Unli"", ""price"": 179, ""quantity"": 3, ""discount"": 0}], ""order_mode"": ""REGULAR""}, ""android_id"": null, ""total"": ""537.00"", ""completed_at"": ""2026-05-17T13:33:00+08:00"", ""order"": 546}",,9740721,DINE_IN,CASH,"[{""productId"": 7, ""name"": ""Pechopak - Unli"", ""price"": 179, ""quantity"": 3, ""discount"": 0}]",537.00,COMPLETED,walk-in,1,,False,REGULAR,2026-06-04T03:46:26.313273+08:00,2026-06-04T03:46:26.314339+08:00
547,"{""id"": 510, ""order_detail"": {""id"": 547, ""slip_number"": ""9740722"", ""order_type"": ""TAKE_OUT"", ""payment_method"": ""CASH"", ""table_number"": ""2"", ""items_json"": [{""productId"": 7, ""name"": ""Pechopak - Only"", ""price"": 159, ""quantity"": 1, ""discount"": 0}], ""order_mode"": ""REGULAR""}, ""android_id"": null, ""total"": ""159.00"", ""completed_at"": ""2026-05-17T13:32:56.190221+08:00"", ""order"": 547}",,9740722,TAKE_OUT,CASH,"[{""productId"": 7, ""name"": ""Pechopak - Only"", ""price"": 159, ""quantity"": 1, ""discount"": 0}]",159.00,COMPLETED,walk-in,2,,False,REGULAR,2026-06-04T03:46:26.312276+08:00,2026-06-04T03:46:26.312276+08:00
549,"{""id"": 513, ""order_detail"": {""id"": 549, ""slip_number"": ""9740724"", ""order_type"": ""DINE_IN"", ""payment_method"": ""CASH"", ""table_number"": ""1"", ""items_json"": [{""productId"": 7, ""name"": ""Pechopak - Only"", ""price"": 159, ""quantity"": 1, ""discount"": 0}], ""order_mode"": ""REGULAR""}, ""android_id"": null, ""total"": ""159.00"", ""completed_at"": ""2026-05-17T17:30:36.015363+08:00"", ""order"": 549}",,9740724,DINE_IN,CASH,"[{""productId"": 7, ""name"": ""Pechopak - Only"", ""price"": 159, ""quantity"": 1, ""discount"": 0}]",159.00,COMPLETED,walk-in,1,,False,REGULAR,2026-06-04T03:46:26.302991+08:00,2026-06-04T03:46:26.302991+08:00
550,"{""id"": 516, ""order_detail"": {""id"": 550, ""slip_number"": ""9740725"", ""order_type"": ""DINE_IN"", ""payment_method"": ""CASH"", ""table_number"": ""3"", ""items_json"": [{""productId"": 10, ""name"": ""Leg - Meal"", ""price"": 149, ""quantity"": 1, ""discount"": 0}], ""order_mode"": ""REGULAR""}, ""android_id"": null, ""total"": ""149.00"", ""completed_at"": ""2026-05-17T18:16:17.796248+08:00"", ""order"": 550}",,9740725,DINE_IN,CASH,"[{""productId"": 10, ""name"": ""Leg - Meal"", ""price"": 149, ""quantity"": 1, ""discount"": 0}]",149.00,COMPLETED,walk-in,3,,False,REGULAR,2026-06-04T03:46:26.277005+08:00,2026-06-04T03:46:26.277005+08:00
551,"{""id"": 515, ""order_detail"": {""id"": 551, ""slip_number"": ""9740726"", ""order_type"": ""DINE_IN"", ""payment_method"": ""CASH"", ""table_number"": ""1"", ""items_json"": [{""productId"": 10, ""name"": ""Leg - Unli"", ""price"": 159, ""quantity"": 1, ""discount"": 0}], ""order_mode"": ""REGULAR""}, ""android_id"": null, ""total"": ""159.00"", ""completed_at"": ""2026-05-17T18:16:13.625922+08:00"", ""order"": 551}",,9740726,DINE_IN,CASH,"[{""productId"": 10, ""name"": ""Leg - Unli"", ""price"": 159, ""quantity"": 1, ""discount"": 0}]",159.00,COMPLETED,walk-in,1,,False,REGULAR,2026-06-04T03:46:26.274995+08:00,2026-06-04T03:46:26.274995+08:00
552,"{""id"": 517, ""order_detail"": {""id"": 552, ""slip_number"": ""9740727"", ""order_type"": ""DINE_IN"", ""payment_method"": ""CASH"", ""table_number"": ""2"", ""items_json"": [{""productId"": 10, ""name"": ""Leg - Meal"", ""price"": 149, ""quantity"": 1, ""discount"": 0}, {""productId"": 8, ""name"": ""Liempo - Meal"", ""price"": 189, ""quantity"": 1, ""discount"": 0}, {""productId"": 3, ""name"": ""Icetea - Icetea Glass"", ""price"": 39, ""quantity"": 1, ""discount"": 0}, {""productId"": 12, ""name"": ""Water - Bottled"", ""price"": 20, ""quantity"": 1, ""discount"": 0}], ""order_mode"": ""REGULAR""}, ""android_id"": null, ""total"": ""397.00"", ""completed_at"": ""2026-05-17T18:18:22.840906+08:00"", ""order"": 552}",,9740727,DINE_IN,CASH,"[{""productId"": 10, ""name"": ""Leg - Meal"", ""price"": 149, ""quantity"": 1, ""discount"": 0}, {""productId"": 8, ""name"": ""Liempo - Meal"", ""price"": 189, ""quantity"": 1, ""discount"": 0}, {""productId"": 3, ""name"": ""Icetea - Icetea Glass"", ""price"": 39, ""quantity"": 1, ""discount"": 0}, {""productId"": 12, ""name"": ""Water - Bottled"", ""price"": 20, ""quantity"": 1, ""discount"": 0}]",397.00,COMPLETED,walk-in,2,,False,REGULAR,2026-06-04T03:46:26.268011+08:00,2026-06-04T03:46:26.268011+08:00
553,"{""id"": 514, ""order_detail"": {""id"": 553, ""slip_number"": ""9740728"", ""order_type"": ""DINE_IN"", ""payment_method"": ""GCASH"", ""table_number"": """", ""items_json"": [{""productId"": 9, ""name"": ""BBQ - Only"", ""price"": 129, ""quantity"": 1, ""discount"": 0}, {""productId"": 11, ""name"": ""Wings - Only"", ""price"": 119, ""quantity"": 1, ""discount"": 0}, {""productId"": 3, ""name"": ""Icetea - Icetea Glass"", ""price"": 39, ""quantity"": 1, ""discount"": 0}], ""order_mode"": ""REGULAR""}, ""android_id"": null, ""total"": ""287.00"", ""completed_at"": ""2026-05-17T18:15:42.246482+08:00"", ""order"": 553}",,9740728,DINE_IN,GCASH,"[{""productId"": 9, ""name"": ""BBQ - Only"", ""price"": 129, ""quantity"": 1, ""discount"": 0}, {""productId"": 11, ""name"": ""Wings - Only"", ""price"": 119, ""quantity"": 1, ""discount"": 0}, {""productId"": 3, ""name"": ""Icetea - Icetea Glass"", ""price"": 39, ""quantity"": 1, ""discount"": 0}]",287.00,COMPLETED,walk-in,,,False,REGULAR,2026-06-04T03:46:26.265487+08:00,2026-06-04T03:46:26.265487+08:00
554,"{""id"": 520, ""order_detail"": {""id"": 554, ""slip_number"": ""9740729"", ""order_type"": ""DINE_IN"", ""payment_method"": ""CASH"", ""table_number"": ""3"", ""items_json"": [{""productId"": 10, ""name"": ""Leg - Unli"", ""price"": 159, ""quantity"": 1, ""discount"": 0}, {""productId"": 7, ""name"": ""Pechopak - Unli"", ""price"": 179, ""quantity"": 1, ""discount"": 0}], ""order_mode"": ""REGULAR""}, ""android_id"": null, ""total"": ""338.00"", ""completed_at"": ""2026-05-17T19:29:45.869870+08:00"", ""order"": 554}",,9740729,DINE_IN,CASH,"[{""productId"": 10, ""name"": ""Leg - Unli"", ""price"": 159, ""quantity"": 1, ""discount"": 0}, {""productId"": 7, ""name"": ""Pechopak - Unli"", ""price"": 179, ""quantity"": 1, ""discount"": 0}]",338.00,COMPLETED,walk-in,3,,False,REGULAR,2026-06-04T03:46:26.258170+08:00,2026-06-04T03:46:26.258170+08:00
555,"{""id"": 519, ""order_detail"": {""id"": 555, ""slip_number"": ""9740730"", ""order_type"": ""DINE_IN"", ""payment_method"": ""CASH"", ""table_number"": ""1"", ""items_json"": [{""productId"": 9, ""name"": ""BBQ - Meal"", ""price"": 139, ""quantity"": 2, ""discount"": 0}, {""productId"": 3, ""name"": ""Icetea - Icetea Glass"", ""price"": 39, ""quantity"": 2, ""discount"": 0}], ""order_mode"": ""REGULAR""}, ""android_id"": null, ""total"": ""356.00"", ""completed_at"": ""2026-05-17T19:29:38.279815+08:00"", ""order"": 555}",,9740730,DINE_IN,CASH,"[{""productId"": 9, ""name"": ""BBQ - Meal"", ""price"": 139, ""quantity"": 2, ""discount"": 0}, {""productId"": 3, ""name"": ""Icetea - Icetea Glass"", ""price"": 39, ""quantity"": 2, ""discount"": 0}]",356.00,COMPLETED,walk-in,1,,False,REGULAR,2026-06-04T03:46:26.256171+08:00,2026-06-04T03:46:26.256171+08:00
556,"{""id"": 522, ""order_detail"": {""id"": 556, ""slip_number"": ""9740731"", ""order_type"": ""DELIVERY"", ""payment_method"": ""CASH"", ""table_number"": """", ""items_json"": [{""productId"": 9, ""name"": ""BBQ - Meal"", ""price"": 139, ""quantity"": 5, ""discount"": 0}, {""productId"": -1, ""name"": ""Delivery Fee"", ""price"": 30, ""quantity"": 1, ""discount"": 0}], ""order_mode"": ""REGULAR""}, ""android_id"": null, ""total"": ""725.00"", ""completed_at"": ""2026-05-17T19:39:34.786099+08:00"", ""order"": 556}",,9740731,DELIVERY,CASH,"[{""productId"": 9, ""name"": ""BBQ - Meal"", ""price"": 139, ""quantity"": 5, ""discount"": 0}, {""productId"": -1, ""name"": ""Delivery Fee"", ""price"": 30, ""quantity"": 1, ""discount"": 0}]",725.00,COMPLETED,walk-in,,,False,REGULAR,2026-06-04T03:46:26.247963+08:00,2026-06-04T03:46:26.247963+08:00
557,"{""id"": 521, ""order_detail"": {""id"": 557, ""slip_number"": ""9740732"", ""order_type"": ""TAKE_OUT"", ""payment_method"": ""GCASH"", ""table_number"": """", ""items_json"": [{""productId"": 11, ""name"": ""Wings - Meal"", ""price"": 129, ""quantity"": 1, ""discount"": 0}], ""order_mode"": ""REGULAR""}, ""android_id"": null, ""total"": ""129.00"", ""completed_at"": ""2026-05-17T19:29:54.272435+08:00"", ""order"": 557}",,9740732,TAKE_OUT,GCASH,"[{""productId"": 11, ""name"": ""Wings - Meal"", ""price"": 129, ""quantity"": 1, ""discount"": 0}]",129.00,COMPLETED,walk-in,,,False,REGULAR,2026-06-04T03:46:26.244898+08:00,2026-06-04T03:46:26.244898+08:00
558,"{""id"": 518, ""order_detail"": {""id"": 558, ""slip_number"": """", ""order_type"": ""DINE_IN"", ""payment_method"": """", ""table_number"": """", ""items_json"": [{""productId"": 9, ""name"": ""BBQ - One Piece Only"", ""price"": 69, ""quantity"": 1, ""discount"": 0}], ""order_mode"": ""WASTE""}, ""android_id"": null, ""total"": ""69.00"", ""completed_at"": ""2026-05-17T19:15:35.847130+08:00"", ""order"": 558}",,,DINE_IN,,"[{""productId"": 9, ""name"": ""BBQ - One Piece Only"", ""price"": 69, ""quantity"": 1, ""discount"": 0}]",69.00,COMPLETED,walk-in,,,False,WASTE,2026-06-04T03:46:26.237021+08:00,2026-06-04T03:46:26.237021+08:00
559,"{""id"": 523, ""order_detail"": {""id"": 559, ""slip_number"": ""9740723"", ""order_type"": ""DINE_IN"", ""payment_method"": ""CASH"", ""table_number"": ""2"", ""items_json"": [{""productId"": 10, ""name"": ""Leg - Unli"", ""price"": 159, ""quantity"": 2, ""discount"": 0}], ""order_mode"": ""REGULAR""}, ""android_id"": null, ""total"": ""318.00"", ""completed_at"": ""2026-05-17T19:40:38.637259+08:00"", ""order"": 559}",,9740723,DINE_IN,CASH,"[{""productId"": 10, ""name"": ""Leg - Unli"", ""price"": 159, ""quantity"": 2, ""discount"": 0}]",318.00,COMPLETED,walk-in,2,,False,REGULAR,2026-06-04T03:46:26.234745+08:00,2026-06-04T03:46:26.234745+08:00
560,"{""id"": 524, ""order_detail"": {""id"": 560, ""slip_number"": ""9740724"", ""order_type"": ""DINE_IN"", ""payment_method"": ""CASH"", ""table_number"": ""3"", ""items_json"": [{""productId"": 9, ""name"": ""BBQ - Unli"", ""price"": 149, ""quantity"": 1, ""discount"": 0}, {""productId"": 7, ""name"": ""Pechopak - Meal"", ""price"": 169, ""quantity"": 1, ""discount"": 0}], ""order_mode"": ""REGULAR""}, ""android_id"": null, ""total"": ""318.00"", ""completed_at"": ""2026-05-17T19:43:38.974188+08:00"", ""order"": 560}",,9740724,DINE_IN,CASH,"[{""productId"": 9, ""name"": ""BBQ - Unli"", ""price"": 149, ""quantity"": 1, ""discount"": 0}, {""productId"": 7, ""name"": ""Pechopak - Meal"", ""price"": 169, ""quantity"": 1, ""discount"": 0}]",318.00,COMPLETED,walk-in,3,,False,REGULAR,2026-06-04T03:46:26.227220+08:00,2026-06-04T03:46:26.227220+08:00
561,"{""id"": 527, ""order_detail"": {""id"": 561, ""slip_number"": ""9740725"", ""order_type"": ""DINE_IN"", ""payment_method"": ""CASH"", ""table_number"": ""1"", ""items_json"": [{""productId"": 9, ""name"": ""BBQ - Meal"", ""price"": 139, ""quantity"": 1, ""discount"": 0}, {""productId"": 3, ""name"": ""Icetea - Icetea Glass"", ""price"": 39, ""quantity"": 1, ""discount"": 0}], ""order_mode"": ""REGULAR""}, ""android_id"": null, ""total"": ""178.00"", ""completed_at"": ""2026-05-17T20:23:19.072234+08:00"", ""order"": 561}",,9740725,DINE_IN,CASH,"[{""productId"": 9, ""name"": ""BBQ - Meal"", ""price"": 139, ""quantity"": 1, ""discount"": 0}, {""productId"": 3, ""name"": ""Icetea - Icetea Glass"", ""price"": 39, ""quantity"": 1, ""discount"": 0}]",178.00,COMPLETED,walk-in,1,,False,REGULAR,2026-06-04T03:46:26.224538+08:00,2026-06-04T03:46:26.224538+08:00
562,"{""id"": 525, ""order_detail"": {""id"": 562, ""slip_number"": ""9740726"", ""order_type"": ""DINE_IN"", ""payment_method"": ""GCASH"", ""table_number"": """", ""items_json"": [{""productId"": 3, ""name"": ""Icetea - Icetea Glass"", ""price"": 39, ""quantity"": 1, ""discount"": 0}], ""order_mode"": ""REGULAR""}, ""android_id"": null, ""total"": ""39.00"", ""completed_at"": ""2026-05-17T20:06:17.528015+08:00"", ""order"": 562}",,9740726,DINE_IN,GCASH,"[{""productId"": 3, ""name"": ""Icetea - Icetea Glass"", ""price"": 39, ""quantity"": 1, ""discount"": 0}]",39.00,COMPLETED,walk-in,,,False,REGULAR,2026-06-04T03:46:26.217294+08:00,2026-06-04T03:46:26.217294+08:00
563,"{""id"": 529, ""order_detail"": {""id"": 563, ""slip_number"": ""9740727"", ""order_type"": ""DINE_IN"", ""payment_method"": ""CASH"", ""table_number"": ""1"", ""items_json"": [{""productId"": 7, ""name"": ""Pechopak - Unli"", ""price"": 179, ""quantity"": 3, ""discount"": 0}, {""productId"": 10, ""name"": ""Leg - Unli"", ""price"": 159, ""quantity"": 2, ""discount"": 0}, {""productId"": 11, ""name"": ""Wings - Unli"", ""price"": 139, ""quantity"": 1, ""discount"": 0}, {""productId"": 1, ""name"": ""Coke - Mismo"", ""price"": 25, ""quantity"": 2, ""discount"": 0}, {""productId"": 5, ""name"": ""Sprite - Mismo"", ""price"": 25, ""quantity"": 1, ""discount"": 0}], ""order_mode"": ""REGULAR""}, ""android_id"": null, ""total"": ""1069.00"", ""completed_at"": ""2026-05-17T20:32:18.327176+08:00"", ""order"": 563}",,9740727,DINE_IN,CASH,"[{""productId"": 7, ""name"": ""Pechopak - Unli"", ""price"": 179, ""quantity"": 3, ""discount"": 0}, {""productId"": 10, ""name"": ""Leg - Unli"", ""price"": 159, ""quantity"": 2, ""discount"": 0}, {""productId"": 11, ""name"": ""Wings - Unli"", ""price"": 139, ""quantity"": 1, ""discount"": 0}, {""productId"": 1, ""name"": ""Coke - Mismo"", ""price"": 25, ""quantity"": 2, ""discount"": 0}, {""productId"": 5, ""name"": ""Sprite - Mismo"", ""price"": 25, ""quantity"": 1, ""discount"": 0}]",1069.00,COMPLETED,walk-in,1,,False,REGULAR,2026-06-04T03:46:26.215297+08:00,2026-06-04T03:46:26.215297+08:00
564,"{""id"": 526, ""order_detail"": {""id"": 564, ""slip_number"": ""15"", ""order_type"": ""DINE_IN"", ""payment_method"": """", ""table_number"": """", ""items_json"": [{""productId"": 2, ""name"": ""Rice - Extra"", ""price"": 20, ""quantity"": 2, ""discount"": 0}], ""order_mode"": ""EMPLOYEE""}, ""android_id"": null, ""total"": ""40.00"", ""completed_at"": ""2026-05-17T20:15:06.605854+08:00"", ""order"": 564}",,15,DINE_IN,,"[{""productId"": 2, ""name"": ""Rice - Extra"", ""price"": 20, ""quantity"": 2, ""discount"": 0}]",40.00,COMPLETED,walk-in,,,False,EMPLOYEE,2026-06-04T03:46:26.207700+08:00,2026-06-04T03:46:26.207700+08:00
565,"{""id"": 528, ""order_detail"": {""id"": 565, ""slip_number"": ""9740728"", ""order_type"": ""DINE_IN"", ""payment_method"": ""CASH"", ""table_number"": """", ""items_json"": [{""productId"": 12, ""name"": ""Water - Bottled"", ""price"": 20, ""quantity"": 2, ""discount"": 0}], ""order_mode"": ""REGULAR""}, ""android_id"": null, ""total"": ""40.00"", ""completed_at"": ""2026-05-17T20:23:23.011138+08:00"", ""order"": 565}",,9740728,DINE_IN,CASH,"[{""productId"": 12, ""name"": ""Water - Bottled"", ""price"": 20, ""quantity"": 2, ""discount"": 0}]",40.00,COMPLETED,walk-in,,,False,REGULAR,2026-06-04T03:46:26.205700+08:00,2026-06-04T03:46:26.205700+08:00
566,"{""id"": 531, ""order_detail"": {""id"": 566, ""slip_number"": ""9740729"", ""order_type"": ""TAKE_OUT"", ""payment_method"": ""CASH"", ""table_number"": ""3"", ""items_json"": [{""productId"": 10, ""name"": ""Leg - Meal"", ""price"": 149, ""quantity"": 2, ""discount"": 0}, {""productId"": 9, ""name"": ""BBQ - Meal"", ""price"": 139, ""quantity"": 2, ""discount"": 0}, {""productId"": 3, ""name"": ""Icetea - Icetea Glass"", ""price"": 39, ""quantity"": 2, ""discount"": 0}], ""order_mode"": ""REGULAR""}, ""android_id"": null, ""total"": ""654.00"", ""completed_at"": ""2026-05-17T21:18:32.187125+08:00"", ""order"": 566}",,9740729,TAKE_OUT,CASH,"[{""productId"": 10, ""name"": ""Leg - Meal"", ""price"": 149, ""quantity"": 2, ""discount"": 0}, {""productId"": 9, ""name"": ""BBQ - Meal"", ""price"": 139, ""quantity"": 2, ""discount"": 0}, {""productId"": 3, ""name"": ""Icetea - Icetea Glass"", ""price"": 39, ""quantity"": 2, ""discount"": 0}]",654.00,COMPLETED,walk-in,3,,False,REGULAR,2026-06-04T03:46:26.198746+08:00,2026-06-04T03:46:26.198746+08:00
567,"{""id"": 530, ""order_detail"": {""id"": 567, ""slip_number"": ""9740730"", ""order_type"": ""TAKE_OUT"", ""payment_method"": ""CASH"", ""table_number"": """", ""items_json"": [{""productId"": 2, ""name"": ""Rice - Extra"", ""price"": 20, ""quantity"": 2, ""discount"": 0}], ""order_mode"": ""REGULAR""}, ""android_id"": null, ""total"": ""40.00"", ""completed_at"": ""2026-05-17T20:57:54.881485+08:00"", ""order"": 567}",,9740730,TAKE_OUT,CASH,"[{""productId"": 2, ""name"": ""Rice - Extra"", ""price"": 20, ""quantity"": 2, ""discount"": 0}]",40.00,COMPLETED,walk-in,,,False,REGULAR,2026-06-04T03:46:26.195747+08:00,2026-06-04T03:46:26.195747+08:00
568,"{""id"": 532, ""order_detail"": {""id"": 568, ""slip_number"": ""9740731"", ""order_type"": ""DINE_IN"", ""payment_method"": ""CASH"", ""table_number"": ""3"", ""items_json"": [{""productId"": 7, ""name"": ""Pechopak - Unli"", ""price"": 179, ""quantity"": 1, ""discount"": 0}, {""productId"": 8, ""name"": ""Liempo - Unli"", ""price"": 199, ""quantity"": 1, ""discount"": 0}, {""productId"": 12, ""name"": ""Water - Bottled"", ""price"": 20, ""quantity"": 2, ""discount"": 0}], ""order_mode"": ""REGULAR""}, ""android_id"": null, ""total"": ""418.00"", ""completed_at"": ""2026-05-17T21:28:06.127817+08:00"", ""order"": 568}",,9740731,DINE_IN,CASH,"[{""productId"": 7, ""name"": ""Pechopak - Unli"", ""price"": 179, ""quantity"": 1, ""discount"": 0}, {""productId"": 8, ""name"": ""Liempo - Unli"", ""price"": 199, ""quantity"": 1, ""discount"": 0}, {""productId"": 12, ""name"": ""Water - Bottled"", ""price"": 20, ""quantity"": 2, ""discount"": 0}]",418.00,COMPLETED,walk-in,3,,False,REGULAR,2026-06-04T03:46:26.187677+08:00,2026-06-04T03:46:26.187677+08:00
569,"{""id"": 540, ""order_detail"": {""id"": 569, ""slip_number"": ""9740732"", ""order_type"": ""DINE_IN"", ""payment_method"": ""GCASH"", ""table_number"": """", ""items_json"": [{""productId"": 9, ""name"": ""BBQ - Only"", ""price"": 129, ""quantity"": 2, ""discount"": 0}], ""order_mode"": ""REGULAR""}, ""android_id"": null, ""total"": ""258.00"", ""completed_at"": ""2026-05-17T23:28:00+08:00"", ""order"": 569}",,9740732,DINE_IN,GCASH,"[{""productId"": 9, ""name"": ""BBQ - Only"", ""price"": 129, ""quantity"": 2, ""discount"": 0}]",258.00,COMPLETED,walk-in,,,False,REGULAR,2026-06-04T03:46:26.185289+08:00,2026-06-04T03:46:26.185289+08:00
570,"{""id"": 533, ""order_detail"": {""id"": 570, ""slip_number"": ""9740733"", ""order_type"": ""DINE_IN"", ""payment_method"": ""CASH"", ""table_number"": ""5"", ""items_json"": [{""productId"": 10, ""name"": ""Leg - Unli"", ""price"": 159, ""quantity"": 2, ""discount"": 0}, {""productId"": 3, ""name"": ""Icetea - Icetea Pitcher"", ""price"": 129, ""quantity"": 1, ""discount"": 0}], ""order_mode"": ""REGULAR""}, ""android_id"": null, ""total"": ""447.00"", ""completed_at"": ""2026-05-17T21:32:03.696947+08:00"", ""order"": 570}",,9740733,DINE_IN,CASH,"[{""productId"": 10, ""name"": ""Leg - Unli"", ""price"": 159, ""quantity"": 2, ""discount"": 0}, {""productId"": 3, ""name"": ""Icetea - Icetea Pitcher"", ""price"": 129, ""quantity"": 1, ""discount"": 0}]",447.00,COMPLETED,walk-in,5,,False,REGULAR,2026-06-04T03:46:26.178108+08:00,2026-06-04T03:46:26.178108+08:00
571,"{""id"": 534, ""order_detail"": {""id"": 571, ""slip_number"": ""9740734"", ""order_type"": ""DINE_IN"", ""payment_method"": ""CASH"", ""table_number"": ""1"", ""items_json"": [{""productId"": 7, ""name"": ""Pechopak - Only"", ""price"": 159, ""quantity"": 5, ""discount"": 0}, {""productId"": 7, ""name"": ""Pechopak - Only"", ""price"": 159, ""quantity"": 1, ""discount"": 20}, {""productId"": 5, ""name"": ""Sprite - 1.5"", ""price"": 120, ""quantity"": 1, ""discount"": 0}], ""order_mode"": ""REGULAR""}, ""android_id"": null, ""total"": ""1042.20"", ""completed_at"": ""2026-05-17T21:59:00.970436+08:00"", ""order"": 571}",,9740734,DINE_IN,CASH,"[{""productId"": 7, ""name"": ""Pechopak - Only"", ""price"": 159, ""quantity"": 5, ""discount"": 0}, {""productId"": 7, ""name"": ""Pechopak - Only"", ""price"": 159, ""quantity"": 1, ""discount"": 20}, {""productId"": 5, ""name"": ""Sprite - 1.5"", ""price"": 120, ""quantity"": 1, ""discount"": 0}]",1042.20,COMPLETED,walk-in,1,,False,REGULAR,2026-06-04T03:46:26.175108+08:00,2026-06-04T03:46:26.175108+08:00
572,"{""id"": 536, ""order_detail"": {""id"": 572, ""slip_number"": ""9740735"", ""order_type"": ""DINE_IN"", ""payment_method"": ""CASH"", ""table_number"": """", ""items_json"": [{""productId"": 10, ""name"": ""Leg - Meal"", ""price"": 149, ""quantity"": 1, ""discount"": 0}, {""productId"": 8, ""name"": ""Liempo - Meal"", ""price"": 189, ""quantity"": 1, ""discount"": 0}], ""order_mode"": ""REGULAR""}, ""android_id"": null, ""total"": ""338.00"", ""completed_at"": ""2026-05-17T22:38:25.975443+08:00"", ""order"": 572}",,9740735,DINE_IN,CASH,"[{""productId"": 10, ""name"": ""Leg - Meal"", ""price"": 149, ""quantity"": 1, ""discount"": 0}, {""productId"": 8, ""name"": ""Liempo - Meal"", ""price"": 189, ""quantity"": 1, ""discount"": 0}]",338.00,COMPLETED,walk-in,,,False,REGULAR,2026-06-04T03:46:26.167590+08:00,2026-06-04T03:46:26.167590+08:00
573,,,9740736,DINE_IN,CASH,"[{""productId"": 9, ""name"": ""BBQ - Unli"", ""price"": 149, ""quantity"": 1, ""discount"": 0}]",149.00,VOIDED,walk-in,,,False,REGULAR,2026-06-04T03:46:26.165591+08:00,2026-06-04T03:46:26.165591+08:00
574,,,9740737,TAKE_OUT,CASH,"[{""productId"": 9, ""name"": ""BBQ - Unli"", ""price"": 149, ""quantity"": 1, ""discount"": 0}]",149.00,VOIDED,walk-in,,,False,REGULAR,2026-06-04T03:46:26.158449+08:00,2026-06-04T03:46:26.158449+08:00
575,"{""id"": 535, ""order_detail"": {""id"": 575, ""slip_number"": ""9740736"", ""order_type"": ""TAKE_OUT"", ""payment_method"": ""CASH"", ""table_number"": """", ""items_json"": [{""productId"": 9, ""name"": ""BBQ - Unli"", ""price"": 149, ""quantity"": 1, ""discount"": 0}], ""order_mode"": ""REGULAR""}, ""android_id"": null, ""total"": ""149.00"", ""completed_at"": ""2026-05-17T22:26:51.236746+08:00"", ""order"": 575}",,9740736,TAKE_OUT,CASH,"[{""productId"": 9, ""name"": ""BBQ - Unli"", ""price"": 149, ""quantity"": 1, ""discount"": 0}]",149.00,COMPLETED,walk-in,,,False,REGULAR,2026-06-04T03:46:26.155447+08:00,2026-06-04T03:46:26.155447+08:00
576,"{""id"": 537, ""order_detail"": {""id"": 576, ""slip_number"": ""9740737"", ""order_type"": ""DINE_IN"", ""payment_method"": ""CASH"", ""table_number"": ""3"", ""items_json"": [{""productId"": 9, ""name"": ""BBQ - Unli"", ""price"": 149, ""quantity"": 1, ""discount"": 0}, {""productId"": 7, ""name"": ""Pechopak - Unli"", ""price"": 179, ""quantity"": 1, ""discount"": 0}], ""order_mode"": ""REGULAR""}, ""android_id"": null, ""total"": ""328.00"", ""completed_at"": ""2026-05-17T22:39:25.497452+08:00"", ""order"": 576}",,9740737,DINE_IN,CASH,"[{""productId"": 9, ""name"": ""BBQ - Unli"", ""price"": 149, ""quantity"": 1, ""discount"": 0}, {""productId"": 7, ""name"": ""Pechopak - Unli"", ""price"": 179, ""quantity"": 1, ""discount"": 0}]",328.00,COMPLETED,walk-in,3,,False,REGULAR,2026-06-04T03:46:26.147926+08:00,2026-06-04T03:46:26.147926+08:00
577,"{""id"": 539, ""order_detail"": {""id"": 577, ""slip_number"": ""9740738"", ""order_type"": ""TAKE_OUT"", ""payment_method"": ""CASH"", ""table_number"": ""2"", ""items_json"": [{""productId"": 9, ""name"": ""BBQ - Meal"", ""price"": 139, ""quantity"": 2, ""discount"": 0}], ""order_mode"": ""REGULAR""}, ""android_id"": null, ""total"": ""278.00"", ""completed_at"": ""2026-05-17T23:19:25.894844+08:00"", ""order"": 577}",,9740738,TAKE_OUT,CASH,"[{""productId"": 9, ""name"": ""BBQ - Meal"", ""price"": 139, ""quantity"": 2, ""discount"": 0}]",278.00,COMPLETED,walk-in,2,,False,REGULAR,2026-06-04T03:46:26.145928+08:00,2026-06-04T03:46:26.145928+08:00
578,"{""id"": 538, ""order_detail"": {""id"": 578, ""slip_number"": ""9740739"", ""order_type"": ""DINE_IN"", ""payment_method"": ""CASH"", ""table_number"": ""5"", ""items_json"": [{""productId"": 7, ""name"": ""Pechopak - Unli"", ""price"": 179, ""quantity"": 3, ""discount"": 0}], ""order_mode"": ""REGULAR""}, ""android_id"": null, ""total"": ""537.00"", ""completed_at"": ""2026-05-17T23:19:24.963085+08:00"", ""order"": 578}",,9740739,DINE_IN,CASH,"[{""productId"": 7, ""name"": ""Pechopak - Unli"", ""price"": 179, ""quantity"": 3, ""discount"": 0}]",537.00,COMPLETED,walk-in,5,,False,REGULAR,2026-06-04T03:46:26.138890+08:00,2026-06-04T03:46:26.138890+08:00
579,,,9740740,DINE_IN,CASH,"[{""productId"": 10, ""name"": ""Leg - Meal"", ""price"": 149, ""quantity"": 1, ""discount"": 0}]",149.00,VOIDED,walk-in,3,,True,REGULAR,2026-06-04T03:46:26.135888+08:00,2026-06-04T03:46:26.135888+08:00
580,"{""id"": 543, ""order_detail"": {""id"": 580, ""slip_number"": ""9740741"", ""order_type"": ""DINE_IN"", ""payment_method"": ""CASH"", ""table_number"": ""1"", ""items_json"": [{""productId"": 7, ""name"": ""Pechopak - Meal"", ""price"": 169, ""quantity"": 2, ""discount"": 0}, {""productId"": 3, ""name"": ""Icetea - Icetea Glass"", ""price"": 39, ""quantity"": 2, ""discount"": 0}], ""order_mode"": ""REGULAR""}, ""android_id"": null, ""total"": ""416.00"", ""completed_at"": ""2026-05-18T12:18:28.510969+08:00"", ""order"": 580}",,9740741,DINE_IN,CASH,"[{""productId"": 7, ""name"": ""Pechopak - Meal"", ""price"": 169, ""quantity"": 2, ""discount"": 0}, {""productId"": 3, ""name"": ""Icetea - Icetea Glass"", ""price"": 39, ""quantity"": 2, ""discount"": 0}]",416.00,COMPLETED,walk-in,1,,False,REGULAR,2026-06-04T03:46:26.128363+08:00,2026-06-04T03:46:26.128363+08:00
581,"{""id"": 542, ""order_detail"": {""id"": 581, ""slip_number"": ""9740742"", ""order_type"": ""DINE_IN"", ""payment_method"": ""CASH"", ""table_number"": ""3"", ""items_json"": [{""productId"": 9, ""name"": ""BBQ - Unli"", ""price"": 149, ""quantity"": 1, ""discount"": 0}, {""productId"": 7, ""name"": ""Pechopak - Unli"", ""price"": 179, ""quantity"": 1, ""discount"": 0}, {""productId"": 5, ""name"": ""Sprite - Mismo"", ""price"": 25, ""quantity"": 2, ""discount"": 0}], ""order_mode"": ""REGULAR""}, ""android_id"": null, ""total"": ""378.00"", ""completed_at"": ""2026-05-18T12:18:27.642802+08:00"", ""order"": 581}",,9740742,DINE_IN,CASH,"[{""productId"": 9, ""name"": ""BBQ - Unli"", ""price"": 149, ""quantity"": 1, ""discount"": 0}, {""productId"": 7, ""name"": ""Pechopak - Unli"", ""price"": 179, ""quantity"": 1, ""discount"": 0}, {""productId"": 5, ""name"": ""Sprite - Mismo"", ""price"": 25, ""quantity"": 2, ""discount"": 0}]",378.00,COMPLETED,walk-in,3,,False,REGULAR,2026-06-04T03:46:26.124357+08:00,2026-06-04T03:46:26.124357+08:00
582,"{""id"": 541, ""order_detail"": {""id"": 582, ""slip_number"": ""9740743"", ""order_type"": ""DINE_IN"", ""payment_method"": ""CASH"", ""table_number"": """", ""items_json"": [{""productId"": 10, ""name"": ""Leg - Meal"", ""price"": 149, ""quantity"": 1, ""discount"": 20}, {""productId"": 5, ""name"": ""Sprite - Mismo"", ""price"": 25, ""quantity"": 1, ""discount"": 20}], ""order_mode"": ""REGULAR""}, ""android_id"": null, ""total"": ""139.20"", ""completed_at"": ""2026-05-18T12:18:26.607487+08:00"", ""order"": 582}",,9740743,DINE_IN,CASH,"[{""productId"": 10, ""name"": ""Leg - Meal"", ""price"": 149, ""quantity"": 1, ""discount"": 20}, {""productId"": 5, ""name"": ""Sprite - Mismo"", ""price"": 25, ""quantity"": 1, ""discount"": 20}]",139.20,COMPLETED,walk-in,,,False,REGULAR,2026-06-04T03:46:26.117370+08:00,2026-06-04T03:46:26.117370+08:00
583,"{""id"": 544, ""order_detail"": {""id"": 583, ""slip_number"": ""9740744"", ""order_type"": ""DINE_IN"", ""payment_method"": ""CASH"", ""table_number"": """", ""items_json"": [{""productId"": 10, ""name"": ""Leg - Meal"", ""price"": 149, ""quantity"": 1, ""discount"": 20}, {""productId"": 1, ""name"": ""Coke - Mismo"", ""price"": 25, ""quantity"": 1, ""discount"": 20}], ""order_mode"": ""REGULAR""}, ""android_id"": null, ""total"": ""139.20"", ""completed_at"": ""2026-05-18T12:27:58.975150+08:00"", ""order"": 583}",,9740744,DINE_IN,CASH,"[{""productId"": 10, ""name"": ""Leg - Meal"", ""price"": 149, ""quantity"": 1, ""discount"": 20}, {""productId"": 1, ""name"": ""Coke - Mismo"", ""price"": 25, ""quantity"": 1, ""discount"": 20}]",139.20,COMPLETED,walk-in,,,False,REGULAR,2026-06-04T03:46:26.114369+08:00,2026-06-04T03:46:26.114369+08:00
584,"{""id"": 545, ""order_detail"": {""id"": 584, ""slip_number"": ""9740745"", ""order_type"": ""DINE_IN"", ""payment_method"": ""CASH"", ""table_number"": """", ""items_json"": [{""productId"": 7, ""name"": ""Pechopak - Meal"", ""price"": 169, ""quantity"": 1, ""discount"": 20}], ""order_mode"": ""REGULAR""}, ""android_id"": null, ""total"": ""135.20"", ""completed_at"": ""2026-05-18T12:28:02.155839+08:00"", ""order"": 584}",,9740745,DINE_IN,CASH,"[{""productId"": 7, ""name"": ""Pechopak - Meal"", ""price"": 169, ""quantity"": 1, ""discount"": 20}]",135.20,COMPLETED,walk-in,,,False,REGULAR,2026-06-04T03:46:26.107624+08:00,2026-06-04T03:46:26.107624+08:00
585,"{""id"": 546, ""order_detail"": {""id"": 585, ""slip_number"": ""9740746"", ""order_type"": ""DINE_IN"", ""payment_method"": ""CASH"", ""table_number"": """", ""items_json"": [{""productId"": 11, ""name"": ""Wings - Meal"", ""price"": 129, ""quantity"": 1, ""discount"": 20}], ""order_mode"": ""REGULAR""}, ""android_id"": null, ""total"": ""103.20"", ""completed_at"": ""2026-05-18T12:28:04.374497+08:00"", ""order"": 585}",,9740746,DINE_IN,CASH,"[{""productId"": 11, ""name"": ""Wings - Meal"", ""price"": 129, ""quantity"": 1, ""discount"": 20}]",103.20,COMPLETED,walk-in,,,False,REGULAR,2026-06-04T03:46:26.104820+08:00,2026-06-04T03:46:26.104820+08:00
586,"{""id"": 547, ""order_detail"": {""id"": 586, ""slip_number"": ""9740747"", ""order_type"": ""DINE_IN"", ""payment_method"": ""CASH"", ""table_number"": """", ""items_json"": [{""productId"": 7, ""name"": ""Pechopak - Meal"", ""price"": 169, ""quantity"": 1, ""discount"": 20}, {""productId"": 7, ""name"": ""Pechopak - Only"", ""price"": 159, ""quantity"": 1, ""discount"": 0}], ""order_mode"": ""REGULAR""}, ""android_id"": null, ""total"": ""294.20"", ""completed_at"": ""2026-05-18T12:28:06.006558+08:00"", ""order"": 586}",,9740747,DINE_IN,CASH,"[{""productId"": 7, ""name"": ""Pechopak - Meal"", ""price"": 169, ""quantity"": 1, ""discount"": 20}, {""productId"": 7, ""name"": ""Pechopak - Only"", ""price"": 159, ""quantity"": 1, ""discount"": 0}]",294.20,COMPLETED,walk-in,,,False,REGULAR,2026-06-04T03:46:26.098152+08:00,2026-06-04T03:46:26.098152+08:00
587,"{""id"": 548, ""order_detail"": {""id"": 587, ""slip_number"": ""9740748"", ""order_type"": ""DINE_IN"", ""payment_method"": ""GCASH"", ""table_number"": ""1"", ""items_json"": [{""productId"": 8, ""name"": ""Liempo - Unli"", ""price"": 199, ""quantity"": 1, ""discount"": 0}, {""productId"": 3, ""name"": ""Icetea - Icetea Glass"", ""price"": 39, ""quantity"": 1, ""discount"": 0}], ""order_mode"": ""REGULAR""}, ""android_id"": null, ""total"": ""238.00"", ""completed_at"": ""2026-05-18T13:03:20.297775+08:00"", ""order"": 587}",,9740748,DINE_IN,GCASH,"[{""productId"": 8, ""name"": ""Liempo - Unli"", ""price"": 199, ""quantity"": 1, ""discount"": 0}, {""productId"": 3, ""name"": ""Icetea - Icetea Glass"", ""price"": 39, ""quantity"": 1, ""discount"": 0}]",238.00,COMPLETED,walk-in,1,,False,REGULAR,2026-06-04T03:46:26.095150+08:00,2026-06-04T03:46:26.095150+08:00
588,"{""id"": 549, ""order_detail"": {""id"": 588, ""slip_number"": ""9740749"", ""order_type"": ""DINE_IN"", ""payment_method"": ""GCASH"", ""table_number"": ""1"", ""items_json"": [{""productId"": 10, ""name"": ""Leg - Meal"", ""price"": 149, ""quantity"": 1, ""discount"": 0}, {""productId"": 7, ""name"": ""Pechopak - Unli"", ""price"": 179, ""quantity"": 1, ""discount"": 0}], ""order_mode"": ""REGULAR""}, ""android_id"": null, ""total"": ""328.00"", ""completed_at"": ""2026-05-18T16:38:24.232157+08:00"", ""order"": 588}",,9740749,DINE_IN,GCASH,"[{""productId"": 10, ""name"": ""Leg - Meal"", ""price"": 149, ""quantity"": 1, ""discount"": 0}, {""productId"": 7, ""name"": ""Pechopak - Unli"", ""price"": 179, ""quantity"": 1, ""discount"": 0}]",328.00,COMPLETED,walk-in,1,,False,REGULAR,2026-06-04T03:46:26.088172+08:00,2026-06-04T03:46:26.088172+08:00
589,"{""id"": 550, ""order_detail"": {""id"": 589, ""slip_number"": ""9740750"", ""order_type"": ""DINE_IN"", ""payment_method"": ""CASH"", ""table_number"": ""1"", ""items_json"": [{""productId"": 10, ""name"": ""Leg - Meal"", ""price"": 149, ""quantity"": 1, ""discount"": 0}], ""order_mode"": ""REGULAR""}, ""android_id"": null, ""total"": ""149.00"", ""completed_at"": ""2026-05-18T17:40:11.906171+08:00"", ""order"": 589}",,9740750,DINE_IN,CASH,"[{""productId"": 10, ""name"": ""Leg - Meal"", ""price"": 149, ""quantity"": 1, ""discount"": 0}]",149.00,COMPLETED,walk-in,1,,False,REGULAR,2026-06-04T03:46:26.084646+08:00,2026-06-04T03:46:26.084646+08:00
590,"{""id"": 551, ""order_detail"": {""id"": 590, ""slip_number"": ""9740751"", ""order_type"": ""DINE_IN"", ""payment_method"": ""CASH"", ""table_number"": ""1"", ""items_json"": [{""productId"": 10, ""name"": ""Leg - Unli"", ""price"": 159, ""quantity"": 1, ""discount"": 0}, {""productId"": 3, ""name"": ""Icetea - Icetea Glass"", ""price"": 39, ""quantity"": 1, ""discount"": 0}], ""order_mode"": ""REGULAR""}, ""android_id"": null, ""total"": ""198.00"", ""completed_at"": ""2026-05-18T18:51:12.348857+08:00"", ""order"": 590}",,9740751,DINE_IN,CASH,"[{""productId"": 10, ""name"": ""Leg - Unli"", ""price"": 159, ""quantity"": 1, ""discount"": 0}, {""productId"": 3, ""name"": ""Icetea - Icetea Glass"", ""price"": 39, ""quantity"": 1, ""discount"": 0}]",198.00,COMPLETED,walk-in,1,,False,REGULAR,2026-06-04T03:46:26.077062+08:00,2026-06-04T03:46:26.077062+08:00
591,"{""id"": 552, ""order_detail"": {""id"": 591, ""slip_number"": ""9740752"", ""order_type"": ""DINE_IN"", ""payment_method"": ""CASH"", ""table_number"": ""3"", ""items_json"": [{""productId"": 7, ""name"": ""Pechopak - Meal"", ""price"": 169, ""quantity"": 1, ""discount"": 0}, {""productId"": 7, ""name"": ""Pechopak - Unli"", ""price"": 179, ""quantity"": 1, ""discount"": 0}], ""order_mode"": ""REGULAR""}, ""android_id"": null, ""total"": ""348.00"", ""completed_at"": ""2026-05-18T18:51:14.669499+08:00"", ""order"": 591}",,9740752,DINE_IN,CASH,"[{""productId"": 7, ""name"": ""Pechopak - Meal"", ""price"": 169, ""quantity"": 1, ""discount"": 0}, {""productId"": 7, ""name"": ""Pechopak - Unli"", ""price"": 179, ""quantity"": 1, ""discount"": 0}]",348.00,COMPLETED,walk-in,3,,False,REGULAR,2026-06-04T03:46:26.075062+08:00,2026-06-04T03:46:26.075062+08:00
592,"{""id"": 553, ""order_detail"": {""id"": 592, ""slip_number"": ""9740753"", ""order_type"": ""DINE_IN"", ""payment_method"": ""CASH"", ""table_number"": ""4"", ""items_json"": [{""productId"": 8, ""name"": ""Liempo - Unli"", ""price"": 199, ""quantity"": 1, ""discount"": 0}], ""order_mode"": ""REGULAR""}, ""android_id"": null, ""total"": ""199.00"", ""completed_at"": ""2026-05-18T18:51:19.274526+08:00"", ""order"": 592}",,9740753,DINE_IN,CASH,"[{""productId"": 8, ""name"": ""Liempo - Unli"", ""price"": 199, ""quantity"": 1, ""discount"": 0}]",199.00,COMPLETED,walk-in,4,,False,REGULAR,2026-06-04T03:46:26.068549+08:00,2026-06-04T03:46:26.068549+08:00
593,"{""id"": 554, ""order_detail"": {""id"": 593, ""slip_number"": ""9740754"", ""order_type"": ""DINE_IN"", ""payment_method"": ""CASH"", ""table_number"": ""5"", ""items_json"": [{""productId"": 10, ""name"": ""Leg - Meal"", ""price"": 149, ""quantity"": 1, ""discount"": 0}, {""productId"": 7, ""name"": ""Pechopak - Meal"", ""price"": 169, ""quantity"": 1, ""discount"": 0}], ""order_mode"": ""REGULAR""}, ""android_id"": null, ""total"": ""318.00"", ""completed_at"": ""2026-05-18T18:51:23.555089+08:00"", ""order"": 593}",,9740754,DINE_IN,CASH,"[{""productId"": 10, ""name"": ""Leg - Meal"", ""price"": 149, ""quantity"": 1, ""discount"": 0}, {""productId"": 7, ""name"": ""Pechopak - Meal"", ""price"": 169, ""quantity"": 1, ""discount"": 0}]",318.00,COMPLETED,walk-in,5,,False,REGULAR,2026-06-04T03:46:26.065549+08:00,2026-06-04T03:46:26.065549+08:00
594,"{""id"": 555, ""order_detail"": {""id"": 594, ""slip_number"": ""9740755"", ""order_type"": ""DINE_IN"", ""payment_method"": ""CASH"", ""table_number"": ""3"", ""items_json"": [{""productId"": 8, ""name"": ""Liempo - Meal"", ""price"": 189, ""quantity"": 1, ""discount"": 0}, {""productId"": 8, ""name"": ""Liempo - Unli"", ""price"": 199, ""quantity"": 1, ""discount"": 0}, {""productId"": 1, ""name"": ""Coke - Mismo"", ""price"": 25, ""quantity"": 2, ""discount"": 0}], ""order_mode"": ""REGULAR""}, ""android_id"": null, ""total"": ""438.00"", ""completed_at"": ""2026-05-18T18:56:42.777208+08:00"", ""order"": 594}",,9740755,DINE_IN,CASH,"[{""productId"": 8, ""name"": ""Liempo - Meal"", ""price"": 189, ""quantity"": 1, ""discount"": 0}, {""productId"": 8, ""name"": ""Liempo - Unli"", ""price"": 199, ""quantity"": 1, ""discount"": 0}, {""productId"": 1, ""name"": ""Coke - Mismo"", ""price"": 25, ""quantity"": 2, ""discount"": 0}]",438.00,COMPLETED,walk-in,3,,False,REGULAR,2026-06-04T03:46:26.058355+08:00,2026-06-04T03:46:26.058355+08:00
595,"{""id"": 556, ""order_detail"": {""id"": 595, ""slip_number"": ""9740756"", ""order_type"": ""DINE_IN"", ""payment_method"": ""CASH"", ""table_number"": ""1"", ""items_json"": [{""productId"": 10, ""name"": ""Leg - Unli"", ""price"": 159, ""quantity"": 3, ""discount"": 0}, {""productId"": 10, ""name"": ""Leg - Meal"", ""price"": 149, ""quantity"": 3, ""discount"": 0}], ""order_mode"": ""REGULAR""}, ""android_id"": null, ""total"": ""924.00"", ""completed_at"": ""2026-05-18T19:32:47.272283+08:00"", ""order"": 595}",,9740756,DINE_IN,CASH,"[{""productId"": 10, ""name"": ""Leg - Unli"", ""price"": 159, ""quantity"": 3, ""discount"": 0}, {""productId"": 10, ""name"": ""Leg - Meal"", ""price"": 149, ""quantity"": 3, ""discount"": 0}]",924.00,COMPLETED,walk-in,1,,False,REGULAR,2026-06-04T03:46:26.055321+08:00,2026-06-04T03:46:26.055321+08:00
596,"{""id"": 557, ""order_detail"": {""id"": 596, ""slip_number"": ""9740757"", ""order_type"": ""DINE_IN"", ""payment_method"": ""CASH"", ""table_number"": ""1"", ""items_json"": [{""productId"": 7, ""name"": ""Pechopak - Unli"", ""price"": 179, ""quantity"": 1, ""discount"": 0}, {""productId"": 10, ""name"": ""Leg - Meal"", ""price"": 149, ""quantity"": 1, ""discount"": 0}, {""productId"": 1, ""name"": ""Coke - Mismo"", ""price"": 25, ""quantity"": 1, ""discount"": 0}], ""order_mode"": ""REGULAR""}, ""android_id"": null, ""total"": ""353.00"", ""completed_at"": ""2026-05-18T19:52:52.622731+08:00"", ""order"": 596}",,9740757,DINE_IN,CASH,"[{""productId"": 7, ""name"": ""Pechopak - Unli"", ""price"": 179, ""quantity"": 1, ""discount"": 0}, {""productId"": 10, ""name"": ""Leg - Meal"", ""price"": 149, ""quantity"": 1, ""discount"": 0}, {""productId"": 1, ""name"": ""Coke - Mismo"", ""price"": 25, ""quantity"": 1, ""discount"": 0}]",353.00,COMPLETED,walk-in,1,,False,REGULAR,2026-06-04T03:46:26.048283+08:00,2026-06-04T03:46:26.048283+08:00
597,"{""id"": 558, ""order_detail"": {""id"": 597, ""slip_number"": ""9740758"", ""order_type"": ""DINE_IN"", ""payment_method"": ""CASH"", ""table_number"": ""3"", ""items_json"": [{""productId"": 8, ""name"": ""Liempo - Meal"", ""price"": 189, ""quantity"": 2, ""discount"": 0}, {""productId"": 10, ""name"": ""Leg - Meal"", ""price"": 149, ""quantity"": 2, ""discount"": 0}, {""productId"": 5, ""name"": ""Sprite - 1.5"", ""price"": 120, ""quantity"": 1, ""discount"": 0}], ""order_mode"": ""REGULAR""}, ""android_id"": null, ""total"": ""796.00"", ""completed_at"": ""2026-05-18T20:03:52.290726+08:00"", ""order"": 597}",,9740758,DINE_IN,CASH,"[{""productId"": 8, ""name"": ""Liempo - Meal"", ""price"": 189, ""quantity"": 2, ""discount"": 0}, {""productId"": 10, ""name"": ""Leg - Meal"", ""price"": 149, ""quantity"": 2, ""discount"": 0}, {""productId"": 5, ""name"": ""Sprite - 1.5"", ""price"": 120, ""quantity"": 1, ""discount"": 0}]",796.00,COMPLETED,walk-in,3,,False,REGULAR,2026-06-04T03:46:26.045285+08:00,2026-06-04T03:46:26.045285+08:00
598,"{""id"": 559, ""order_detail"": {""id"": 598, ""slip_number"": ""9740759"", ""order_type"": ""DINE_IN"", ""payment_method"": ""CASH"", ""table_number"": ""1"", ""items_json"": [{""productId"": 7, ""name"": ""Pechopak - Unli"", ""price"": 179, ""quantity"": 2, ""discount"": 0}, {""productId"": 3, ""name"": ""Icetea - Icetea Glass"", ""price"": 39, ""quantity"": 2, ""discount"": 0}], ""order_mode"": ""REGULAR""}, ""android_id"": null, ""total"": ""436.00"", ""completed_at"": ""2026-05-18T20:29:34.701236+08:00"", ""order"": 598}",,9740759,DINE_IN,CASH,"[{""productId"": 7, ""name"": ""Pechopak - Unli"", ""price"": 179, ""quantity"": 2, ""discount"": 0}, {""productId"": 3, ""name"": ""Icetea - Icetea Glass"", ""price"": 39, ""quantity"": 2, ""discount"": 0}]",436.00,COMPLETED,walk-in,1,,False,REGULAR,2026-06-04T03:46:26.038015+08:00,2026-06-04T03:46:26.038015+08:00
599,"{""id"": 560, ""order_detail"": {""id"": 599, ""slip_number"": ""9740760"", ""order_type"": ""DINE_IN"", ""payment_method"": ""GCASH"", ""table_number"": ""5"", ""items_json"": [{""productId"": 10, ""name"": ""Leg - Unli"", ""price"": 159, ""quantity"": 1, ""discount"": 0}, {""productId"": 10, ""name"": ""Leg - Meal"", ""price"": 149, ""quantity"": 1, ""discount"": 0}, {""productId"": 7, ""name"": ""Pechopak - Unli"", ""price"": 179, ""quantity"": 2, ""discount"": 0}, {""productId"": 1, ""name"": ""Coke - 1.5"", ""price"": 120, ""quantity"": 1, ""discount"": 0}, {""productId"": 8, ""name"": ""Liempo - Meal"", ""price"": 189, ""quantity"": 1, ""discount"": 0}], ""order_mode"": ""REGULAR""}, ""android_id"": null, ""total"": ""975.00"", ""completed_at"": ""2026-05-18T20:29:56.862373+08:00"", ""order"": 599}",,9740760,DINE_IN,GCASH,"[{""productId"": 10, ""name"": ""Leg - Unli"", ""price"": 159, ""quantity"": 1, ""discount"": 0}, {""productId"": 10, ""name"": ""Leg - Meal"", ""price"": 149, ""quantity"": 1, ""discount"": 0}, {""productId"": 7, ""name"": ""Pechopak - Unli"", ""price"": 179, ""quantity"": 2, ""discount"": 0}, {""productId"": 1, ""name"": ""Coke - 1.5"", ""price"": 120, ""quantity"": 1, ""discount"": 0}, {""productId"": 8, ""name"": ""Liempo - Meal"", ""price"": 189, ""quantity"": 1, ""discount"": 0}]",975.00,COMPLETED,walk-in,5,,False,REGULAR,2026-06-04T03:46:26.035014+08:00,2026-06-04T03:46:26.035014+08:00
600,"{""id"": 561, ""order_detail"": {""id"": 600, ""slip_number"": ""9740761"", ""order_type"": ""DINE_IN"", ""payment_method"": ""GCASH"", ""table_number"": ""1"", ""items_json"": [{""productId"": 9, ""name"": ""BBQ - Unli"", ""price"": 149, ""quantity"": 2, ""discount"": 0}, {""productId"": 3, ""name"": ""Icetea - Icetea Pitcher"", ""price"": 129, ""quantity"": 1, ""discount"": 0}], ""order_mode"": ""REGULAR""}, ""android_id"": null, ""total"": ""427.00"", ""completed_at"": ""2026-05-18T20:49:14.408113+08:00"", ""order"": 600}",,9740761,DINE_IN,GCASH,"[{""productId"": 9, ""name"": ""BBQ - Unli"", ""price"": 149, ""quantity"": 2, ""discount"": 0}, {""productId"": 3, ""name"": ""Icetea - Icetea Pitcher"", ""price"": 129, ""quantity"": 1, ""discount"": 0}]",427.00,COMPLETED,walk-in,1,,False,REGULAR,2026-06-04T03:46:26.028974+08:00,2026-06-04T03:46:26.028974+08:00
601,"{""id"": 562, ""order_detail"": {""id"": 601, ""slip_number"": ""9740762"", ""order_type"": ""DINE_IN"", ""payment_method"": ""CASH"", ""table_number"": ""1"", ""items_json"": [{""productId"": 10, ""name"": ""Leg - Unli"", ""price"": 159, ""quantity"": 3, ""discount"": 0}, {""productId"": 9, ""name"": ""BBQ - Only"", ""price"": 129, ""quantity"": 1, ""discount"": 0}], ""order_mode"": ""REGULAR""}, ""android_id"": null, ""total"": ""606.00"", ""completed_at"": ""2026-05-18T21:26:08.412368+08:00"", ""order"": 601}",,9740762,DINE_IN,CASH,"[{""productId"": 10, ""name"": ""Leg - Unli"", ""price"": 159, ""quantity"": 3, ""discount"": 0}, {""productId"": 9, ""name"": ""BBQ - Only"", ""price"": 129, ""quantity"": 1, ""discount"": 0}]",606.00,COMPLETED,walk-in,1,,False,REGULAR,2026-06-04T03:46:26.026469+08:00,2026-06-04T03:46:26.026469+08:00
602,"{""id"": 563, ""order_detail"": {""id"": 602, ""slip_number"": ""9740763"", ""order_type"": ""TAKE_OUT"", ""payment_method"": ""CASH"", ""table_number"": """", ""items_json"": [{""productId"": 7, ""name"": ""Pechopak - Only"", ""price"": 159, ""quantity"": 1, ""discount"": 0}], ""order_mode"": ""REGULAR""}, ""android_id"": null, ""total"": ""159.00"", ""completed_at"": ""2026-05-18T22:29:09.091691+08:00"", ""order"": 602}",,9740763,TAKE_OUT,CASH,"[{""productId"": 7, ""name"": ""Pechopak - Only"", ""price"": 159, ""quantity"": 1, ""discount"": 0}]",159.00,COMPLETED,walk-in,,,False,REGULAR,2026-06-04T03:46:26.024466+08:00,2026-06-04T03:46:26.024466+08:00
603,"{""id"": 564, ""order_detail"": {""id"": 603, ""slip_number"": ""16"", ""order_type"": ""DINE_IN"", ""payment_method"": """", ""table_number"": """", ""items_json"": [{""productId"": 2, ""name"": ""Rice - Extra"", ""price"": 20, ""quantity"": 40, ""discount"": 0}], ""order_mode"": ""EMPLOYEE""}, ""android_id"": null, ""total"": ""800.00"", ""completed_at"": ""2026-05-18T23:34:47.605388+08:00"", ""order"": 603}",,16,DINE_IN,,"[{""productId"": 2, ""name"": ""Rice - Extra"", ""price"": 20, ""quantity"": 40, ""discount"": 0}]",800.00,COMPLETED,walk-in,,,False,EMPLOYEE,2026-06-04T03:46:26.018908+08:00,2026-06-04T03:46:26.018908+08:00
604,"{""id"": 567, ""order_detail"": {""id"": 604, ""slip_number"": ""9740764"", ""order_type"": ""DINE_IN"", ""payment_method"": ""CASH"", ""table_number"": """", ""items_json"": [{""productId"": 2, ""name"": ""Rice - Extra"", ""price"": 20, ""quantity"": 2, ""discount"": 0}], ""order_mode"": ""REGULAR""}, ""android_id"": null, ""total"": ""40.00"", ""completed_at"": ""2026-05-19T13:34:01.190960+08:00"", ""order"": 604}",,9740764,DINE_IN,CASH,"[{""productId"": 2, ""name"": ""Rice - Extra"", ""price"": 20, ""quantity"": 2, ""discount"": 0}]",40.00,COMPLETED,walk-in,,,False,REGULAR,2026-06-04T03:46:26.016404+08:00,2026-06-04T03:46:26.016404+08:00
605,"{""id"": 566, ""order_detail"": {""id"": 605, ""slip_number"": ""9740765"", ""order_type"": ""DINE_IN"", ""payment_method"": ""CASH"", ""table_number"": """", ""items_json"": [{""productId"": 10, ""name"": ""Leg - Meal"", ""price"": 149, ""quantity"": 1, ""discount"": 0}, {""productId"": 11, ""name"": ""Wings - Only"", ""price"": 119, ""quantity"": 1, ""discount"": 0}], ""order_mode"": ""REGULAR""}, ""android_id"": null, ""total"": ""268.00"", ""completed_at"": ""2026-05-19T13:34:00.342020+08:00"", ""order"": 605}",,9740765,DINE_IN,CASH,"[{""productId"": 10, ""name"": ""Leg - Meal"", ""price"": 149, ""quantity"": 1, ""discount"": 0}, {""productId"": 11, ""name"": ""Wings - Only"", ""price"": 119, ""quantity"": 1, ""discount"": 0}]",268.00,COMPLETED,walk-in,,,False,REGULAR,2026-06-04T03:46:26.014405+08:00,2026-06-04T03:46:26.014405+08:00
606,"{""id"": 568, ""order_detail"": {""id"": 606, ""slip_number"": ""9740766"", ""order_type"": ""DINE_IN"", ""payment_method"": ""CASH"", ""table_number"": ""1"", ""items_json"": [{""productId"": 7, ""name"": ""Pechopak - Meal"", ""price"": 169, ""quantity"": 1, ""discount"": 0}, {""productId"": 3, ""name"": ""Icetea - Icetea Glass"", ""price"": 39, ""quantity"": 1, ""discount"": 0}], ""order_mode"": ""REGULAR""}, ""android_id"": null, ""total"": ""208.00"", ""completed_at"": ""2026-05-19T13:48:00.440583+08:00"", ""order"": 606}",,9740766,DINE_IN,CASH,"[{""productId"": 7, ""name"": ""Pechopak - Meal"", ""price"": 169, ""quantity"": 1, ""discount"": 0}, {""productId"": 3, ""name"": ""Icetea - Icetea Glass"", ""price"": 39, ""quantity"": 1, ""discount"": 0}]",208.00,COMPLETED,walk-in,1,,False,REGULAR,2026-06-04T03:46:26.007827+08:00,2026-06-04T03:46:26.007827+08:00
607,"{""id"": 565, ""order_detail"": {""id"": 607, ""slip_number"": ""9740767"", ""order_type"": ""DINE_IN"", ""payment_method"": ""CASH"", ""table_number"": """", ""items_json"": [{""productId"": 3, ""name"": ""Icetea - Icetea Glass"", ""price"": 39, ""quantity"": 1, ""discount"": 0}, {""productId"": 2, ""name"": ""Rice - Extra"", ""price"": 20, ""quantity"": 1, ""discount"": 0}], ""order_mode"": ""REGULAR""}, ""android_id"": null, ""total"": ""59.00"", ""completed_at"": ""2026-05-19T13:29:22.046516+08:00"", ""order"": 607}",,9740767,DINE_IN,CASH,"[{""productId"": 3, ""name"": ""Icetea - Icetea Glass"", ""price"": 39, ""quantity"": 1, ""discount"": 0}, {""productId"": 2, ""name"": ""Rice - Extra"", ""price"": 20, ""quantity"": 1, ""discount"": 0}]",59.00,COMPLETED,walk-in,,,False,REGULAR,2026-06-04T03:46:26.005828+08:00,2026-06-04T03:46:26.005828+08:00
608,"{""id"": 569, ""order_detail"": {""id"": 608, ""slip_number"": ""9740768"", ""order_type"": ""TAKE_OUT"", ""payment_method"": ""GCASH"", ""table_number"": """", ""items_json"": [{""productId"": 7, ""name"": ""Pechopak - Meal"", ""price"": 169, ""quantity"": 1, ""discount"": 0}, {""productId"": 3, ""name"": ""Icetea - Icetea Glass"", ""price"": 39, ""quantity"": 1, ""discount"": 0}], ""order_mode"": ""REGULAR""}, ""android_id"": null, ""total"": ""208.00"", ""completed_at"": ""2026-05-19T14:41:56.715678+08:00"", ""order"": 608}",,9740768,TAKE_OUT,GCASH,"[{""productId"": 7, ""name"": ""Pechopak - Meal"", ""price"": 169, ""quantity"": 1, ""discount"": 0}, {""productId"": 3, ""name"": ""Icetea - Icetea Glass"", ""price"": 39, ""quantity"": 1, ""discount"": 0}]",208.00,COMPLETED,walk-in,,,False,REGULAR,2026-06-04T03:46:25.998562+08:00,2026-06-04T03:46:25.998562+08:00
609,"{""id"": 576, ""order_detail"": {""id"": 609, ""slip_number"": ""9740769"", ""order_type"": ""DINE_IN"", ""payment_method"": ""CASH"", ""table_number"": ""4"", ""items_json"": [{""productId"": 7, ""name"": ""Pechopak - Unli"", ""price"": 179, ""quantity"": 2, ""discount"": 0}, {""productId"": 3, ""name"": ""Icetea - Icetea Glass"", ""price"": 39, ""quantity"": 2, ""discount"": 0}], ""order_mode"": ""REGULAR""}, ""android_id"": null, ""total"": ""436.00"", ""completed_at"": ""2026-05-19T18:03:11.790875+08:00"", ""order"": 609}",,9740769,DINE_IN,CASH,"[{""productId"": 7, ""name"": ""Pechopak - Unli"", ""price"": 179, ""quantity"": 2, ""discount"": 0}, {""productId"": 3, ""name"": ""Icetea - Icetea Glass"", ""price"": 39, ""quantity"": 2, ""discount"": 0}]",436.00,COMPLETED,walk-in,4,,False,REGULAR,2026-06-04T03:46:25.995336+08:00,2026-06-04T03:46:25.995336+08:00
610,"{""id"": 571, ""order_detail"": {""id"": 610, ""slip_number"": ""9740770"", ""order_type"": ""DINE_IN"", ""payment_method"": ""CASH"", ""table_number"": ""5"", ""items_json"": [{""productId"": 7, ""name"": ""Pechopak - Meal"", ""price"": 169, ""quantity"": 1, ""discount"": 0}, {""productId"": 7, ""name"": ""Pechopak - Unli"", ""price"": 179, ""quantity"": 1, ""discount"": 0}, {""productId"": 12, ""name"": ""Water - Bottled"", ""price"": 20, ""quantity"": 2, ""discount"": 0}], ""order_mode"": ""REGULAR""}, ""android_id"": null, ""total"": ""388.00"", ""completed_at"": ""2026-05-19T17:56:00.084783+08:00"", ""order"": 610}",,9740770,DINE_IN,CASH,"[{""productId"": 7, ""name"": ""Pechopak - Meal"", ""price"": 169, ""quantity"": 1, ""discount"": 0}, {""productId"": 7, ""name"": ""Pechopak - Unli"", ""price"": 179, ""quantity"": 1, ""discount"": 0}, {""productId"": 12, ""name"": ""Water - Bottled"", ""price"": 20, ""quantity"": 2, ""discount"": 0}]",388.00,COMPLETED,walk-in,5,,False,REGULAR,2026-06-04T03:46:25.986826+08:00,2026-06-04T03:46:25.986826+08:00
611,"{""id"": 570, ""order_detail"": {""id"": 611, ""slip_number"": ""9740771"", ""order_type"": ""DINE_IN"", ""payment_method"": ""GCASH"", ""table_number"": ""1"", ""items_json"": [{""productId"": 7, ""name"": ""Pechopak - Unli"", ""price"": 179, ""quantity"": 2, ""discount"": 0}, {""productId"": 5, ""name"": ""Sprite - 1.5"", ""price"": 120, ""quantity"": 1, ""discount"": 0}], ""order_mode"": ""REGULAR""}, ""android_id"": null, ""total"": ""478.00"", ""completed_at"": ""2026-05-19T17:53:30.707795+08:00"", ""order"": 611}",,9740771,DINE_IN,GCASH,"[{""productId"": 7, ""name"": ""Pechopak - Unli"", ""price"": 179, ""quantity"": 2, ""discount"": 0}, {""productId"": 5, ""name"": ""Sprite - 1.5"", ""price"": 120, ""quantity"": 1, ""discount"": 0}]",478.00,COMPLETED,walk-in,1,,False,REGULAR,2026-06-04T03:46:25.978014+08:00,2026-06-04T03:46:25.978014+08:00
612,"{""id"": 575, ""order_detail"": {""id"": 612, ""slip_number"": ""9740772"", ""order_type"": ""DINE_IN"", ""payment_method"": ""CASH"", ""table_number"": ""3"", ""items_json"": [{""productId"": 7, ""name"": ""Pechopak - Unli"", ""price"": 179, ""quantity"": 1, ""discount"": 20}], ""order_mode"": ""REGULAR""}, ""android_id"": null, ""total"": ""143.20"", ""completed_at"": ""2026-05-19T18:03:04.796143+08:00"", ""order"": 612}",,9740772,DINE_IN,CASH,"[{""productId"": 7, ""name"": ""Pechopak - Unli"", ""price"": 179, ""quantity"": 1, ""discount"": 20}]",143.20,COMPLETED,walk-in,3,,False,REGULAR,2026-06-04T03:46:25.975743+08:00,2026-06-04T03:46:25.975743+08:00
613,"{""id"": 574, ""order_detail"": {""id"": 613, ""slip_number"": ""9740773"", ""order_type"": ""DINE_IN"", ""payment_method"": ""CASH"", ""table_number"": ""3"", ""items_json"": [{""productId"": 7, ""name"": ""Pechopak - Unli"", ""price"": 179, ""quantity"": 1, ""discount"": 0}], ""order_mode"": ""REGULAR""}, ""android_id"": null, ""total"": ""179.00"", ""completed_at"": ""2026-05-19T18:03:01.830604+08:00"", ""order"": 613}",,9740773,DINE_IN,CASH,"[{""productId"": 7, ""name"": ""Pechopak - Unli"", ""price"": 179, ""quantity"": 1, ""discount"": 0}]",179.00,COMPLETED,walk-in,3,,False,REGULAR,2026-06-04T03:46:25.969743+08:00,2026-06-04T03:46:25.969743+08:00
614,"{""id"": 572, ""order_detail"": {""id"": 614, ""slip_number"": ""9740774"", ""order_type"": ""DINE_IN"", ""payment_method"": ""CASH"", ""table_number"": """", ""items_json"": [{""productId"": 3, ""name"": ""Icetea - Icetea Glass"", ""price"": 39, ""quantity"": 1, ""discount"": 0}], ""order_mode"": ""REGULAR""}, ""android_id"": null, ""total"": ""39.00"", ""completed_at"": ""2026-05-19T17:56:04.497857+08:00"", ""order"": 614}",,9740774,DINE_IN,CASH,"[{""productId"": 3, ""name"": ""Icetea - Icetea Glass"", ""price"": 39, ""quantity"": 1, ""discount"": 0}]",39.00,COMPLETED,walk-in,,,False,REGULAR,2026-06-04T03:46:25.965532+08:00,2026-06-04T03:46:25.965532+08:00
615,"{""id"": 573, ""order_detail"": {""id"": 615, ""slip_number"": ""9740775"", ""order_type"": ""DINE_IN"", ""payment_method"": ""CASH"", ""table_number"": ""1"", ""items_json"": [{""productId"": 10, ""name"": ""Leg - Unli"", ""price"": 159, ""quantity"": 1, ""discount"": 0}, {""productId"": 1, ""name"": ""Coke - Mismo"", ""price"": 25, ""quantity"": 1, ""discount"": 0}], ""order_mode"": ""REGULAR""}, ""android_id"": null, ""total"": ""184.00"", ""completed_at"": ""2026-05-19T18:02:24.751408+08:00"", ""order"": 615}",,9740775,DINE_IN,CASH,"[{""productId"": 10, ""name"": ""Leg - Unli"", ""price"": 159, ""quantity"": 1, ""discount"": 0}, {""productId"": 1, ""name"": ""Coke - Mismo"", ""price"": 25, ""quantity"": 1, ""discount"": 0}]",184.00,COMPLETED,walk-in,1,,False,REGULAR,2026-06-04T03:46:25.959015+08:00,2026-06-04T03:46:25.959015+08:00
616,"{""id"": 577, ""order_detail"": {""id"": 616, ""slip_number"": ""9740776"", ""order_type"": ""TAKE_OUT"", ""payment_method"": ""CASH"", ""table_number"": ""5"", ""items_json"": [{""productId"": 10, ""name"": ""Leg - Unli"", ""price"": 159, ""quantity"": 1, ""discount"": 0}, {""productId"": 8, ""name"": ""Liempo - Meal"", ""price"": 189, ""quantity"": 1, ""discount"": 0}], ""order_mode"": ""REGULAR""}, ""android_id"": null, ""total"": ""348.00"", ""completed_at"": ""2026-05-19T18:19:08.909437+08:00"", ""order"": 616}",,9740776,TAKE_OUT,CASH,"[{""productId"": 10, ""name"": ""Leg - Unli"", ""price"": 159, ""quantity"": 1, ""discount"": 0}, {""productId"": 8, ""name"": ""Liempo - Meal"", ""price"": 189, ""quantity"": 1, ""discount"": 0}]",348.00,COMPLETED,walk-in,5,,False,REGULAR,2026-06-04T03:46:25.955499+08:00,2026-06-04T03:46:25.955499+08:00
617,"{""id"": 578, ""order_detail"": {""id"": 617, ""slip_number"": ""9740777"", ""order_type"": ""DINE_IN"", ""payment_method"": ""CASH"", ""table_number"": """", ""items_json"": [{""productId"": 3, ""name"": ""Icetea - Icetea Glass"", ""price"": 39, ""quantity"": 1, ""discount"": 0}], ""order_mode"": ""REGULAR""}, ""android_id"": null, ""total"": ""39.00"", ""completed_at"": ""2026-05-19T18:19:12.066891+08:00"", ""order"": 617}",,9740777,DINE_IN,CASH,"[{""productId"": 3, ""name"": ""Icetea - Icetea Glass"", ""price"": 39, ""quantity"": 1, ""discount"": 0}]",39.00,COMPLETED,walk-in,,,False,REGULAR,2026-06-04T03:46:25.948499+08:00,2026-06-04T03:46:25.948499+08:00
618,"{""id"": 580, ""order_detail"": {""id"": 618, ""slip_number"": ""9740778"", ""order_type"": ""DINE_IN"", ""payment_method"": ""CASH"", ""table_number"": ""5"", ""items_json"": [{""productId"": 7, ""name"": ""Pechopak - Unli"", ""price"": 179, ""quantity"": 1, ""discount"": 0}], ""order_mode"": ""REGULAR""}, ""android_id"": null, ""total"": ""179.00"", ""completed_at"": ""2026-05-19T18:42:51.558776+08:00"", ""order"": 618}",,9740778,DINE_IN,CASH,"[{""productId"": 7, ""name"": ""Pechopak - Unli"", ""price"": 179, ""quantity"": 1, ""discount"": 0}]",179.00,COMPLETED,walk-in,5,,False,REGULAR,2026-06-04T03:46:25.944980+08:00,2026-06-04T03:46:25.944980+08:00
619,"{""id"": 581, ""order_detail"": {""id"": 619, ""slip_number"": ""9740779"", ""order_type"": ""DINE_IN"", ""payment_method"": ""CASH"", ""table_number"": ""4"", ""items_json"": [{""productId"": 11, ""name"": ""Wings - Unli"", ""price"": 139, ""quantity"": 1, ""discount"": 20}, {""productId"": 8, ""name"": ""Liempo - Meal"", ""price"": 189, ""quantity"": 1, ""discount"": 20}, {""productId"": 3, ""name"": ""Icetea - Icetea Glass"", ""price"": 39, ""quantity"": 2, ""discount"": 20}], ""order_mode"": ""REGULAR""}, ""android_id"": null, ""total"": ""324.80"", ""completed_at"": ""2026-05-19T18:49:33.425811+08:00"", ""order"": 619}",,9740779,DINE_IN,CASH,"[{""productId"": 11, ""name"": ""Wings - Unli"", ""price"": 139, ""quantity"": 1, ""discount"": 20}, {""productId"": 8, ""name"": ""Liempo - Meal"", ""price"": 189, ""quantity"": 1, ""discount"": 20}, {""productId"": 3, ""name"": ""Icetea - Icetea Glass"", ""price"": 39, ""quantity"": 2, ""discount"": 20}]",324.80,COMPLETED,walk-in,4,,False,REGULAR,2026-06-04T03:46:25.918932+08:00,2026-06-04T03:46:25.918932+08:00
620,"{""id"": 579, ""order_detail"": {""id"": 620, ""slip_number"": ""17"", ""order_type"": ""DINE_IN"", ""payment_method"": """", ""table_number"": """", ""items_json"": [{""productId"": 2, ""name"": ""Rice - Extra"", ""price"": 20, ""quantity"": 18, ""discount"": 0}], ""order_mode"": ""EMPLOYEE""}, ""android_id"": null, ""total"": ""360.00"", ""completed_at"": ""2026-05-19T18:41:05.720369+08:00"", ""order"": 620}",,17,DINE_IN,,"[{""productId"": 2, ""name"": ""Rice - Extra"", ""price"": 20, ""quantity"": 18, ""discount"": 0}]",360.00,COMPLETED,walk-in,,,False,EMPLOYEE,2026-06-04T03:46:25.915935+08:00,2026-06-04T03:46:25.915935+08:00
621,"{""id"": 582, ""order_detail"": {""id"": 621, ""slip_number"": ""18"", ""order_type"": ""DINE_IN"", ""payment_method"": """", ""table_number"": """", ""items_json"": [{""productId"": 2, ""name"": ""Rice - Extra"", ""price"": 20, ""quantity"": 3, ""discount"": 0}], ""order_mode"": ""EMPLOYEE""}, ""android_id"": null, ""total"": ""60.00"", ""completed_at"": ""2026-05-19T19:47:18.490258+08:00"", ""order"": 621}",,18,DINE_IN,,"[{""productId"": 2, ""name"": ""Rice - Extra"", ""price"": 20, ""quantity"": 3, ""discount"": 0}]",60.00,COMPLETED,walk-in,,,False,EMPLOYEE,2026-06-04T03:46:25.907903+08:00,2026-06-04T03:46:25.907903+08:00
622,"{""id"": 583, ""order_detail"": {""id"": 622, ""slip_number"": ""9740780"", ""order_type"": ""DINE_IN"", ""payment_method"": ""CASH"", ""table_number"": ""4"", ""items_json"": [{""productId"": 10, ""name"": ""Leg - Meal"", ""price"": 149, ""quantity"": 2, ""discount"": 0}, {""productId"": 8, ""name"": ""Liempo - Unli"", ""price"": 199, ""quantity"": 1, ""discount"": 0}, {""productId"": 8, ""name"": ""Liempo - Meal"", ""price"": 189, ""quantity"": 1, ""discount"": 0}, {""productId"": 3, ""name"": ""Icetea - Icetea Pitcher"", ""price"": 129, ""quantity"": 1, ""discount"": 0}], ""order_mode"": ""REGULAR""}, ""android_id"": null, ""total"": ""815.00"", ""completed_at"": ""2026-05-19T20:11:57.997519+08:00"", ""order"": 622}",,9740780,DINE_IN,CASH,"[{""productId"": 10, ""name"": ""Leg - Meal"", ""price"": 149, ""quantity"": 2, ""discount"": 0}, {""productId"": 8, ""name"": ""Liempo - Unli"", ""price"": 199, ""quantity"": 1, ""discount"": 0}, {""productId"": 8, ""name"": ""Liempo - Meal"", ""price"": 189, ""quantity"": 1, ""discount"": 0}, {""productId"": 3, ""name"": ""Icetea - Icetea Pitcher"", ""price"": 129, ""quantity"": 1, ""discount"": 0}]",815.00,COMPLETED,walk-in,4,,False,REGULAR,2026-06-04T03:46:25.904898+08:00,2026-06-04T03:46:25.904898+08:00
623,"{""id"": 584, ""order_detail"": {""id"": 623, ""slip_number"": ""9740781"", ""order_type"": ""DINE_IN"", ""payment_method"": ""CASH"", ""table_number"": ""5"", ""items_json"": [{""productId"": 7, ""name"": ""Pechopak - Unli"", ""price"": 179, ""quantity"": 1, ""discount"": 0}], ""order_mode"": ""REGULAR""}, ""android_id"": null, ""total"": ""179.00"", ""completed_at"": ""2026-05-19T20:41:13.142449+08:00"", ""order"": 623}",,9740781,DINE_IN,CASH,"[{""productId"": 7, ""name"": ""Pechopak - Unli"", ""price"": 179, ""quantity"": 1, ""discount"": 0}]",179.00,COMPLETED,walk-in,5,,False,REGULAR,2026-06-04T03:46:25.896388+08:00,2026-06-04T03:46:25.896388+08:00
624,"{""id"": 585, ""order_detail"": {""id"": 624, ""slip_number"": ""9740782"", ""order_type"": ""DINE_IN"", ""payment_method"": ""CASH"", ""table_number"": ""1"", ""items_json"": [{""productId"": 7, ""name"": ""Pechopak - Unli"", ""price"": 179, ""quantity"": 1, ""discount"": 0}, {""productId"": 1, ""name"": ""Coke - 1.5"", ""price"": 120, ""quantity"": 1}], ""order_mode"": ""REGULAR""}, ""android_id"": null, ""total"": ""299.00"", ""completed_at"": ""2026-05-19T20:41:15.013166+08:00"", ""order"": 624}",,9740782,DINE_IN,CASH,"[{""productId"": 7, ""name"": ""Pechopak - Unli"", ""price"": 179, ""quantity"": 1, ""discount"": 0}, {""productId"": 1, ""name"": ""Coke - 1.5"", ""price"": 120, ""quantity"": 1}]",299.00,COMPLETED,walk-in,1,,False,REGULAR,2026-06-04T03:46:25.873897+08:00,2026-06-04T03:46:25.873897+08:00
625,"{""id"": 586, ""order_detail"": {""id"": 625, ""slip_number"": ""9740783"", ""order_type"": ""DINE_IN"", ""payment_method"": ""GCASH"", ""table_number"": ""1"", ""items_json"": [{""productId"": 7, ""name"": ""Pechopak - Unli"", ""price"": 179, ""quantity"": 1, ""discount"": 0}, {""productId"": 11, ""name"": ""Wings - Unli"", ""price"": 139, ""quantity"": 1, ""discount"": 0}], ""order_mode"": ""REGULAR""}, ""android_id"": null, ""total"": ""318.00"", ""completed_at"": ""2026-05-19T20:41:16.365035+08:00"", ""order"": 625}",,9740783,DINE_IN,GCASH,"[{""productId"": 7, ""name"": ""Pechopak - Unli"", ""price"": 179, ""quantity"": 1, ""discount"": 0}, {""productId"": 11, ""name"": ""Wings - Unli"", ""price"": 139, ""quantity"": 1, ""discount"": 0}]",318.00,COMPLETED,walk-in,1,,False,REGULAR,2026-06-04T03:46:25.870415+08:00,2026-06-04T03:46:25.870415+08:00
626,,,9740784,DINE_IN,CASH,"[{""productId"": 7, ""name"": ""Pechopak - Unli"", ""price"": 179, ""quantity"": 1, ""discount"": 0}]",179.00,VOIDED,walk-in,1,,False,REGULAR,2026-06-04T03:46:25.863411+08:00,2026-06-04T03:46:25.863411+08:00
627,"{""id"": 587, ""order_detail"": {""id"": 627, ""slip_number"": ""9740784"", ""order_type"": ""DINE_IN"", ""payment_method"": ""CASH"", ""table_number"": ""1"", ""items_json"": [{""productId"": 7, ""name"": ""Pechopak - Unli"", ""price"": 179, ""quantity"": 1, ""discount"": 0}, {""productId"": 10, ""name"": ""Leg - Unli"", ""price"": 159, ""quantity"": 1, ""discount"": 0}], ""order_mode"": ""REGULAR""}, ""android_id"": null, ""total"": ""338.00"", ""completed_at"": ""2026-05-19T20:41:17.450377+08:00"", ""order"": 627}",,9740784,DINE_IN,CASH,"[{""productId"": 7, ""name"": ""Pechopak - Unli"", ""price"": 179, ""quantity"": 1, ""discount"": 0}, {""productId"": 10, ""name"": ""Leg - Unli"", ""price"": 159, ""quantity"": 1, ""discount"": 0}]",338.00,COMPLETED,walk-in,1,,False,REGULAR,2026-06-04T03:46:25.860896+08:00,2026-06-04T03:46:25.860896+08:00
628,,,9740785,DINE_IN,CASH,"[{""productId"": 10, ""name"": ""Leg - Meal"", ""price"": 149, ""quantity"": 1, ""discount"": 0}]",149.00,VOIDED,walk-in,5,,False,REGULAR,2026-06-04T03:46:25.853890+08:00,2026-06-04T03:46:25.853890+08:00
629,"{""id"": 588, ""order_detail"": {""id"": 629, ""slip_number"": ""9740785"", ""order_type"": ""TAKE_OUT"", ""payment_method"": ""CASH"", ""table_number"": ""5"", ""items_json"": [{""productId"": 10, ""name"": ""Leg - Meal"", ""price"": 149, ""quantity"": 1, ""discount"": 0}], ""order_mode"": ""REGULAR""}, ""android_id"": null, ""total"": ""149.00"", ""completed_at"": ""2026-05-19T20:48:13.377101+08:00"", ""order"": 629}",,9740785,TAKE_OUT,CASH,"[{""productId"": 10, ""name"": ""Leg - Meal"", ""price"": 149, ""quantity"": 1, ""discount"": 0}]",149.00,COMPLETED,walk-in,5,,False,REGULAR,2026-06-04T03:46:25.851389+08:00,2026-06-04T03:46:25.851389+08:00
630,"{""id"": 590, ""order_detail"": {""id"": 630, ""slip_number"": ""9740786"", ""order_type"": ""DINE_IN"", ""payment_method"": ""CASH"", ""table_number"": ""3"", ""items_json"": [{""productId"": 7, ""name"": ""Pechopak - Unli"", ""price"": 179, ""quantity"": 1, ""discount"": 0}], ""order_mode"": ""REGULAR""}, ""android_id"": null, ""total"": ""179.00"", ""completed_at"": ""2026-05-19T22:16:28.078966+08:00"", ""order"": 630}",,9740786,DINE_IN,CASH,"[{""productId"": 7, ""name"": ""Pechopak - Unli"", ""price"": 179, ""quantity"": 1, ""discount"": 0}]",179.00,COMPLETED,walk-in,3,,False,REGULAR,2026-06-04T03:46:25.843200+08:00,2026-06-04T03:46:25.843200+08:00
631,"{""id"": 589, ""order_detail"": {""id"": 631, ""slip_number"": ""9740787"", ""order_type"": ""DINE_IN"", ""payment_method"": ""GCASH"", ""table_number"": ""4"", ""items_json"": [{""productId"": 8, ""name"": ""Liempo - Unli"", ""price"": 199, ""quantity"": 1, ""discount"": 0}, {""productId"": 3, ""name"": ""Icetea - Icetea Glass"", ""price"": 39, ""quantity"": 1, ""discount"": 0}], ""order_mode"": ""REGULAR""}, ""android_id"": null, ""total"": ""238.00"", ""completed_at"": ""2026-05-19T22:11:18.170703+08:00"", ""order"": 631}",,9740787,DINE_IN,GCASH,"[{""productId"": 8, ""name"": ""Liempo - Unli"", ""price"": 199, ""quantity"": 1, ""discount"": 0}, {""productId"": 3, ""name"": ""Icetea - Icetea Glass"", ""price"": 39, ""quantity"": 1, ""discount"": 0}]",238.00,COMPLETED,walk-in,4,,False,REGULAR,2026-06-04T03:46:25.833020+08:00,2026-06-04T03:46:25.833020+08:00
632,"{""id"": 591, ""order_detail"": {""id"": 632, ""slip_number"": ""9740788"", ""order_type"": ""DINE_IN"", ""payment_method"": ""CASH"", ""table_number"": ""5"", ""items_json"": [{""productId"": 7, ""name"": ""Pechopak - Meal"", ""price"": 169, ""quantity"": 4, ""discount"": 0}], ""order_mode"": ""REGULAR""}, ""android_id"": null, ""total"": ""676.00"", ""completed_at"": ""2026-05-19T22:40:26.860462+08:00"", ""order"": 632}",,9740788,DINE_IN,CASH,"[{""productId"": 7, ""name"": ""Pechopak - Meal"", ""price"": 169, ""quantity"": 4, ""discount"": 0}]",676.00,COMPLETED,walk-in,5,,False,REGULAR,2026-06-04T03:46:25.822664+08:00,2026-06-04T03:46:25.822664+08:00
633,"{""id"": 592, ""order_detail"": {""id"": 633, ""slip_number"": ""9740789"", ""order_type"": ""DINE_IN"", ""payment_method"": ""CASH"", ""table_number"": ""1"", ""items_json"": [{""productId"": 9, ""name"": ""BBQ - Meal"", ""price"": 139, ""quantity"": 1, ""discount"": 0}, {""productId"": 11, ""name"": ""Wings - Meal"", ""price"": 129, ""quantity"": 1, ""discount"": 0}], ""order_mode"": ""REGULAR""}, ""android_id"": null, ""total"": ""268.00"", ""completed_at"": ""2026-05-19T22:49:55.505300+08:00"", ""order"": 633}",,9740789,DINE_IN,CASH,"[{""productId"": 9, ""name"": ""BBQ - Meal"", ""price"": 139, ""quantity"": 1, ""discount"": 0}, {""productId"": 11, ""name"": ""Wings - Meal"", ""price"": 129, ""quantity"": 1, ""discount"": 0}]",268.00,COMPLETED,walk-in,1,,False,REGULAR,2026-06-04T03:46:25.819663+08:00,2026-06-04T03:46:25.819663+08:00
634,"{""id"": 593, ""order_detail"": {""id"": 634, ""slip_number"": ""9740790"", ""order_type"": ""DINE_IN"", ""payment_method"": ""CASH"", ""table_number"": """", ""items_json"": [{""productId"": 10, ""name"": ""Leg - Unli"", ""price"": 159, ""quantity"": 5, ""discount"": 0}, {""productId"": 7, ""name"": ""Pechopak - Meal"", ""price"": 169, ""quantity"": 1, ""discount"": 0}], ""order_mode"": ""REGULAR""}, ""android_id"": null, ""total"": ""964.00"", ""completed_at"": ""2026-05-19T22:56:37.958482+08:00"", ""order"": 634}",,9740790,DINE_IN,CASH,"[{""productId"": 10, ""name"": ""Leg - Unli"", ""price"": 159, ""quantity"": 5, ""discount"": 0}, {""productId"": 7, ""name"": ""Pechopak - Meal"", ""price"": 169, ""quantity"": 1, ""discount"": 0}]",964.00,COMPLETED,walk-in,,,False,REGULAR,2026-06-04T03:46:25.804668+08:00,2026-06-04T03:46:25.804668+08:00
635,"{""id"": 594, ""order_detail"": {""id"": 635, ""slip_number"": ""9740791"", ""order_type"": ""DINE_IN"", ""payment_method"": ""CASH"", ""table_number"": """", ""items_json"": [{""productId"": 11, ""name"": ""Wings - Unli"", ""price"": 139, ""quantity"": 1, ""discount"": 0}, {""productId"": 3, ""name"": ""Icetea - Icetea Glass"", ""price"": 39, ""quantity"": 1, ""discount"": 0}, {""productId"": 11, ""name"": ""Wings - Meal"", ""price"": 129, ""quantity"": 1, ""discount"": 0}], ""order_mode"": ""REGULAR""}, ""android_id"": null, ""total"": ""307.00"", ""completed_at"": ""2026-05-19T22:57:06.962329+08:00"", ""order"": 635}",,9740791,DINE_IN,CASH,"[{""productId"": 11, ""name"": ""Wings - Unli"", ""price"": 139, ""quantity"": 1, ""discount"": 0}, {""productId"": 3, ""name"": ""Icetea - Icetea Glass"", ""price"": 39, ""quantity"": 1, ""discount"": 0}, {""productId"": 11, ""name"": ""Wings - Meal"", ""price"": 129, ""quantity"": 1, ""discount"": 0}]",307.00,COMPLETED,walk-in,,,False,REGULAR,2026-06-04T03:46:25.800779+08:00,2026-06-04T03:46:25.800779+08:00
636,"{""id"": 595, ""order_detail"": {""id"": 636, ""slip_number"": ""9740792"", ""order_type"": ""DINE_IN"", ""payment_method"": ""CASH"", ""table_number"": """", ""items_json"": [{""productId"": 3, ""name"": ""Icetea - Icetea Pitcher"", ""price"": 129, ""quantity"": 1, ""discount"": 0}, {""productId"": 7, ""name"": ""Pechopak - Unli"", ""price"": 179, ""quantity"": 1, ""discount"": 0}], ""order_mode"": ""REGULAR""}, ""android_id"": null, ""total"": ""308.00"", ""completed_at"": ""2026-05-19T22:57:13.674983+08:00"", ""order"": 636}",,9740792,DINE_IN,CASH,"[{""productId"": 3, ""name"": ""Icetea - Icetea Pitcher"", ""price"": 129, ""quantity"": 1, ""discount"": 0}, {""productId"": 7, ""name"": ""Pechopak - Unli"", ""price"": 179, ""quantity"": 1, ""discount"": 0}]",308.00,COMPLETED,walk-in,,,False,REGULAR,2026-06-04T03:46:25.784252+08:00,2026-06-04T03:46:25.784252+08:00
637,"{""id"": 596, ""order_detail"": {""id"": 637, ""slip_number"": ""9740793"", ""order_type"": ""DINE_IN"", ""payment_method"": ""CASH"", ""table_number"": """", ""items_json"": [{""productId"": 7, ""name"": ""Pechopak - Unli"", ""price"": 179, ""quantity"": 1, ""discount"": 0}, {""productId"": 9, ""name"": ""BBQ - Meal"", ""price"": 139, ""quantity"": 1, ""discount"": 0}], ""order_mode"": ""REGULAR""}, ""android_id"": null, ""total"": ""318.00"", ""completed_at"": ""2026-05-19T22:57:20.153601+08:00"", ""order"": 637}",,9740793,DINE_IN,CASH,"[{""productId"": 7, ""name"": ""Pechopak - Unli"", ""price"": 179, ""quantity"": 1, ""discount"": 0}, {""productId"": 9, ""name"": ""BBQ - Meal"", ""price"": 139, ""quantity"": 1, ""discount"": 0}]",318.00,COMPLETED,walk-in,,,False,REGULAR,2026-06-04T03:46:25.770848+08:00,2026-06-04T03:46:25.770848+08:00
638,"{""id"": 597, ""order_detail"": {""id"": 638, ""slip_number"": ""9740794"", ""order_type"": ""DINE_IN"", ""payment_method"": ""CASH"", ""table_number"": ""1"", ""items_json"": [{""productId"": 10, ""name"": ""Leg - Unli"", ""price"": 159, ""quantity"": 1, ""discount"": 0}, {""productId"": 10, ""name"": ""Leg - Only"", ""price"": 139, ""quantity"": 1, ""discount"": 0}], ""order_mode"": ""REGULAR""}, ""android_id"": null, ""total"": ""298.00"", ""completed_at"": ""2026-05-20T10:59:59.755418+08:00"", ""order"": 638}",,9740794,DINE_IN,CASH,"[{""productId"": 10, ""name"": ""Leg - Unli"", ""price"": 159, ""quantity"": 1, ""discount"": 0}, {""productId"": 10, ""name"": ""Leg - Only"", ""price"": 139, ""quantity"": 1, ""discount"": 0}]",298.00,COMPLETED,walk-in,1,,False,REGULAR,2026-06-04T03:46:25.763423+08:00,2026-06-04T03:46:25.763423+08:00
639,"{""id"": 598, ""order_detail"": {""id"": 639, ""slip_number"": ""9740795"", ""order_type"": ""DINE_IN"", ""payment_method"": ""CASH"", ""table_number"": ""1"", ""items_json"": [{""productId"": 7, ""name"": ""Pechopak - Unli"", ""price"": 179, ""quantity"": 11, ""discount"": 0}, {""productId"": 3, ""name"": ""Icetea - Icetea Pitcher"", ""price"": 129, ""quantity"": 3, ""discount"": 0}], ""order_mode"": ""REGULAR""}, ""android_id"": null, ""total"": ""2356.00"", ""completed_at"": ""2026-05-20T12:02:31.043460+08:00"", ""order"": 639}",,9740795,DINE_IN,CASH,"[{""productId"": 7, ""name"": ""Pechopak - Unli"", ""price"": 179, ""quantity"": 11, ""discount"": 0}, {""productId"": 3, ""name"": ""Icetea - Icetea Pitcher"", ""price"": 129, ""quantity"": 3, ""discount"": 0}]",2356.00,COMPLETED,walk-in,1,,False,REGULAR,2026-06-04T03:46:25.760415+08:00,2026-06-04T03:46:25.760415+08:00
640,,,9740796,DINE_IN,CASH,"[{""productId"": 7, ""name"": ""Pechopak - Unli"", ""price"": 179, ""quantity"": 1, ""discount"": 0}]",179.00,VOIDED,walk-in,1,,False,REGULAR,2026-06-04T03:46:25.733128+08:00,2026-06-04T03:46:25.733128+08:00
641,"{""id"": 599, ""order_detail"": {""id"": 641, ""slip_number"": ""9740797"", ""order_type"": ""TAKE_OUT"", ""payment_method"": ""CASH"", ""table_number"": ""2"", ""items_json"": [{""productId"": 10, ""name"": ""Leg - Meal"", ""price"": 149, ""quantity"": 1, ""discount"": 0}], ""order_mode"": ""REGULAR""}, ""android_id"": null, ""total"": ""149.00"", ""completed_at"": ""2026-05-20T12:32:14.066195+08:00"", ""order"": 641}",,9740797,TAKE_OUT,CASH,"[{""productId"": 10, ""name"": ""Leg - Meal"", ""price"": 149, ""quantity"": 1, ""discount"": 0}]",149.00,COMPLETED,walk-in,2,,False,REGULAR,2026-06-04T03:46:25.722991+08:00,2026-06-04T03:46:25.722991+08:00
642,"{""id"": 603, ""order_detail"": {""id"": 642, ""slip_number"": ""9740798"", ""order_type"": ""TAKE_OUT"", ""payment_method"": ""CASH"", ""table_number"": """", ""items_json"": [{""productId"": 7, ""name"": ""Pechopak - Unli"", ""price"": 179, ""quantity"": 1, ""discount"": 0}], ""order_mode"": ""REGULAR""}, ""android_id"": null, ""total"": ""179.00"", ""completed_at"": ""2026-05-20T14:58:02.277179+08:00"", ""order"": 642}",,9740798,TAKE_OUT,CASH,"[{""productId"": 7, ""name"": ""Pechopak - Unli"", ""price"": 179, ""quantity"": 1, ""discount"": 0}]",179.00,COMPLETED,walk-in,,,False,REGULAR,2026-06-04T03:46:25.719986+08:00,2026-06-04T03:46:25.719986+08:00
643,"{""id"": 600, ""order_detail"": {""id"": 643, ""slip_number"": ""9740799"", ""order_type"": ""DINE_IN"", ""payment_method"": ""CASH"", ""table_number"": ""1"", ""items_json"": [{""productId"": 7, ""name"": ""Pechopak - Unli"", ""price"": 179, ""quantity"": 1, ""discount"": 0}], ""order_mode"": ""REGULAR""}, ""android_id"": null, ""total"": ""179.00"", ""completed_at"": ""2026-05-20T12:32:53.955320+08:00"", ""order"": 643}",,9740799,DINE_IN,CASH,"[{""productId"": 7, ""name"": ""Pechopak - Unli"", ""price"": 179, ""quantity"": 1, ""discount"": 0}]",179.00,COMPLETED,walk-in,1,,False,REGULAR,2026-06-04T03:46:25.711528+08:00,2026-06-04T03:46:25.711528+08:00
644,"{""id"": 601, ""order_detail"": {""id"": 644, ""slip_number"": ""9740800"", ""order_type"": ""DINE_IN"", ""payment_method"": ""CASH"", ""table_number"": """", ""items_json"": [{""productId"": 10, ""name"": ""Leg - Meal"", ""price"": 149, ""quantity"": 1, ""discount"": 20}, {""productId"": 10, ""name"": ""Leg - Meal"", ""price"": 149, ""quantity"": 1, ""discount"": 0}, {""productId"": 1, ""name"": ""Coke - Mismo"", ""price"": 25, ""quantity"": 1, ""discount"": 20}, {""productId"": 9, ""name"": ""BBQ - Only"", ""price"": 129, ""quantity"": 3, ""discount"": 0}], ""order_mode"": ""REGULAR""}, ""android_id"": null, ""total"": ""675.20"", ""completed_at"": ""2026-05-20T12:40:47.789194+08:00"", ""order"": 644}",,9740800,DINE_IN,CASH,"[{""productId"": 10, ""name"": ""Leg - Meal"", ""price"": 149, ""quantity"": 1, ""discount"": 20}, {""productId"": 10, ""name"": ""Leg - Meal"", ""price"": 149, ""quantity"": 1, ""discount"": 0}, {""productId"": 1, ""name"": ""Coke - Mismo"", ""price"": 25, ""quantity"": 1, ""discount"": 20}, {""productId"": 9, ""name"": ""BBQ - Only"", ""price"": 129, ""quantity"": 3, ""discount"": 0}]",675.20,COMPLETED,walk-in,,,False,REGULAR,2026-06-04T03:46:25.709519+08:00,2026-06-04T03:46:25.709519+08:00
645,"{""id"": 602, ""order_detail"": {""id"": 645, ""slip_number"": ""9740801"", ""order_type"": ""DELIVERY"", ""payment_method"": ""GCASH"", ""table_number"": """", ""items_json"": [{""productId"": 10, ""name"": ""Leg - Meal"", ""price"": 149, ""quantity"": 1, ""discount"": 0}, {""productId"": 3, ""name"": ""Icetea - Icetea Glass"", ""price"": 39, ""quantity"": 1, ""discount"": 0}, {""productId"": -1, ""name"": ""Delivery Fee"", ""price"": 30, ""quantity"": 1, ""discount"": 0}], ""order_mode"": ""REGULAR""}, ""android_id"": null, ""total"": ""218.00"", ""completed_at"": ""2026-05-20T13:57:50.902383+08:00"", ""order"": 645}",,9740801,DELIVERY,GCASH,"[{""productId"": 10, ""name"": ""Leg - Meal"", ""price"": 149, ""quantity"": 1, ""discount"": 0}, {""productId"": 3, ""name"": ""Icetea - Icetea Glass"", ""price"": 39, ""quantity"": 1, ""discount"": 0}, {""productId"": -1, ""name"": ""Delivery Fee"", ""price"": 30, ""quantity"": 1, ""discount"": 0}]",218.00,COMPLETED,walk-in,,,False,REGULAR,2026-06-04T03:46:25.694044+08:00,2026-06-04T03:46:25.694044+08:00
646,"{""id"": 604, ""order_detail"": {""id"": 646, ""slip_number"": ""9740802"", ""order_type"": ""DINE_IN"", ""payment_method"": ""CASH"", ""table_number"": """", ""items_json"": [{""productId"": 3, ""name"": ""Icetea - Icetea Glass"", ""price"": 39, ""quantity"": 1, ""discount"": 0}, {""productId"": 7, ""name"": ""Pechopak - Only"", ""price"": 159, ""quantity"": 1, ""discount"": 0}, {""productId"": 8, ""name"": ""Liempo - Only"", ""price"": 179, ""quantity"": 1, ""discount"": 0}], ""order_mode"": ""REGULAR""}, ""android_id"": null, ""total"": ""377.00"", ""completed_at"": ""2026-05-20T15:32:48.822781+08:00"", ""order"": 646}",,9740802,DINE_IN,CASH,"[{""productId"": 3, ""name"": ""Icetea - Icetea Glass"", ""price"": 39, ""quantity"": 1, ""discount"": 0}, {""productId"": 7, ""name"": ""Pechopak - Only"", ""price"": 159, ""quantity"": 1, ""discount"": 0}, {""productId"": 8, ""name"": ""Liempo - Only"", ""price"": 179, ""quantity"": 1, ""discount"": 0}]",377.00,COMPLETED,walk-in,,,False,REGULAR,2026-06-04T03:46:25.691044+08:00,2026-06-04T03:46:25.691044+08:00
647,"{""id"": 605, ""order_detail"": {""id"": 647, ""slip_number"": ""9740803"", ""order_type"": ""DINE_IN"", ""payment_method"": ""CASH"", ""table_number"": ""1"", ""items_json"": [{""productId"": 10, ""name"": ""Leg - Meal"", ""price"": 149, ""quantity"": 1, ""discount"": 0}, {""productId"": 8, ""name"": ""Liempo - Meal"", ""price"": 189, ""quantity"": 1, ""discount"": 0}, {""productId"": 3, ""name"": ""Icetea - Icetea Glass"", ""price"": 39, ""quantity"": 2, ""discount"": 0}], ""order_mode"": ""REGULAR""}, ""android_id"": null, ""total"": ""416.00"", ""completed_at"": ""2026-05-20T15:51:56.933198+08:00"", ""order"": 647}",,9740803,DINE_IN,CASH,"[{""productId"": 10, ""name"": ""Leg - Meal"", ""price"": 149, ""quantity"": 1, ""discount"": 0}, {""productId"": 8, ""name"": ""Liempo - Meal"", ""price"": 189, ""quantity"": 1, ""discount"": 0}, {""productId"": 3, ""name"": ""Icetea - Icetea Glass"", ""price"": 39, ""quantity"": 2, ""discount"": 0}]",416.00,COMPLETED,walk-in,1,,False,REGULAR,2026-06-04T03:46:25.683937+08:00,2026-06-04T03:46:25.683937+08:00
648,"{""id"": 606, ""order_detail"": {""id"": 648, ""slip_number"": ""9740804"", ""order_type"": ""DINE_IN"", ""payment_method"": ""CASH"", ""table_number"": ""4"", ""items_json"": [{""productId"": 7, ""name"": ""Pechopak - Unli"", ""price"": 179, ""quantity"": 1, ""discount"": 0}, {""productId"": 12, ""name"": ""Water - Bottled"", ""price"": 20, ""quantity"": 2, ""discount"": 0}, {""productId"": 8, ""name"": ""Liempo - Unli"", ""price"": 199, ""quantity"": 1, ""discount"": 0}], ""order_mode"": ""REGULAR""}, ""android_id"": null, ""total"": ""418.00"", ""completed_at"": ""2026-05-20T17:45:32.215312+08:00"", ""order"": 648}",,9740804,DINE_IN,CASH,"[{""productId"": 7, ""name"": ""Pechopak - Unli"", ""price"": 179, ""quantity"": 1, ""discount"": 0}, {""productId"": 12, ""name"": ""Water - Bottled"", ""price"": 20, ""quantity"": 2, ""discount"": 0}, {""productId"": 8, ""name"": ""Liempo - Unli"", ""price"": 199, ""quantity"": 1, ""discount"": 0}]",418.00,COMPLETED,walk-in,4,,False,REGULAR,2026-06-04T03:46:25.681939+08:00,2026-06-04T03:46:25.681939+08:00
649,"{""id"": 607, ""order_detail"": {""id"": 649, ""slip_number"": ""9740805"", ""order_type"": ""TAKE_OUT"", ""payment_method"": ""CASH"", ""table_number"": """", ""items_json"": [{""productId"": 10, ""name"": ""Leg - Meal"", ""price"": 149, ""quantity"": 3, ""discount"": 0}], ""order_mode"": ""REGULAR""}, ""android_id"": null, ""total"": ""447.00"", ""completed_at"": ""2026-05-20T19:26:44.499960+08:00"", ""order"": 649}",,9740805,TAKE_OUT,CASH,"[{""productId"": 10, ""name"": ""Leg - Meal"", ""price"": 149, ""quantity"": 3, ""discount"": 0}]",447.00,COMPLETED,walk-in,,,False,REGULAR,2026-06-04T03:46:25.672492+08:00,2026-06-04T03:46:25.672492+08:00
650,"{""id"": 608, ""order_detail"": {""id"": 650, ""slip_number"": ""9740806"", ""order_type"": ""TAKE_OUT"", ""payment_method"": ""CASH"", ""table_number"": """", ""items_json"": [{""productId"": 2, ""name"": ""Rice - Extra"", ""price"": 20, ""quantity"": 2, ""discount"": 0}], ""order_mode"": ""REGULAR""}, ""android_id"": null, ""total"": ""40.00"", ""completed_at"": ""2026-05-20T19:26:53.747602+08:00"", ""order"": 650}",,9740806,TAKE_OUT,CASH,"[{""productId"": 2, ""name"": ""Rice - Extra"", ""price"": 20, ""quantity"": 2, ""discount"": 0}]",40.00,COMPLETED,walk-in,,,False,REGULAR,2026-06-04T03:46:25.663436+08:00,2026-06-04T03:46:25.663436+08:00
651,"{""id"": 609, ""order_detail"": {""id"": 651, ""slip_number"": ""9740807"", ""order_type"": ""DINE_IN"", ""payment_method"": ""CASH"", ""table_number"": ""4"", ""items_json"": [{""productId"": 7, ""name"": ""Pechopak - Unli"", ""price"": 179, ""quantity"": 2, ""discount"": 0}, {""productId"": 3, ""name"": ""Icetea - Icetea Glass"", ""price"": 39, ""quantity"": 2, ""discount"": 0}], ""order_mode"": ""REGULAR""}, ""android_id"": null, ""total"": ""436.00"", ""completed_at"": ""2026-05-20T20:02:28.450836+08:00"", ""order"": 651}",,9740807,DINE_IN,CASH,"[{""productId"": 7, ""name"": ""Pechopak - Unli"", ""price"": 179, ""quantity"": 2, ""discount"": 0}, {""productId"": 3, ""name"": ""Icetea - Icetea Glass"", ""price"": 39, ""quantity"": 2, ""discount"": 0}]",436.00,COMPLETED,walk-in,4,,False,REGULAR,2026-06-04T03:46:25.660297+08:00,2026-06-04T03:46:25.660297+08:00
652,"{""id"": 610, ""order_detail"": {""id"": 652, ""slip_number"": ""9740808"", ""order_type"": ""DINE_IN"", ""payment_method"": ""CASH"", ""table_number"": """", ""items_json"": [{""productId"": 3, ""name"": ""Icetea - Icetea Glass"", ""price"": 39, ""quantity"": 1, ""discount"": 0}], ""order_mode"": ""REGULAR""}, ""android_id"": null, ""total"": ""39.00"", ""completed_at"": ""2026-05-20T20:07:33.701245+08:00"", ""order"": 652}",,9740808,DINE_IN,CASH,"[{""productId"": 3, ""name"": ""Icetea - Icetea Glass"", ""price"": 39, ""quantity"": 1, ""discount"": 0}]",39.00,COMPLETED,walk-in,,,False,REGULAR,2026-06-04T03:46:25.653596+08:00,2026-06-04T03:46:25.653596+08:00
653,"{""id"": 612, ""order_detail"": {""id"": 653, ""slip_number"": ""9740809"", ""order_type"": ""DINE_IN"", ""payment_method"": ""GCASH"", ""table_number"": """", ""items_json"": [{""productId"": 3, ""name"": ""Icetea - Icetea Glass"", ""price"": 39, ""quantity"": 1, ""discount"": 0}], ""order_mode"": ""REGULAR""}, ""android_id"": null, ""total"": ""39.00"", ""completed_at"": ""2026-05-20T20:50:01.708663+08:00"", ""order"": 653}",,9740809,DINE_IN,GCASH,"[{""productId"": 3, ""name"": ""Icetea - Icetea Glass"", ""price"": 39, ""quantity"": 1, ""discount"": 0}]",39.00,COMPLETED,walk-in,,,False,REGULAR,2026-06-04T03:46:25.638907+08:00,2026-06-04T03:46:25.638907+08:00
654,"{""id"": 611, ""order_detail"": {""id"": 654, ""slip_number"": ""9740810"", ""order_type"": ""TAKE_OUT"", ""payment_method"": ""CASH"", ""table_number"": ""4"", ""items_json"": [{""productId"": 10, ""name"": ""Leg - Meal"", ""price"": 149, ""quantity"": 1, ""discount"": 0}, {""productId"": 9, ""name"": ""BBQ - Unli"", ""price"": 149, ""quantity"": 1, ""discount"": 0}], ""order_mode"": ""REGULAR""}, ""android_id"": null, ""total"": ""298.00"", ""completed_at"": ""2026-05-20T20:45:48.270984+08:00"", ""order"": 654}",,9740810,TAKE_OUT,CASH,"[{""productId"": 10, ""name"": ""Leg - Meal"", ""price"": 149, ""quantity"": 1, ""discount"": 0}, {""productId"": 9, ""name"": ""BBQ - Unli"", ""price"": 149, ""quantity"": 1, ""discount"": 0}]",298.00,COMPLETED,walk-in,4,,False,REGULAR,2026-06-04T03:46:25.620503+08:00,2026-06-04T03:46:25.620503+08:00
655,"{""id"": 613, ""order_detail"": {""id"": 655, ""slip_number"": ""9740811"", ""order_type"": ""DINE_IN"", ""payment_method"": ""GCASH"", ""table_number"": """", ""items_json"": [{""productId"": 3, ""name"": ""Icetea - Icetea Glass"", ""price"": 39, ""quantity"": 1, ""discount"": 0}], ""order_mode"": ""REGULAR""}, ""android_id"": null, ""total"": ""39.00"", ""completed_at"": ""2026-05-20T20:52:46.845807+08:00"", ""order"": 655}",,9740811,DINE_IN,GCASH,"[{""productId"": 3, ""name"": ""Icetea - Icetea Glass"", ""price"": 39, ""quantity"": 1, ""discount"": 0}]",39.00,COMPLETED,walk-in,,,False,REGULAR,2026-06-04T03:46:25.612658+08:00,2026-06-04T03:46:25.612658+08:00
656,"{""id"": 614, ""order_detail"": {""id"": 656, ""slip_number"": ""9740812"", ""order_type"": ""DINE_IN"", ""payment_method"": ""CASH"", ""table_number"": """", ""items_json"": [{""productId"": 11, ""name"": ""Wings - Meal"", ""price"": 129, ""quantity"": 2, ""discount"": 0}, {""productId"": 2, ""name"": ""Rice - Extra"", ""price"": 20, ""quantity"": 1}], ""order_mode"": ""REGULAR""}, ""android_id"": null, ""total"": ""278.00"", ""completed_at"": ""2026-05-20T21:21:00+08:00"", ""order"": 656}",,9740812,DINE_IN,CASH,"[{""productId"": 11, ""name"": ""Wings - Meal"", ""price"": 129, ""quantity"": 2, ""discount"": 0}, {""productId"": 2, ""name"": ""Rice - Extra"", ""price"": 20, ""quantity"": 1}]",278.00,COMPLETED,walk-in,,,False,REGULAR,2026-06-04T03:46:25.610660+08:00,2026-06-04T03:46:25.610660+08:00
657,"{""id"": 615, ""order_detail"": {""id"": 657, ""slip_number"": ""9740813"", ""order_type"": ""DINE_IN"", ""payment_method"": ""CASH"", ""table_number"": ""4"", ""items_json"": [{""productId"": 7, ""name"": ""Pechopak - Unli"", ""price"": 179, ""quantity"": 1, ""discount"": 0}], ""order_mode"": ""REGULAR""}, ""android_id"": null, ""total"": ""179.00"", ""completed_at"": ""2026-05-20T21:23:00.987656+08:00"", ""order"": 657}",,9740813,DINE_IN,CASH,"[{""productId"": 7, ""name"": ""Pechopak - Unli"", ""price"": 179, ""quantity"": 1, ""discount"": 0}]",179.00,COMPLETED,walk-in,4,,False,REGULAR,2026-06-04T03:46:25.604149+08:00,2026-06-04T03:46:25.604149+08:00
658,"{""id"": 616, ""order_detail"": {""id"": 658, ""slip_number"": ""9740814"", ""order_type"": ""DINE_IN"", ""payment_method"": ""CASH"", ""table_number"": """", ""items_json"": [{""productId"": 11, ""name"": ""Wings - Only"", ""price"": 119, ""quantity"": 1, ""discount"": 0}, {""productId"": 1, ""name"": ""Coke - Mismo"", ""price"": 25, ""quantity"": 1}], ""order_mode"": ""REGULAR""}, ""android_id"": null, ""total"": ""144.00"", ""completed_at"": ""2026-05-20T22:13:13.863969+08:00"", ""order"": 658}",,9740814,DINE_IN,CASH,"[{""productId"": 11, ""name"": ""Wings - Only"", ""price"": 119, ""quantity"": 1, ""discount"": 0}, {""productId"": 1, ""name"": ""Coke - Mismo"", ""price"": 25, ""quantity"": 1}]",144.00,COMPLETED,walk-in,,,False,REGULAR,2026-06-04T03:46:25.592460+08:00,2026-06-04T03:46:25.592460+08:00
659,"{""id"": 617, ""order_detail"": {""id"": 659, ""slip_number"": ""9740815"", ""order_type"": ""DINE_IN"", ""payment_method"": ""GCASH"", ""table_number"": ""4"", ""items_json"": [{""productId"": 10, ""name"": ""Leg - Unli"", ""price"": 159, ""quantity"": 1, ""discount"": 0}, {""productId"": 7, ""name"": ""Pechopak - Unli"", ""price"": 179, ""quantity"": 2, ""discount"": 0}], ""order_mode"": ""REGULAR""}, ""android_id"": null, ""total"": ""517.00"", ""completed_at"": ""2026-05-20T22:47:44.984737+08:00"", ""order"": 659}",,9740815,DINE_IN,GCASH,"[{""productId"": 10, ""name"": ""Leg - Unli"", ""price"": 159, ""quantity"": 1, ""discount"": 0}, {""productId"": 7, ""name"": ""Pechopak - Unli"", ""price"": 179, ""quantity"": 2, ""discount"": 0}]",517.00,COMPLETED,walk-in,4,,False,REGULAR,2026-06-04T03:46:25.589465+08:00,2026-06-04T03:46:25.589465+08:00
660,"{""id"": 618, ""order_detail"": {""id"": 660, ""slip_number"": ""9740816"", ""order_type"": ""DINE_IN"", ""payment_method"": ""CASH"", ""table_number"": """", ""items_json"": [{""productId"": 8, ""name"": ""Liempo - Meal"", ""price"": 189, ""quantity"": 4, ""discount"": 0}], ""order_mode"": ""REGULAR""}, ""android_id"": null, ""total"": ""756.00"", ""completed_at"": ""2026-05-21T12:37:13.845012+08:00"", ""order"": 660}",,9740816,DINE_IN,CASH,"[{""productId"": 8, ""name"": ""Liempo - Meal"", ""price"": 189, ""quantity"": 4, ""discount"": 0}]",756.00,COMPLETED,walk-in,,,False,REGULAR,2026-06-04T03:46:25.581951+08:00,2026-06-04T03:46:25.581951+08:00
661,"{""id"": 619, ""order_detail"": {""id"": 661, ""slip_number"": ""9740817"", ""order_type"": ""DINE_IN"", ""payment_method"": ""CASH"", ""table_number"": ""1"", ""items_json"": [{""productId"": 10, ""name"": ""Leg - Unli"", ""price"": 159, ""quantity"": 2, ""discount"": 0}, {""productId"": 3, ""name"": ""Icetea - Icetea Glass"", ""price"": 39, ""quantity"": 2, ""discount"": 0}], ""order_mode"": ""REGULAR""}, ""android_id"": null, ""total"": ""396.00"", ""completed_at"": ""2026-05-21T19:27:09.838489+08:00"", ""order"": 661}",,9740817,DINE_IN,CASH,"[{""productId"": 10, ""name"": ""Leg - Unli"", ""price"": 159, ""quantity"": 2, ""discount"": 0}, {""productId"": 3, ""name"": ""Icetea - Icetea Glass"", ""price"": 39, ""quantity"": 2, ""discount"": 0}]",396.00,COMPLETED,walk-in,1,,False,REGULAR,2026-06-04T03:46:25.572902+08:00,2026-06-04T03:46:25.572902+08:00
662,"{""id"": 620, ""order_detail"": {""id"": 662, ""slip_number"": ""9740818"", ""order_type"": ""DINE_IN"", ""payment_method"": ""CASH"", ""table_number"": ""5"", ""items_json"": [{""productId"": 11, ""name"": ""Wings - Meal"", ""price"": 129, ""quantity"": 1, ""discount"": 0}, {""productId"": 10, ""name"": ""Leg - Meal"", ""price"": 149, ""quantity"": 1, ""discount"": 0}], ""order_mode"": ""REGULAR""}, ""android_id"": null, ""total"": ""278.00"", ""completed_at"": ""2026-05-21T19:37:40.119500+08:00"", ""order"": 662}",,9740818,DINE_IN,CASH,"[{""productId"": 11, ""name"": ""Wings - Meal"", ""price"": 129, ""quantity"": 1, ""discount"": 0}, {""productId"": 10, ""name"": ""Leg - Meal"", ""price"": 149, ""quantity"": 1, ""discount"": 0}]",278.00,COMPLETED,walk-in,5,,False,REGULAR,2026-06-04T03:46:25.569900+08:00,2026-06-04T03:46:25.569900+08:00
663,"{""id"": 627, ""order_detail"": {""id"": 663, ""slip_number"": ""9740819"", ""order_type"": ""DINE_IN"", ""payment_method"": ""GCASH"", ""table_number"": ""3"", ""items_json"": [{""productId"": 10, ""name"": ""Leg - Only"", ""price"": 139, ""quantity"": 1, ""discount"": 0}, {""productId"": 7, ""name"": ""Pechopak - Only"", ""price"": 159, ""quantity"": 1, ""discount"": 0}, {""productId"": 9, ""name"": ""BBQ - Only"", ""price"": 129, ""quantity"": 1, ""discount"": 0}, {""productId"": 5, ""name"": ""Sprite - Mismo"", ""price"": 25, ""quantity"": 1}], ""order_mode"": ""REGULAR""}, ""android_id"": null, ""total"": ""452.00"", ""completed_at"": ""2026-05-21T22:30:15.821080+08:00"", ""order"": 663}",,9740819,DINE_IN,GCASH,"[{""productId"": 10, ""name"": ""Leg - Only"", ""price"": 139, ""quantity"": 1, ""discount"": 0}, {""productId"": 7, ""name"": ""Pechopak - Only"", ""price"": 159, ""quantity"": 1, ""discount"": 0}, {""productId"": 9, ""name"": ""BBQ - Only"", ""price"": 129, ""quantity"": 1, ""discount"": 0}, {""productId"": 5, ""name"": ""Sprite - Mismo"", ""price"": 25, ""quantity"": 1}]",452.00,COMPLETED,walk-in,3,,False,REGULAR,2026-06-04T03:46:25.562139+08:00,2026-06-04T03:46:25.562139+08:00
664,"{""id"": 621, ""order_detail"": {""id"": 664, ""slip_number"": ""9740820"", ""order_type"": ""DINE_IN"", ""payment_method"": ""CASH"", ""table_number"": ""1"", ""items_json"": [{""productId"": 10, ""name"": ""Leg - Unli"", ""price"": 159, ""quantity"": 2, ""discount"": 0}], ""order_mode"": ""REGULAR""}, ""android_id"": null, ""total"": ""318.00"", ""completed_at"": ""2026-05-21T20:15:57.476352+08:00"", ""order"": 664}",,9740820,DINE_IN,CASH,"[{""productId"": 10, ""name"": ""Leg - Unli"", ""price"": 159, ""quantity"": 2, ""discount"": 0}]",318.00,COMPLETED,walk-in,1,,False,REGULAR,2026-06-04T03:46:25.560130+08:00,2026-06-04T03:46:25.560130+08:00
665,"{""id"": 622, ""order_detail"": {""id"": 665, ""slip_number"": ""9740821"", ""order_type"": ""DINE_IN"", ""payment_method"": ""CASH"", ""table_number"": ""1"", ""items_json"": [{""productId"": 10, ""name"": ""Leg - Unli"", ""price"": 159, ""quantity"": 1, ""discount"": 0}], ""order_mode"": ""REGULAR""}, ""android_id"": null, ""total"": ""159.00"", ""completed_at"": ""2026-05-21T20:35:41.796694+08:00"", ""order"": 665}",,9740821,DINE_IN,CASH,"[{""productId"": 10, ""name"": ""Leg - Unli"", ""price"": 159, ""quantity"": 1, ""discount"": 0}]",159.00,COMPLETED,walk-in,1,,False,REGULAR,2026-06-04T03:46:25.554126+08:00,2026-06-04T03:46:25.554126+08:00
666,"{""id"": 623, ""order_detail"": {""id"": 666, ""slip_number"": ""9740822"", ""order_type"": ""DINE_IN"", ""payment_method"": ""CASH"", ""table_number"": ""1"", ""items_json"": [{""productId"": 8, ""name"": ""Liempo - Meal"", ""price"": 189, ""quantity"": 1, ""discount"": 0}, {""productId"": 8, ""name"": ""Liempo - Unli"", ""price"": 199, ""quantity"": 1, ""discount"": 0}, {""productId"": 3, ""name"": ""Icetea - Icetea Glass"", ""price"": 39, ""quantity"": 1, ""discount"": 0}], ""order_mode"": ""REGULAR""}, ""android_id"": null, ""total"": ""427.00"", ""completed_at"": ""2026-05-21T20:49:56.473252+08:00"", ""order"": 666}",,9740822,DINE_IN,CASH,"[{""productId"": 8, ""name"": ""Liempo - Meal"", ""price"": 189, ""quantity"": 1, ""discount"": 0}, {""productId"": 8, ""name"": ""Liempo - Unli"", ""price"": 199, ""quantity"": 1, ""discount"": 0}, {""productId"": 3, ""name"": ""Icetea - Icetea Glass"", ""price"": 39, ""quantity"": 1, ""discount"": 0}]",427.00,COMPLETED,walk-in,1,,False,REGULAR,2026-06-04T03:46:25.520525+08:00,2026-06-04T03:46:25.520525+08:00
667,"{""id"": 624, ""order_detail"": {""id"": 667, ""slip_number"": ""9740823"", ""order_type"": ""DINE_IN"", ""payment_method"": ""CASH"", ""table_number"": ""5"", ""items_json"": [{""productId"": 10, ""name"": ""Leg - Meal"", ""price"": 149, ""quantity"": 2, ""discount"": 0}, {""productId"": 5, ""name"": ""Sprite - Mismo"", ""price"": 25, ""quantity"": 2, ""discount"": 0}], ""order_mode"": ""REGULAR""}, ""android_id"": null, ""total"": ""348.00"", ""completed_at"": ""2026-05-21T21:01:58.259105+08:00"", ""order"": 667}",,9740823,DINE_IN,CASH,"[{""productId"": 10, ""name"": ""Leg - Meal"", ""price"": 149, ""quantity"": 2, ""discount"": 0}, {""productId"": 5, ""name"": ""Sprite - Mismo"", ""price"": 25, ""quantity"": 2, ""discount"": 0}]",348.00,COMPLETED,walk-in,5,,False,REGULAR,2026-06-04T03:46:25.510485+08:00,2026-06-04T03:46:25.510485+08:00
668,"{""id"": 625, ""order_detail"": {""id"": 668, ""slip_number"": ""9740824"", ""order_type"": ""DINE_IN"", ""payment_method"": ""CASH"", ""table_number"": ""4"", ""items_json"": [{""productId"": 7, ""name"": ""Pechopak - Unli"", ""price"": 179, ""quantity"": 1, ""discount"": 0}, {""productId"": 8, ""name"": ""Liempo - Meal"", ""price"": 189, ""quantity"": 1, ""discount"": 0}, {""productId"": 3, ""name"": ""Icetea - Icetea Glass"", ""price"": 39, ""quantity"": 1, ""discount"": 0}], ""order_mode"": ""REGULAR""}, ""android_id"": null, ""total"": ""407.00"", ""completed_at"": ""2026-05-21T21:05:47.793605+08:00"", ""order"": 668}",,9740824,DINE_IN,CASH,"[{""productId"": 7, ""name"": ""Pechopak - Unli"", ""price"": 179, ""quantity"": 1, ""discount"": 0}, {""productId"": 8, ""name"": ""Liempo - Meal"", ""price"": 189, ""quantity"": 1, ""discount"": 0}, {""productId"": 3, ""name"": ""Icetea - Icetea Glass"", ""price"": 39, ""quantity"": 1, ""discount"": 0}]",407.00,COMPLETED,walk-in,4,,False,REGULAR,2026-06-04T03:46:25.492938+08:00,2026-06-04T03:46:25.492938+08:00
669,"{""id"": 626, ""order_detail"": {""id"": 669, ""slip_number"": ""9740825"", ""order_type"": ""TAKE_OUT"", ""payment_method"": ""GCASH"", ""table_number"": ""2"", ""items_json"": [{""productId"": 10, ""name"": ""Leg - Meal"", ""price"": 149, ""quantity"": 1, ""discount"": 0}, {""productId"": 1, ""name"": ""Coke - Mismo"", ""price"": 25, ""quantity"": 1, ""discount"": 0}], ""order_mode"": ""REGULAR""}, ""android_id"": null, ""total"": ""174.00"", ""completed_at"": ""2026-05-21T22:13:36.240184+08:00"", ""order"": 669}",,9740825,TAKE_OUT,GCASH,"[{""productId"": 10, ""name"": ""Leg - Meal"", ""price"": 149, ""quantity"": 1, ""discount"": 0}, {""productId"": 1, ""name"": ""Coke - Mismo"", ""price"": 25, ""quantity"": 1, ""discount"": 0}]",174.00,COMPLETED,walk-in,2,,False,REGULAR,2026-06-04T03:46:25.490314+08:00,2026-06-04T03:46:25.490314+08:00
670,"{""id"": 628, ""order_detail"": {""id"": 670, ""slip_number"": ""9740826"", ""order_type"": ""DINE_IN"", ""payment_method"": ""CASH"", ""table_number"": ""1"", ""items_json"": [{""productId"": 7, ""name"": ""Pechopak - Unli"", ""price"": 179, ""quantity"": 2, ""discount"": 0}, {""productId"": 3, ""name"": ""Icetea - Icetea Glass"", ""price"": 39, ""quantity"": 1, ""discount"": 0}, {""productId"": 5, ""name"": ""Sprite - Mismo"", ""price"": 25, ""quantity"": 1, ""discount"": 0}], ""order_mode"": ""REGULAR""}, ""android_id"": null, ""total"": ""422.00"", ""completed_at"": ""2026-05-21T22:45:48.793902+08:00"", ""order"": 670}",,9740826,DINE_IN,CASH,"[{""productId"": 7, ""name"": ""Pechopak - Unli"", ""price"": 179, ""quantity"": 2, ""discount"": 0}, {""productId"": 3, ""name"": ""Icetea - Icetea Glass"", ""price"": 39, ""quantity"": 1, ""discount"": 0}, {""productId"": 5, ""name"": ""Sprite - Mismo"", ""price"": 25, ""quantity"": 1, ""discount"": 0}]",422.00,COMPLETED,walk-in,1,,False,REGULAR,2026-06-04T03:46:25.469663+08:00,2026-06-04T03:46:25.469663+08:00
671,"{""id"": 629, ""order_detail"": {""id"": 671, ""slip_number"": ""9740827"", ""order_type"": ""DINE_IN"", ""payment_method"": ""CASH"", ""table_number"": ""4"", ""items_json"": [{""productId"": 7, ""name"": ""Pechopak - Meal"", ""price"": 169, ""quantity"": 1, ""discount"": 0}, {""productId"": 8, ""name"": ""Liempo - Meal"", ""price"": 189, ""quantity"": 1, ""discount"": 0}, {""productId"": 10, ""name"": ""Leg - Meal"", ""price"": 149, ""quantity"": 1, ""discount"": 0}, {""productId"": 2, ""name"": ""Rice - Extra"", ""price"": 20, ""quantity"": 1}], ""order_mode"": ""REGULAR""}, ""android_id"": null, ""total"": ""527.00"", ""completed_at"": ""2026-05-22T11:01:51.193819+08:00"", ""order"": 671}",,9740827,DINE_IN,CASH,"[{""productId"": 7, ""name"": ""Pechopak - Meal"", ""price"": 169, ""quantity"": 1, ""discount"": 0}, {""productId"": 8, ""name"": ""Liempo - Meal"", ""price"": 189, ""quantity"": 1, ""discount"": 0}, {""productId"": 10, ""name"": ""Leg - Meal"", ""price"": 149, ""quantity"": 1, ""discount"": 0}, {""productId"": 2, ""name"": ""Rice - Extra"", ""price"": 20, ""quantity"": 1}]",527.00,COMPLETED,walk-in,4,,False,REGULAR,2026-06-04T03:46:25.464214+08:00,2026-06-04T03:46:25.464214+08:00
672,"{""id"": 630, ""order_detail"": {""id"": 672, ""slip_number"": ""9740828"", ""order_type"": ""DINE_IN"", ""payment_method"": ""CASH"", ""table_number"": """", ""items_json"": [{""productId"": 10, ""name"": ""Leg - Meal"", ""price"": 149, ""quantity"": 2, ""discount"": 0}, {""productId"": 8, ""name"": ""Liempo - Meal"", ""price"": 189, ""quantity"": 2, ""discount"": 0}], ""order_mode"": ""REGULAR""}, ""android_id"": null, ""total"": ""676.00"", ""completed_at"": ""2026-05-22T11:22:45.398132+08:00"", ""order"": 672}",,9740828,DINE_IN,CASH,"[{""productId"": 10, ""name"": ""Leg - Meal"", ""price"": 149, ""quantity"": 2, ""discount"": 0}, {""productId"": 8, ""name"": ""Liempo - Meal"", ""price"": 189, ""quantity"": 2, ""discount"": 0}]",676.00,COMPLETED,walk-in,,,False,REGULAR,2026-06-04T03:46:25.460091+08:00,2026-06-04T03:46:25.460091+08:00
673,"{""id"": 631, ""order_detail"": {""id"": 673, ""slip_number"": ""9740829"", ""order_type"": ""DINE_IN"", ""payment_method"": ""CASH"", ""table_number"": ""3"", ""items_json"": [{""productId"": 10, ""name"": ""Leg - Meal"", ""price"": 149, ""quantity"": 2, ""discount"": 0}, {""productId"": 3, ""name"": ""Icetea - Icetea Glass"", ""price"": 39, ""quantity"": 1, ""discount"": 0}, {""productId"": 8, ""name"": ""Liempo - Meal"", ""price"": 189, ""quantity"": 1}], ""order_mode"": ""REGULAR""}, ""android_id"": null, ""total"": ""526.00"", ""completed_at"": ""2026-05-22T13:32:59.952684+08:00"", ""order"": 673}",,9740829,DINE_IN,CASH,"[{""productId"": 10, ""name"": ""Leg - Meal"", ""price"": 149, ""quantity"": 2, ""discount"": 0}, {""productId"": 3, ""name"": ""Icetea - Icetea Glass"", ""price"": 39, ""quantity"": 1, ""discount"": 0}, {""productId"": 8, ""name"": ""Liempo - Meal"", ""price"": 189, ""quantity"": 1}]",526.00,COMPLETED,walk-in,3,,False,REGULAR,2026-06-04T03:46:25.453099+08:00,2026-06-04T03:46:25.453099+08:00
674,"{""id"": 634, ""order_detail"": {""id"": 674, ""slip_number"": ""9740830"", ""order_type"": ""DINE_IN"", ""payment_method"": ""GCASH"", ""table_number"": """", ""items_json"": [{""productId"": 11, ""name"": ""Wings - Only"", ""price"": 119, ""quantity"": 1, ""discount"": 0}, {""productId"": 3, ""name"": ""Icetea - Icetea Glass"", ""price"": 39, ""quantity"": 1}], ""order_mode"": ""REGULAR""}, ""android_id"": null, ""total"": ""158.00"", ""completed_at"": ""2026-05-22T17:09:03.165236+08:00"", ""order"": 674}",,9740830,DINE_IN,GCASH,"[{""productId"": 11, ""name"": ""Wings - Only"", ""price"": 119, ""quantity"": 1, ""discount"": 0}, {""productId"": 3, ""name"": ""Icetea - Icetea Glass"", ""price"": 39, ""quantity"": 1}]",158.00,COMPLETED,walk-in,,,False,REGULAR,2026-06-04T03:46:25.438896+08:00,2026-06-04T03:46:25.438896+08:00
675,,,,DINE_IN,,"[{""productId"": 1, ""name"": ""Coke - Mismo"", ""price"": 25, ""quantity"": 1}]",25.00,VOIDED,web,1,,False,REGULAR,2026-06-04T03:46:25.424547+08:00,2026-06-04T03:46:25.424547+08:00
676,"{""id"": 632, ""order_detail"": {""id"": 676, ""slip_number"": ""9740831"", ""order_type"": ""DINE_IN"", ""payment_method"": ""CASH"", ""table_number"": ""3"", ""items_json"": [{""productId"": 7, ""name"": ""Pechopak - Unli"", ""price"": 179, ""quantity"": 1, ""discount"": 0}, {""productId"": 8, ""name"": ""Liempo - Unli"", ""price"": 199, ""quantity"": 1, ""discount"": 0}, {""productId"": 3, ""name"": ""Icetea - Icetea Glass"", ""price"": 39, ""quantity"": 2, ""discount"": 0}], ""order_mode"": ""REGULAR""}, ""android_id"": null, ""total"": ""456.00"", ""completed_at"": ""2026-05-22T16:59:10.538195+08:00"", ""order"": 676}",,9740831,DINE_IN,CASH,"[{""productId"": 7, ""name"": ""Pechopak - Unli"", ""price"": 179, ""quantity"": 1, ""discount"": 0}, {""productId"": 8, ""name"": ""Liempo - Unli"", ""price"": 199, ""quantity"": 1, ""discount"": 0}, {""productId"": 3, ""name"": ""Icetea - Icetea Glass"", ""price"": 39, ""quantity"": 2, ""discount"": 0}]",456.00,COMPLETED,walk-in,3,,False,REGULAR,2026-06-04T03:46:25.416427+08:00,2026-06-04T03:46:25.416427+08:00
677,"{""id"": 633, ""order_detail"": {""id"": 677, ""slip_number"": """", ""order_type"": ""DINE_IN"", ""payment_method"": ""GCASH"", ""table_number"": ""2"", ""items_json"": [{""productId"": 3, ""name"": ""Icetea - Icetea Glass"", ""price"": 39, ""quantity"": 2}], ""order_mode"": ""REGULAR""}, ""android_id"": null, ""total"": ""78.00"", ""completed_at"": ""2026-05-22T17:03:50.226215+08:00"", ""order"": 677}",,,DINE_IN,GCASH,"[{""productId"": 3, ""name"": ""Icetea - Icetea Glass"", ""price"": 39, ""quantity"": 2}]",78.00,COMPLETED,web,2,,False,REGULAR,2026-06-04T03:46:25.406920+08:00,2026-06-04T03:46:25.406920+08:00
678,,,9740832,DINE_IN,CASH,"[{""productId"": 10, ""name"": ""Leg - Only"", ""price"": 139, ""quantity"": 4, ""discount"": 20}]",444.80,VOIDED,walk-in,,,True,REGULAR,2026-06-04T03:46:25.397882+08:00,2026-06-04T03:46:25.397882+08:00
679,,,9740833,DINE_IN,CASH,"[{""productId"": 10, ""name"": ""Leg - Meal"", ""price"": 149, ""quantity"": 4, ""discount"": 20}]",476.80,VOIDED,walk-in,,Mar Angelo Pantas,True,REGULAR,2026-06-04T03:46:25.394877+08:00,2026-06-04T03:46:25.394877+08:00
680,,,9740832,DINE_IN,CASH,"[{""productId"": 10, ""name"": ""Leg - Only"", ""price"": 139, ""quantity"": 4, ""discount"": 20}, {""productId"": 1, ""name"": ""Coke - Mismo"", ""price"": 25, ""quantity"": 1}, {""productId"": 9, ""name"": ""BBQ - One Piece Only"", ""price"": 69, ""quantity"": 2}, {""productId"": 3, ""name"": ""Icetea - Icetea Glass"", ""price"": 39, ""quantity"": 1}, {""productId"": 9, ""name"": ""BBQ - Only"", ""price"": 129, ""quantity"": 5}, {""productId"": 1, ""name"": ""Coke - 1.5"", ""price"": 120, ""quantity"": 2}, {""productId"": 11, ""name"": ""Wings - Only"", ""price"": 119, ""quantity"": 3}, {""productId"": 5, ""name"": ""Sprite - Mismo"", ""price"": 25, ""quantity"": 2}]",1938.80,READY,walk-in,,Mar Angelo Pantas,True,REGULAR,2026-06-04T03:46:25.384565+08:00,2026-06-04T03:46:25.384565+08:00
681,"{""id"": 635, ""order_detail"": {""id"": 681, ""slip_number"": ""9740833"", ""order_type"": ""PICK_UP"", ""payment_method"": ""CASH"", ""table_number"": """", ""items_json"": [{""productId"": 10, ""name"": ""Leg - Meal"", ""price"": 149, ""quantity"": 1, ""discount"": 0}], ""order_mode"": ""REGULAR""}, ""android_id"": null, ""total"": ""149.00"", ""completed_at"": ""2026-05-22T18:31:58.926566+08:00"", ""order"": 681}",,9740833,PICK_UP,CASH,"[{""productId"": 10, ""name"": ""Leg - Meal"", ""price"": 149, ""quantity"": 1, ""discount"": 0}]",149.00,COMPLETED,walk-in,,Euer Cruz,False,REGULAR,2026-06-04T03:46:25.378533+08:00,2026-06-04T03:46:25.378533+08:00
682,"{""id"": 637, ""order_detail"": {""id"": 682, ""slip_number"": ""9740834"", ""order_type"": ""DINE_IN"", ""payment_method"": ""CASH"", ""table_number"": ""3"", ""items_json"": [{""productId"": 7, ""name"": ""Pechopak - Unli"", ""price"": 179, ""quantity"": 1, ""discount"": 0}, {""productId"": 10, ""name"": ""Leg - Unli"", ""price"": 159, ""quantity"": 1, ""discount"": 0}, {""productId"": 10, ""name"": ""Leg - Meal"", ""price"": 149, ""quantity"": 1, ""discount"": 0}, {""productId"": 3, ""name"": ""Icetea - Icetea Glass"", ""price"": 39, ""quantity"": 2, ""discount"": 0}, {""productId"": 1, ""name"": ""Coke - Mismo"", ""price"": 25, ""quantity"": 1, ""discount"": 0}], ""order_mode"": ""REGULAR""}, ""android_id"": null, ""total"": ""590.00"", ""completed_at"": ""2026-05-22T19:09:55.021932+08:00"", ""order"": 682}",,9740834,DINE_IN,CASH,"[{""productId"": 7, ""name"": ""Pechopak - Unli"", ""price"": 179, ""quantity"": 1, ""discount"": 0}, {""productId"": 10, ""name"": ""Leg - Unli"", ""price"": 159, ""quantity"": 1, ""discount"": 0}, {""productId"": 10, ""name"": ""Leg - Meal"", ""price"": 149, ""quantity"": 1, ""discount"": 0}, {""productId"": 3, ""name"": ""Icetea - Icetea Glass"", ""price"": 39, ""quantity"": 2, ""discount"": 0}, {""productId"": 1, ""name"": ""Coke - Mismo"", ""price"": 25, ""quantity"": 1, ""discount"": 0}]",590.00,COMPLETED,walk-in,3,,False,REGULAR,2026-06-04T03:46:25.375366+08:00,2026-06-04T03:46:25.375366+08:00
683,"{""id"": 636, ""order_detail"": {""id"": 683, ""slip_number"": ""9740835"", ""order_type"": ""DINE_IN"", ""payment_method"": ""CASH"", ""table_number"": ""4"", ""items_json"": [{""productId"": 8, ""name"": ""Liempo - Unli"", ""price"": 199, ""quantity"": 1, ""discount"": 0}], ""order_mode"": ""REGULAR""}, ""android_id"": null, ""total"": ""199.00"", ""completed_at"": ""2026-05-22T19:09:52.614295+08:00"", ""order"": 683}",,9740835,DINE_IN,CASH,"[{""productId"": 8, ""name"": ""Liempo - Unli"", ""price"": 199, ""quantity"": 1, ""discount"": 0}]",199.00,COMPLETED,walk-in,4,,False,REGULAR,2026-06-04T03:46:25.368255+08:00,2026-06-04T03:46:25.368255+08:00
684,"{""id"": 639, ""order_detail"": {""id"": 684, ""slip_number"": ""9740836"", ""order_type"": ""DINE_IN"", ""payment_method"": ""CASH"", ""table_number"": ""3"", ""items_json"": [{""productId"": 8, ""name"": ""Liempo - Meal"", ""price"": 189, ""quantity"": 1, ""discount"": 0}, {""productId"": 8, ""name"": ""Liempo - Unli"", ""price"": 199, ""quantity"": 1, ""discount"": 0}, {""productId"": 3, ""name"": ""Icetea - Icetea Glass"", ""price"": 39, ""quantity"": 2, ""discount"": 0}], ""order_mode"": ""REGULAR""}, ""android_id"": null, ""total"": ""466.00"", ""completed_at"": ""2026-05-22T21:31:18.067235+08:00"", ""order"": 684}",,9740836,DINE_IN,CASH,"[{""productId"": 8, ""name"": ""Liempo - Meal"", ""price"": 189, ""quantity"": 1, ""discount"": 0}, {""productId"": 8, ""name"": ""Liempo - Unli"", ""price"": 199, ""quantity"": 1, ""discount"": 0}, {""productId"": 3, ""name"": ""Icetea - Icetea Glass"", ""price"": 39, ""quantity"": 2, ""discount"": 0}]",466.00,COMPLETED,walk-in,3,,False,REGULAR,2026-06-04T03:46:25.364253+08:00,2026-06-04T03:46:25.364253+08:00
685,"{""id"": 638, ""order_detail"": {""id"": 685, ""slip_number"": ""9740837"", ""order_type"": ""DINE_IN"", ""payment_method"": ""CASH"", ""table_number"": """", ""items_json"": [{""productId"": 1, ""name"": ""Coke - Mismo"", ""price"": 25, ""quantity"": 1, ""discount"": 0}], ""order_mode"": ""REGULAR""}, ""android_id"": null, ""total"": ""25.00"", ""completed_at"": ""2026-05-22T20:16:10.894182+08:00"", ""order"": 685}",,9740837,DINE_IN,CASH,"[{""productId"": 1, ""name"": ""Coke - Mismo"", ""price"": 25, ""quantity"": 1, ""discount"": 0}]",25.00,COMPLETED,walk-in,,,False,REGULAR,2026-06-04T03:46:25.356106+08:00,2026-06-04T03:46:25.356106+08:00
686,"{""id"": 642, ""order_detail"": {""id"": 686, ""slip_number"": ""9740838"", ""order_type"": ""DINE_IN"", ""payment_method"": ""CASH"", ""table_number"": ""3"", ""items_json"": [{""productId"": 10, ""name"": ""Leg - Meal"", ""price"": 149, ""quantity"": 1, ""discount"": 0}, {""productId"": 3, ""name"": ""Icetea - Icetea Glass"", ""price"": 39, ""quantity"": 2, ""discount"": 0}, {""productId"": 10, ""name"": ""Leg - Unli"", ""price"": 159, ""quantity"": 1, ""discount"": 0}, {""productId"": 7, ""name"": ""Pechopak - Meal"", ""price"": 169, ""quantity"": 1, ""discount"": 0}], ""order_mode"": ""REGULAR""}, ""android_id"": null, ""total"": ""555.00"", ""completed_at"": ""2026-05-22T21:31:45.336439+08:00"", ""order"": 686}",,9740838,DINE_IN,CASH,"[{""productId"": 10, ""name"": ""Leg - Meal"", ""price"": 149, ""quantity"": 1, ""discount"": 0}, {""productId"": 3, ""name"": ""Icetea - Icetea Glass"", ""price"": 39, ""quantity"": 2, ""discount"": 0}, {""productId"": 10, ""name"": ""Leg - Unli"", ""price"": 159, ""quantity"": 1, ""discount"": 0}, {""productId"": 7, ""name"": ""Pechopak - Meal"", ""price"": 169, ""quantity"": 1, ""discount"": 0}]",555.00,COMPLETED,walk-in,3,,False,REGULAR,2026-06-04T03:46:25.345299+08:00,2026-06-04T03:46:25.345299+08:00
687,"{""id"": 641, ""order_detail"": {""id"": 687, ""slip_number"": ""9740839"", ""order_type"": ""DINE_IN"", ""payment_method"": ""CASH"", ""table_number"": ""3"", ""items_json"": [{""productId"": 7, ""name"": ""Pechopak - Meal"", ""price"": 169, ""quantity"": 1, ""discount"": 0}, {""productId"": 7, ""name"": ""Pechopak - Unli"", ""price"": 179, ""quantity"": 1, ""discount"": 0}], ""order_mode"": ""REGULAR""}, ""android_id"": null, ""total"": ""348.00"", ""completed_at"": ""2026-05-22T21:31:42.569648+08:00"", ""order"": 687}",,9740839,DINE_IN,CASH,"[{""productId"": 7, ""name"": ""Pechopak - Meal"", ""price"": 169, ""quantity"": 1, ""discount"": 0}, {""productId"": 7, ""name"": ""Pechopak - Unli"", ""price"": 179, ""quantity"": 1, ""discount"": 0}]",348.00,COMPLETED,walk-in,3,,False,REGULAR,2026-06-04T03:46:25.336251+08:00,2026-06-04T03:46:25.336251+08:00
688,"{""id"": 640, ""order_detail"": {""id"": 688, ""slip_number"": ""9740840"", ""order_type"": ""DINE_IN"", ""payment_method"": ""CASH"", ""table_number"": ""1"", ""items_json"": [{""productId"": 7, ""name"": ""Pechopak - Unli"", ""price"": 179, ""quantity"": 1, ""discount"": 0}, {""productId"": 8, ""name"": ""Liempo - Unli"", ""price"": 199, ""quantity"": 1, ""discount"": 0}, {""productId"": 3, ""name"": ""Icetea - Icetea Glass"", ""price"": 39, ""quantity"": 2, ""discount"": 0}], ""order_mode"": ""REGULAR""}, ""android_id"": null, ""total"": ""456.00"", ""completed_at"": ""2026-05-22T21:31:37.640591+08:00"", ""order"": 688}",,9740840,DINE_IN,CASH,"[{""productId"": 7, ""name"": ""Pechopak - Unli"", ""price"": 179, ""quantity"": 1, ""discount"": 0}, {""productId"": 8, ""name"": ""Liempo - Unli"", ""price"": 199, ""quantity"": 1, ""discount"": 0}, {""productId"": 3, ""name"": ""Icetea - Icetea Glass"", ""price"": 39, ""quantity"": 2, ""discount"": 0}]",456.00,COMPLETED,walk-in,1,,False,REGULAR,2026-06-04T03:46:25.333331+08:00,2026-06-04T03:46:25.333331+08:00
689,"{""id"": 643, ""order_detail"": {""id"": 689, ""slip_number"": ""9740841"", ""order_type"": ""DINE_IN"", ""payment_method"": ""CASH"", ""table_number"": ""4"", ""items_json"": [{""productId"": 7, ""name"": ""Pechopak - Unli"", ""price"": 179, ""quantity"": 3, ""discount"": 0}], ""order_mode"": ""REGULAR""}, ""android_id"": null, ""total"": ""537.00"", ""completed_at"": ""2026-05-22T21:57:33.997126+08:00"", ""order"": 689}",,9740841,DINE_IN,CASH,"[{""productId"": 7, ""name"": ""Pechopak - Unli"", ""price"": 179, ""quantity"": 3, ""discount"": 0}]",537.00,COMPLETED,walk-in,4,,False,REGULAR,2026-06-04T03:46:25.316463+08:00,2026-06-04T03:46:25.316463+08:00
690,"{""id"": 644, ""order_detail"": {""id"": 690, ""slip_number"": ""9740842"", ""order_type"": ""DINE_IN"", ""payment_method"": ""CASH"", ""table_number"": ""1"", ""items_json"": [{""productId"": 8, ""name"": ""Liempo - Unli"", ""price"": 199, ""quantity"": 1, ""discount"": 0}, {""productId"": 11, ""name"": ""Wings - Meal"", ""price"": 129, ""quantity"": 1, ""discount"": 0}, {""productId"": 5, ""name"": ""Sprite - Mismo"", ""price"": 25, ""quantity"": 1, ""discount"": 0}], ""order_mode"": ""REGULAR""}, ""android_id"": null, ""total"": ""353.00"", ""completed_at"": ""2026-05-22T23:59:00+08:00"", ""order"": 690}",,9740842,DINE_IN,CASH,"[{""productId"": 8, ""name"": ""Liempo - Unli"", ""price"": 199, ""quantity"": 1, ""discount"": 0}, {""productId"": 11, ""name"": ""Wings - Meal"", ""price"": 129, ""quantity"": 1, ""discount"": 0}, {""productId"": 5, ""name"": ""Sprite - Mismo"", ""price"": 25, ""quantity"": 1, ""discount"": 0}]",353.00,COMPLETED,walk-in,1,,False,REGULAR,2026-06-04T03:46:25.314464+08:00,2026-06-04T03:46:25.314464+08:00
691,"{""id"": 646, ""order_detail"": {""id"": 691, ""slip_number"": ""9740843"", ""order_type"": ""TAKE_OUT"", ""payment_method"": ""CASH"", ""table_number"": """", ""items_json"": [{""productId"": 8, ""name"": ""Liempo - Meal"", ""price"": 189, ""quantity"": 3, ""discount"": 0}, {""productId"": 7, ""name"": ""Pechopak - Unli"", ""price"": 179, ""quantity"": 1}], ""order_mode"": ""REGULAR""}, ""android_id"": null, ""total"": ""746.00"", ""completed_at"": ""2026-05-23T11:06:24.338149+08:00"", ""order"": 691}",,9740843,TAKE_OUT,CASH,"[{""productId"": 8, ""name"": ""Liempo - Meal"", ""price"": 189, ""quantity"": 3, ""discount"": 0}, {""productId"": 7, ""name"": ""Pechopak - Unli"", ""price"": 179, ""quantity"": 1}]",746.00,COMPLETED,walk-in,,,False,REGULAR,2026-06-04T03:46:25.306691+08:00,2026-06-04T03:46:25.306691+08:00
692,"{""id"": 645, ""order_detail"": {""id"": 692, ""slip_number"": """", ""order_type"": ""DINE_IN"", ""payment_method"": """", ""table_number"": """", ""items_json"": [{""productId"": 11, ""name"": ""Wings - One Piece Only"", ""price"": 69, ""quantity"": 3, ""discount"": 0}], ""order_mode"": ""WASTE""}, ""android_id"": null, ""total"": ""207.00"", ""completed_at"": ""2026-05-22T10:54:00+08:00"", ""order"": 692}",,,DINE_IN,,"[{""productId"": 11, ""name"": ""Wings - One Piece Only"", ""price"": 69, ""quantity"": 3, ""discount"": 0}]",207.00,COMPLETED,walk-in,,,False,WASTE,2026-06-04T03:46:25.295850+08:00,2026-06-04T03:46:25.295850+08:00
693,"{""id"": 649, ""order_detail"": {""id"": 693, ""slip_number"": ""9740844"", ""order_type"": ""DINE_IN"", ""payment_method"": ""GCASH"", ""table_number"": """", ""items_json"": [{""productId"": 8, ""name"": ""Liempo - Only"", ""price"": 179, ""quantity"": 1, ""discount"": 0}, {""productId"": 5, ""name"": ""Sprite - Mismo"", ""price"": 25, ""quantity"": 1}], ""order_mode"": ""REGULAR""}, ""android_id"": null, ""total"": ""204.00"", ""completed_at"": ""2026-05-23T12:51:15.444393+08:00"", ""order"": 693}",,9740844,DINE_IN,GCASH,"[{""productId"": 8, ""name"": ""Liempo - Only"", ""price"": 179, ""quantity"": 1, ""discount"": 0}, {""productId"": 5, ""name"": ""Sprite - Mismo"", ""price"": 25, ""quantity"": 1}]",204.00,COMPLETED,walk-in,,,False,REGULAR,2026-06-04T03:46:25.287850+08:00,2026-06-04T03:46:25.287850+08:00
694,"{""id"": 647, ""order_detail"": {""id"": 694, ""slip_number"": ""9740845"", ""order_type"": ""DINE_IN"", ""payment_method"": ""CASH"", ""table_number"": ""1"", ""items_json"": [{""productId"": 10, ""name"": ""Leg - Unli"", ""price"": 159, ""quantity"": 3, ""discount"": 0}], ""order_mode"": ""REGULAR""}, ""android_id"": null, ""total"": ""477.00"", ""completed_at"": ""2026-05-23T12:06:10.744923+08:00"", ""order"": 694}",,9740845,DINE_IN,CASH,"[{""productId"": 10, ""name"": ""Leg - Unli"", ""price"": 159, ""quantity"": 3, ""discount"": 0}]",477.00,COMPLETED,walk-in,1,,False,REGULAR,2026-06-04T03:46:25.274773+08:00,2026-06-04T03:46:25.274773+08:00
695,"{""id"": 650, ""order_detail"": {""id"": 695, ""slip_number"": ""9740846"", ""order_type"": ""DINE_IN"", ""payment_method"": ""CASH"", ""table_number"": ""4"", ""items_json"": [{""productId"": 10, ""name"": ""Leg - Meal"", ""price"": 149, ""quantity"": 1, ""discount"": 0}, {""productId"": 7, ""name"": ""Pechopak - Meal"", ""price"": 169, ""quantity"": 1, ""discount"": 0}], ""order_mode"": ""REGULAR""}, ""android_id"": null, ""total"": ""318.00"", ""completed_at"": ""2026-05-23T14:00:35.827397+08:00"", ""order"": 695}",,9740846,DINE_IN,CASH,"[{""productId"": 10, ""name"": ""Leg - Meal"", ""price"": 149, ""quantity"": 1, ""discount"": 0}, {""productId"": 7, ""name"": ""Pechopak - Meal"", ""price"": 169, ""quantity"": 1, ""discount"": 0}]",318.00,COMPLETED,walk-in,4,,False,REGULAR,2026-06-04T03:46:25.266773+08:00,2026-06-04T03:46:25.266773+08:00
696,"{""id"": 648, ""order_detail"": {""id"": 696, ""slip_number"": ""9740847"", ""order_type"": ""DINE_IN"", ""payment_method"": ""CASH"", ""table_number"": ""5"", ""items_json"": [{""productId"": 10, ""name"": ""Leg - Meal"", ""price"": 149, ""quantity"": 1, ""discount"": 0}, {""productId"": 7, ""name"": ""Pechopak - Meal"", ""price"": 169, ""quantity"": 1, ""discount"": 0}, {""productId"": 8, ""name"": ""Liempo - Meal"", ""price"": 189, ""quantity"": 1, ""discount"": 0}, {""productId"": 3, ""name"": ""Icetea - Icetea Glass"", ""price"": 39, ""quantity"": 1}], ""order_mode"": ""REGULAR""}, ""android_id"": null, ""total"": ""546.00"", ""completed_at"": ""2026-05-23T12:36:10.128562+08:00"", ""order"": 696}",,9740847,DINE_IN,CASH,"[{""productId"": 10, ""name"": ""Leg - Meal"", ""price"": 149, ""quantity"": 1, ""discount"": 0}, {""productId"": 7, ""name"": ""Pechopak - Meal"", ""price"": 169, ""quantity"": 1, ""discount"": 0}, {""productId"": 8, ""name"": ""Liempo - Meal"", ""price"": 189, ""quantity"": 1, ""discount"": 0}, {""productId"": 3, ""name"": ""Icetea - Icetea Glass"", ""price"": 39, ""quantity"": 1}]",546.00,COMPLETED,walk-in,5,,False,REGULAR,2026-06-04T03:46:25.264698+08:00,2026-06-04T03:46:25.264698+08:00
697,"{""id"": 651, ""order_detail"": {""id"": 697, ""slip_number"": ""9740848"", ""order_type"": ""DINE_IN"", ""payment_method"": ""CASH"", ""table_number"": ""1"", ""items_json"": [{""productId"": 7, ""name"": ""Pechopak - Unli"", ""price"": 179, ""quantity"": 1, ""discount"": 0}, {""productId"": 5, ""name"": ""Sprite - Mismo"", ""price"": 25, ""quantity"": 1, ""discount"": 0}], ""order_mode"": ""REGULAR""}, ""android_id"": null, ""total"": ""204.00"", ""completed_at"": ""2026-05-23T14:00:36.907620+08:00"", ""order"": 697}",,9740848,DINE_IN,CASH,"[{""productId"": 7, ""name"": ""Pechopak - Unli"", ""price"": 179, ""quantity"": 1, ""discount"": 0}, {""productId"": 5, ""name"": ""Sprite - Mismo"", ""price"": 25, ""quantity"": 1, ""discount"": 0}]",204.00,COMPLETED,walk-in,1,,False,REGULAR,2026-06-04T03:46:25.253696+08:00,2026-06-04T03:46:25.253696+08:00
698,"{""id"": 652, ""order_detail"": {""id"": 698, ""slip_number"": ""9740849"", ""order_type"": ""DINE_IN"", ""payment_method"": ""CASH"", ""table_number"": """", ""items_json"": [{""productId"": 1, ""name"": ""Coke - Mismo"", ""price"": 25, ""quantity"": 1, ""discount"": 0}], ""order_mode"": ""REGULAR""}, ""android_id"": null, ""total"": ""25.00"", ""completed_at"": ""2026-05-23T14:00:41.503115+08:00"", ""order"": 698}",,9740849,DINE_IN,CASH,"[{""productId"": 1, ""name"": ""Coke - Mismo"", ""price"": 25, ""quantity"": 1, ""discount"": 0}]",25.00,COMPLETED,walk-in,,,False,REGULAR,2026-06-04T03:46:25.246692+08:00,2026-06-04T03:46:25.246692+08:00
699,"{""id"": 653, ""order_detail"": {""id"": 699, ""slip_number"": ""9740850"", ""order_type"": ""DINE_IN"", ""payment_method"": ""CASH"", ""table_number"": ""5"", ""items_json"": [{""productId"": 10, ""name"": ""Leg - Meal"", ""price"": 149, ""quantity"": 1, ""discount"": 0}, {""productId"": 5, ""name"": ""Sprite - Mismo"", ""price"": 25, ""quantity"": 1, ""discount"": 0}], ""order_mode"": ""REGULAR""}, ""android_id"": null, ""total"": ""174.00"", ""completed_at"": ""2026-05-23T14:27:20.776756+08:00"", ""order"": 699}",,9740850,DINE_IN,CASH,"[{""productId"": 10, ""name"": ""Leg - Meal"", ""price"": 149, ""quantity"": 1, ""discount"": 0}, {""productId"": 5, ""name"": ""Sprite - Mismo"", ""price"": 25, ""quantity"": 1, ""discount"": 0}]",174.00,COMPLETED,walk-in,5,,False,REGULAR,2026-06-04T03:46:25.234695+08:00,2026-06-04T03:46:25.234695+08:00
700,"{""id"": 654, ""order_detail"": {""id"": 700, ""slip_number"": ""9740851"", ""order_type"": ""DINE_IN"", ""payment_method"": ""CASH"", ""table_number"": ""4"", ""items_json"": [{""productId"": 7, ""name"": ""Pechopak - Unli"", ""price"": 179, ""quantity"": 1, ""discount"": 0}, {""productId"": 8, ""name"": ""Liempo - Unli"", ""price"": 199, ""quantity"": 1, ""discount"": 0}, {""productId"": 3, ""name"": ""Icetea - Icetea Pitcher"", ""price"": 129, ""quantity"": 1, ""discount"": 0}], ""order_mode"": ""REGULAR""}, ""android_id"": null, ""total"": ""507.00"", ""completed_at"": ""2026-05-23T16:15:32.883635+08:00"", ""order"": 700}",,9740851,DINE_IN,CASH,"[{""productId"": 7, ""name"": ""Pechopak - Unli"", ""price"": 179, ""quantity"": 1, ""discount"": 0}, {""productId"": 8, ""name"": ""Liempo - Unli"", ""price"": 199, ""quantity"": 1, ""discount"": 0}, {""productId"": 3, ""name"": ""Icetea - Icetea Pitcher"", ""price"": 129, ""quantity"": 1, ""discount"": 0}]",507.00,COMPLETED,walk-in,4,,False,REGULAR,2026-06-04T03:46:25.227188+08:00,2026-06-04T03:46:25.227188+08:00
701,"{""id"": 655, ""order_detail"": {""id"": 701, ""slip_number"": ""9740852"", ""order_type"": ""DINE_IN"", ""payment_method"": ""GCASH"", ""table_number"": ""1"", ""items_json"": [{""productId"": 7, ""name"": ""Pechopak - Unli"", ""price"": 179, ""quantity"": 2, ""discount"": 0}, {""productId"": 7, ""name"": ""Pechopak - Meal"", ""price"": 169, ""quantity"": 1, ""discount"": 0}, {""productId"": 3, ""name"": ""Icetea - Icetea Pitcher"", ""price"": 129, ""quantity"": 1, ""discount"": 0}], ""order_mode"": ""REGULAR""}, ""android_id"": null, ""total"": ""656.00"", ""completed_at"": ""2026-05-23T17:16:01.021350+08:00"", ""order"": 701}",,9740852,DINE_IN,GCASH,"[{""productId"": 7, ""name"": ""Pechopak - Unli"", ""price"": 179, ""quantity"": 2, ""discount"": 0}, {""productId"": 7, ""name"": ""Pechopak - Meal"", ""price"": 169, ""quantity"": 1, ""discount"": 0}, {""productId"": 3, ""name"": ""Icetea - Icetea Pitcher"", ""price"": 129, ""quantity"": 1, ""discount"": 0}]",656.00,COMPLETED,walk-in,1,,False,REGULAR,2026-06-04T03:46:25.224434+08:00,2026-06-04T03:46:25.224434+08:00
702,"{""id"": 656, ""order_detail"": {""id"": 702, ""slip_number"": ""9740853"", ""order_type"": ""TAKE_OUT"", ""payment_method"": ""CASH"", ""table_number"": ""3"", ""items_json"": [{""productId"": 10, ""name"": ""Leg - Meal"", ""price"": 149, ""quantity"": 1, ""discount"": 0}], ""order_mode"": ""REGULAR""}, ""android_id"": null, ""total"": ""149.00"", ""completed_at"": ""2026-05-23T17:16:06.675201+08:00"", ""order"": 702}",,9740853,TAKE_OUT,CASH,"[{""productId"": 10, ""name"": ""Leg - Meal"", ""price"": 149, ""quantity"": 1, ""discount"": 0}]",149.00,COMPLETED,walk-in,3,,False,REGULAR,2026-06-04T03:46:25.214202+08:00,2026-06-04T03:46:25.214202+08:00
703,"{""id"": 658, ""order_detail"": {""id"": 703, ""slip_number"": ""9740854"", ""order_type"": ""DINE_IN"", ""payment_method"": ""CASH"", ""table_number"": ""4"", ""items_json"": [{""productId"": 7, ""name"": ""Pechopak - Unli"", ""price"": 179, ""quantity"": 3, ""discount"": 0}], ""order_mode"": ""REGULAR""}, ""android_id"": null, ""total"": ""537.00"", ""completed_at"": ""2026-05-23T18:07:21.402184+08:00"", ""order"": 703}",,9740854,DINE_IN,CASH,"[{""productId"": 7, ""name"": ""Pechopak - Unli"", ""price"": 179, ""quantity"": 3, ""discount"": 0}]",537.00,COMPLETED,walk-in,4,,False,REGULAR,2026-06-04T03:46:25.205192+08:00,2026-06-04T03:46:25.205192+08:00
704,"{""id"": 659, ""order_detail"": {""id"": 704, ""slip_number"": ""9740855"", ""order_type"": ""DINE_IN"", ""payment_method"": ""CASH"", ""table_number"": ""3"", ""items_json"": [{""productId"": 10, ""name"": ""Leg - Meal"", ""price"": 149, ""quantity"": 2, ""discount"": 0}], ""order_mode"": ""REGULAR""}, ""android_id"": null, ""total"": ""298.00"", ""completed_at"": ""2026-05-23T18:07:22.469608+08:00"", ""order"": 704}",,9740855,DINE_IN,CASH,"[{""productId"": 10, ""name"": ""Leg - Meal"", ""price"": 149, ""quantity"": 2, ""discount"": 0}]",298.00,COMPLETED,walk-in,3,,False,REGULAR,2026-06-04T03:46:25.197449+08:00,2026-06-04T03:46:25.197449+08:00
705,"{""id"": 660, ""order_detail"": {""id"": 705, ""slip_number"": ""9740856"", ""order_type"": ""DINE_IN"", ""payment_method"": ""CASH"", ""table_number"": ""5"", ""items_json"": [{""productId"": 7, ""name"": ""Pechopak - Unli"", ""price"": 179, ""quantity"": 4, ""discount"": 0}, {""productId"": 4, ""name"": ""Royal - 1.5"", ""price"": 120, ""quantity"": 1, ""discount"": 0}], ""order_mode"": ""REGULAR""}, ""android_id"": null, ""total"": ""836.00"", ""completed_at"": ""2026-05-23T18:07:25.994621+08:00"", ""order"": 705}",,9740856,DINE_IN,CASH,"[{""productId"": 7, ""name"": ""Pechopak - Unli"", ""price"": 179, ""quantity"": 4, ""discount"": 0}, {""productId"": 4, ""name"": ""Royal - 1.5"", ""price"": 120, ""quantity"": 1, ""discount"": 0}]",836.00,COMPLETED,walk-in,5,,False,REGULAR,2026-06-04T03:46:25.188029+08:00,2026-06-04T03:46:25.188029+08:00
706,"{""id"": 657, ""order_detail"": {""id"": 706, ""slip_number"": ""9740857"", ""order_type"": ""DINE_IN"", ""payment_method"": ""CASH"", ""table_number"": """", ""items_json"": [{""productId"": 3, ""name"": ""Icetea - Icetea Glass"", ""price"": 39, ""quantity"": 1, ""discount"": 0}], ""order_mode"": ""REGULAR""}, ""android_id"": null, ""total"": ""39.00"", ""completed_at"": ""2026-05-23T18:00:47.152183+08:00"", ""order"": 706}",,9740857,DINE_IN,CASH,"[{""productId"": 3, ""name"": ""Icetea - Icetea Glass"", ""price"": 39, ""quantity"": 1, ""discount"": 0}]",39.00,COMPLETED,walk-in,,,False,REGULAR,2026-06-04T03:46:25.176853+08:00,2026-06-04T03:46:25.176853+08:00
707,"{""id"": 661, ""order_detail"": {""id"": 707, ""slip_number"": ""9740858"", ""order_type"": ""DINE_IN"", ""payment_method"": ""CASH"", ""table_number"": ""1"", ""items_json"": [{""productId"": 7, ""name"": ""Pechopak - Meal"", ""price"": 169, ""quantity"": 2, ""discount"": 0}], ""order_mode"": ""REGULAR""}, ""android_id"": null, ""total"": ""338.00"", ""completed_at"": ""2026-05-23T18:58:53.655879+08:00"", ""order"": 707}",,9740858,DINE_IN,CASH,"[{""productId"": 7, ""name"": ""Pechopak - Meal"", ""price"": 169, ""quantity"": 2, ""discount"": 0}]",338.00,COMPLETED,walk-in,1,,False,REGULAR,2026-06-04T03:46:25.167173+08:00,2026-06-04T03:46:25.167173+08:00
708,"{""id"": 662, ""order_detail"": {""id"": 708, ""slip_number"": ""9740859"", ""order_type"": ""DINE_IN"", ""payment_method"": ""CASH"", ""table_number"": ""1"", ""items_json"": [{""productId"": 11, ""name"": ""Wings - Unli"", ""price"": 139, ""quantity"": 1, ""discount"": 20}, {""productId"": 7, ""name"": ""Pechopak - Meal"", ""price"": 169, ""quantity"": 1, ""discount"": 20}, {""productId"": 3, ""name"": ""Icetea - Icetea Glass"", ""price"": 39, ""quantity"": 2, ""discount"": 20}], ""order_mode"": ""REGULAR""}, ""android_id"": null, ""total"": ""308.80"", ""completed_at"": ""2026-05-23T19:26:28.245526+08:00"", ""order"": 708}",,9740859,DINE_IN,CASH,"[{""productId"": 11, ""name"": ""Wings - Unli"", ""price"": 139, ""quantity"": 1, ""discount"": 20}, {""productId"": 7, ""name"": ""Pechopak - Meal"", ""price"": 169, ""quantity"": 1, ""discount"": 20}, {""productId"": 3, ""name"": ""Icetea - Icetea Glass"", ""price"": 39, ""quantity"": 2, ""discount"": 20}]",308.80,COMPLETED,walk-in,1,,False,REGULAR,2026-06-04T03:46:25.165176+08:00,2026-06-04T03:46:25.165176+08:00
709,"{""id"": 663, ""order_detail"": {""id"": 709, ""slip_number"": ""9740860"", ""order_type"": ""TAKE_OUT"", ""payment_method"": ""CASH"", ""table_number"": ""1"", ""items_json"": [{""productId"": 7, ""name"": ""Pechopak - Unli"", ""price"": 179, ""quantity"": 2, ""discount"": 0}], ""order_mode"": ""REGULAR""}, ""android_id"": null, ""total"": ""358.00"", ""completed_at"": ""2026-05-23T19:33:54.794499+08:00"", ""order"": 709}",,9740860,TAKE_OUT,CASH,"[{""productId"": 7, ""name"": ""Pechopak - Unli"", ""price"": 179, ""quantity"": 2, ""discount"": 0}]",358.00,COMPLETED,walk-in,1,,False,REGULAR,2026-06-04T03:46:25.160334+08:00,2026-06-04T03:46:25.160334+08:00
710,"{""id"": 664, ""order_detail"": {""id"": 710, ""slip_number"": ""9740861"", ""order_type"": ""DINE_IN"", ""payment_method"": ""CASH"", ""table_number"": ""5"", ""items_json"": [{""productId"": 10, ""name"": ""Leg - Unli"", ""price"": 159, ""quantity"": 1, ""discount"": 0}, {""productId"": 7, ""name"": ""Pechopak - Unli"", ""price"": 179, ""quantity"": 1, ""discount"": 0}, {""productId"": 3, ""name"": ""Icetea - Icetea Glass"", ""price"": 39, ""quantity"": 2, ""discount"": 0}], ""order_mode"": ""REGULAR""}, ""android_id"": null, ""total"": ""416.00"", ""completed_at"": ""2026-05-23T20:16:30.761946+08:00"", ""order"": 710}",,9740861,DINE_IN,CASH,"[{""productId"": 10, ""name"": ""Leg - Unli"", ""price"": 159, ""quantity"": 1, ""discount"": 0}, {""productId"": 7, ""name"": ""Pechopak - Unli"", ""price"": 179, ""quantity"": 1, ""discount"": 0}, {""productId"": 3, ""name"": ""Icetea - Icetea Glass"", ""price"": 39, ""quantity"": 2, ""discount"": 0}]",416.00,COMPLETED,walk-in,5,,False,REGULAR,2026-06-04T03:46:25.146813+08:00,2026-06-04T03:46:25.146813+08:00
711,"{""id"": 667, ""order_detail"": {""id"": 711, ""slip_number"": ""9740862"", ""order_type"": ""DINE_IN"", ""payment_method"": ""CASH"", ""table_number"": ""3"", ""items_json"": [{""productId"": 10, ""name"": ""Leg - Meal"", ""price"": 149, ""quantity"": 2, ""discount"": 0}, {""productId"": 8, ""name"": ""Liempo - Meal"", ""price"": 189, ""quantity"": 1, ""discount"": 0}, {""productId"": 1, ""name"": ""Coke - Mismo"", ""price"": 25, ""quantity"": 2, ""discount"": 0}, {""productId"": 3, ""name"": ""Icetea - Icetea Glass"", ""price"": 39, ""quantity"": 1, ""discount"": 0}], ""order_mode"": ""REGULAR""}, ""android_id"": null, ""total"": ""576.00"", ""completed_at"": ""2026-05-23T20:51:11.695352+08:00"", ""order"": 711}",,9740862,DINE_IN,CASH,"[{""productId"": 10, ""name"": ""Leg - Meal"", ""price"": 149, ""quantity"": 2, ""discount"": 0}, {""productId"": 8, ""name"": ""Liempo - Meal"", ""price"": 189, ""quantity"": 1, ""discount"": 0}, {""productId"": 1, ""name"": ""Coke - Mismo"", ""price"": 25, ""quantity"": 2, ""discount"": 0}, {""productId"": 3, ""name"": ""Icetea - Icetea Glass"", ""price"": 39, ""quantity"": 1, ""discount"": 0}]",576.00,COMPLETED,walk-in,3,,False,REGULAR,2026-06-04T03:46:25.143564+08:00,2026-06-04T03:46:25.143564+08:00
712,"{""id"": 665, ""order_detail"": {""id"": 712, ""slip_number"": ""9740863"", ""order_type"": ""DINE_IN"", ""payment_method"": ""CASH"", ""table_number"": ""1"", ""items_json"": [{""productId"": 8, ""name"": ""Liempo - Unli"", ""price"": 199, ""quantity"": 1, ""discount"": 0}, {""productId"": 7, ""name"": ""Pechopak - Unli"", ""price"": 179, ""quantity"": 1}, {""productId"": 3, ""name"": ""Icetea - Icetea Glass"", ""price"": 39, ""quantity"": 1}], ""order_mode"": ""REGULAR""}, ""android_id"": null, ""total"": ""417.00"", ""completed_at"": ""2026-05-23T20:27:00+08:00"", ""order"": 712}",,9740863,DINE_IN,CASH,"[{""productId"": 8, ""name"": ""Liempo - Unli"", ""price"": 199, ""quantity"": 1, ""discount"": 0}, {""productId"": 7, ""name"": ""Pechopak - Unli"", ""price"": 179, ""quantity"": 1}, {""productId"": 3, ""name"": ""Icetea - Icetea Glass"", ""price"": 39, ""quantity"": 1}]",417.00,COMPLETED,walk-in,1,,False,REGULAR,2026-06-04T03:46:25.126623+08:00,2026-06-04T03:46:25.126623+08:00
713,"{""id"": 666, ""order_detail"": {""id"": 713, ""slip_number"": ""9740864"", ""order_type"": ""DINE_IN"", ""payment_method"": ""CASH"", ""table_number"": ""3"", ""items_json"": [{""productId"": 7, ""name"": ""Pechopak - Unli"", ""price"": 179, ""quantity"": 1, ""discount"": 0}], ""order_mode"": ""REGULAR""}, ""android_id"": null, ""total"": ""179.00"", ""completed_at"": ""2026-05-23T20:40:13.045033+08:00"", ""order"": 713}",,9740864,DINE_IN,CASH,"[{""productId"": 7, ""name"": ""Pechopak - Unli"", ""price"": 179, ""quantity"": 1, ""discount"": 0}]",179.00,COMPLETED,walk-in,3,,False,REGULAR,2026-06-04T03:46:25.124625+08:00,2026-06-04T03:46:25.124625+08:00
714,"{""id"": 668, ""order_detail"": {""id"": 714, ""slip_number"": ""9740865"", ""order_type"": ""DINE_IN"", ""payment_method"": ""CASH"", ""table_number"": """", ""items_json"": [{""productId"": 8, ""name"": ""Liempo - Meal"", ""price"": 189, ""quantity"": 1, ""discount"": 0}, {""productId"": 3, ""name"": ""Icetea - Icetea Glass"", ""price"": 39, ""quantity"": 1}], ""order_mode"": ""REGULAR""}, ""android_id"": null, ""total"": ""228.00"", ""completed_at"": ""2026-05-23T20:51:33.721933+08:00"", ""order"": 714}",,9740865,DINE_IN,CASH,"[{""productId"": 8, ""name"": ""Liempo - Meal"", ""price"": 189, ""quantity"": 1, ""discount"": 0}, {""productId"": 3, ""name"": ""Icetea - Icetea Glass"", ""price"": 39, ""quantity"": 1}]",228.00,COMPLETED,walk-in,,,False,REGULAR,2026-06-04T03:46:25.116976+08:00,2026-06-04T03:46:25.116976+08:00
715,"{""id"": 669, ""order_detail"": {""id"": 715, ""slip_number"": ""9740866"", ""order_type"": ""DINE_IN"", ""payment_method"": ""CASH"", ""table_number"": ""1"", ""items_json"": [{""productId"": 10, ""name"": ""Leg - Unli"", ""price"": 159, ""quantity"": 1, ""discount"": 0}, {""productId"": 3, ""name"": ""Icetea - Icetea Glass"", ""price"": 39, ""quantity"": 2, ""discount"": 0}, {""productId"": 8, ""name"": ""Liempo - Unli"", ""price"": 199, ""quantity"": 1, ""discount"": 0}], ""order_mode"": ""REGULAR""}, ""android_id"": null, ""total"": ""436.00"", ""completed_at"": ""2026-05-23T21:01:50.915122+08:00"", ""order"": 715}",,9740866,DINE_IN,CASH,"[{""productId"": 10, ""name"": ""Leg - Unli"", ""price"": 159, ""quantity"": 1, ""discount"": 0}, {""productId"": 3, ""name"": ""Icetea - Icetea Glass"", ""price"": 39, ""quantity"": 2, ""discount"": 0}, {""productId"": 8, ""name"": ""Liempo - Unli"", ""price"": 199, ""quantity"": 1, ""discount"": 0}]",436.00,COMPLETED,walk-in,1,,False,REGULAR,2026-06-04T03:46:25.096526+08:00,2026-06-04T03:46:25.096526+08:00
716,"{""id"": 670, ""order_detail"": {""id"": 716, ""slip_number"": ""9740867"", ""order_type"": ""DINE_IN"", ""payment_method"": ""CASH"", ""table_number"": ""3"", ""items_json"": [{""productId"": 10, ""name"": ""Leg - Meal"", ""price"": 149, ""quantity"": 1, ""discount"": 0}, {""productId"": 7, ""name"": ""Pechopak - Meal"", ""price"": 169, ""quantity"": 1, ""discount"": 0}, {""productId"": 3, ""name"": ""Icetea - Icetea Glass"", ""price"": 39, ""quantity"": 2, ""discount"": 0}], ""order_mode"": ""REGULAR""}, ""android_id"": null, ""total"": ""396.00"", ""completed_at"": ""2026-05-23T22:31:39.907608+08:00"", ""order"": 716}",,9740867,DINE_IN,CASH,"[{""productId"": 10, ""name"": ""Leg - Meal"", ""price"": 149, ""quantity"": 1, ""discount"": 0}, {""productId"": 7, ""name"": ""Pechopak - Meal"", ""price"": 169, ""quantity"": 1, ""discount"": 0}, {""productId"": 3, ""name"": ""Icetea - Icetea Glass"", ""price"": 39, ""quantity"": 2, ""discount"": 0}]",396.00,COMPLETED,walk-in,3,,False,REGULAR,2026-06-04T03:46:25.084583+08:00,2026-06-04T03:46:25.084583+08:00
717,"{""id"": 671, ""order_detail"": {""id"": 717, ""slip_number"": ""9740868"", ""order_type"": ""DINE_IN"", ""payment_method"": ""GCASH"", ""table_number"": ""3"", ""items_json"": [{""productId"": 10, ""name"": ""Leg - Unli"", ""price"": 159, ""quantity"": 2, ""discount"": 0}, {""productId"": 3, ""name"": ""Icetea - Icetea Glass"", ""price"": 39, ""quantity"": 2, ""discount"": 0}], ""order_mode"": ""REGULAR""}, ""android_id"": null, ""total"": ""396.00"", ""completed_at"": ""2026-05-23T22:31:44.649398+08:00"", ""order"": 717}",,9740868,DINE_IN,GCASH,"[{""productId"": 10, ""name"": ""Leg - Unli"", ""price"": 159, ""quantity"": 2, ""discount"": 0}, {""productId"": 3, ""name"": ""Icetea - Icetea Glass"", ""price"": 39, ""quantity"": 2, ""discount"": 0}]",396.00,COMPLETED,walk-in,3,,False,REGULAR,2026-06-04T03:46:25.077479+08:00,2026-06-04T03:46:25.077479+08:00
718,"{""id"": 672, ""order_detail"": {""id"": 718, ""slip_number"": ""9740869"", ""order_type"": ""DINE_IN"", ""payment_method"": ""CASH"", ""table_number"": ""2"", ""items_json"": [{""productId"": 10, ""name"": ""Leg - Unli"", ""price"": 159, ""quantity"": 3, ""discount"": 0}, {""productId"": 8, ""name"": ""Liempo - Unli"", ""price"": 199, ""quantity"": 1, ""discount"": 0}], ""order_mode"": ""REGULAR""}, ""android_id"": null, ""total"": ""676.00"", ""completed_at"": ""2026-05-23T22:56:15.774302+08:00"", ""order"": 718}",,9740869,DINE_IN,CASH,"[{""productId"": 10, ""name"": ""Leg - Unli"", ""price"": 159, ""quantity"": 3, ""discount"": 0}, {""productId"": 8, ""name"": ""Liempo - Unli"", ""price"": 199, ""quantity"": 1, ""discount"": 0}]",676.00,COMPLETED,walk-in,2,,False,REGULAR,2026-06-04T03:46:25.075480+08:00,2026-06-04T03:46:25.075480+08:00
719,"{""id"": 673, ""order_detail"": {""id"": 719, ""slip_number"": ""9740870"", ""order_type"": ""TAKE_OUT"", ""payment_method"": ""CASH"", ""table_number"": ""1"", ""items_json"": [{""productId"": 7, ""name"": ""Pechopak - Meal"", ""price"": 169, ""quantity"": 2, ""discount"": 0}, {""productId"": 1, ""name"": ""Coke - Mismo"", ""price"": 25, ""quantity"": 1}], ""order_mode"": ""REGULAR""}, ""android_id"": null, ""total"": ""363.00"", ""completed_at"": ""2026-05-24T11:32:13.021529+08:00"", ""order"": 719}",,9740870,TAKE_OUT,CASH,"[{""productId"": 7, ""name"": ""Pechopak - Meal"", ""price"": 169, ""quantity"": 2, ""discount"": 0}, {""productId"": 1, ""name"": ""Coke - Mismo"", ""price"": 25, ""quantity"": 1}]",363.00,COMPLETED,walk-in,1,,False,REGULAR,2026-06-04T03:46:25.073474+08:00,2026-06-04T03:46:25.073474+08:00
720,"{""id"": 674, ""order_detail"": {""id"": 720, ""slip_number"": ""9740871"", ""order_type"": ""DINE_IN"", ""payment_method"": ""CASH"", ""table_number"": """", ""items_json"": [{""productId"": 10, ""name"": ""Leg - Meal"", ""price"": 149, ""quantity"": 2, ""discount"": 0}, {""productId"": 1, ""name"": ""Coke - Mismo"", ""price"": 25, ""quantity"": 2}], ""order_mode"": ""REGULAR""}, ""android_id"": null, ""total"": ""348.00"", ""completed_at"": ""2026-05-24T11:32:15.628169+08:00"", ""order"": 720}",,9740871,DINE_IN,CASH,"[{""productId"": 10, ""name"": ""Leg - Meal"", ""price"": 149, ""quantity"": 2, ""discount"": 0}, {""productId"": 1, ""name"": ""Coke - Mismo"", ""price"": 25, ""quantity"": 2}]",348.00,COMPLETED,walk-in,,,False,REGULAR,2026-06-04T03:46:25.065092+08:00,2026-06-04T03:46:25.065092+08:00
721,"{""id"": 677, ""order_detail"": {""id"": 721, ""slip_number"": ""9740872"", ""order_type"": ""DINE_IN"", ""payment_method"": ""CASH"", ""table_number"": ""3"", ""items_json"": [{""productId"": 10, ""name"": ""Leg - Unli"", ""price"": 159, ""quantity"": 1, ""discount"": 0}, {""productId"": 7, ""name"": ""Pechopak - Unli"", ""price"": 179, ""quantity"": 1, ""discount"": 0}, {""productId"": 3, ""name"": ""Icetea - Icetea Glass"", ""price"": 39, ""quantity"": 2, ""discount"": 0}], ""order_mode"": ""REGULAR""}, ""android_id"": null, ""total"": ""416.00"", ""completed_at"": ""2026-05-24T12:24:48.665989+08:00"", ""order"": 721}",,9740872,DINE_IN,CASH,"[{""productId"": 10, ""name"": ""Leg - Unli"", ""price"": 159, ""quantity"": 1, ""discount"": 0}, {""productId"": 7, ""name"": ""Pechopak - Unli"", ""price"": 179, ""quantity"": 1, ""discount"": 0}, {""productId"": 3, ""name"": ""Icetea - Icetea Glass"", ""price"": 39, ""quantity"": 2, ""discount"": 0}]",416.00,COMPLETED,walk-in,3,,False,REGULAR,2026-06-04T03:46:25.057058+08:00,2026-06-04T03:46:25.057058+08:00
722,"{""id"": 678, ""order_detail"": {""id"": 722, ""slip_number"": ""9740873"", ""order_type"": ""DINE_IN"", ""payment_method"": ""CASH"", ""table_number"": ""4"", ""items_json"": [{""productId"": 11, ""name"": ""Wings - Meal"", ""price"": 129, ""quantity"": 1, ""discount"": 0}, {""productId"": 8, ""name"": ""Liempo - Meal"", ""price"": 189, ""quantity"": 1, ""discount"": 0}, {""productId"": 3, ""name"": ""Icetea - Icetea Pitcher"", ""price"": 129, ""quantity"": 1, ""discount"": 0}], ""order_mode"": ""REGULAR""}, ""android_id"": null, ""total"": ""447.00"", ""completed_at"": ""2026-05-24T12:25:10.235139+08:00"", ""order"": 722}",,9740873,DINE_IN,CASH,"[{""productId"": 11, ""name"": ""Wings - Meal"", ""price"": 129, ""quantity"": 1, ""discount"": 0}, {""productId"": 8, ""name"": ""Liempo - Meal"", ""price"": 189, ""quantity"": 1, ""discount"": 0}, {""productId"": 3, ""name"": ""Icetea - Icetea Pitcher"", ""price"": 129, ""quantity"": 1, ""discount"": 0}]",447.00,COMPLETED,walk-in,4,,False,REGULAR,2026-06-04T03:46:25.054053+08:00,2026-06-04T03:46:25.054053+08:00
723,"{""id"": 676, ""order_detail"": {""id"": 723, ""slip_number"": ""9740874"", ""order_type"": ""DINE_IN"", ""payment_method"": ""CASH"", ""table_number"": ""4"", ""items_json"": [{""productId"": 7, ""name"": ""Pechopak - Meal"", ""price"": 169, ""quantity"": 1, ""discount"": 0}], ""order_mode"": ""REGULAR""}, ""android_id"": null, ""total"": ""169.00"", ""completed_at"": ""2026-05-24T12:22:25.679635+08:00"", ""order"": 723}",,9740874,DINE_IN,CASH,"[{""productId"": 7, ""name"": ""Pechopak - Meal"", ""price"": 169, ""quantity"": 1, ""discount"": 0}]",169.00,COMPLETED,walk-in,4,,False,REGULAR,2026-06-04T03:46:25.051524+08:00,2026-06-04T03:46:25.051524+08:00
724,"{""id"": 675, ""order_detail"": {""id"": 724, ""slip_number"": ""9740875"", ""order_type"": ""DINE_IN"", ""payment_method"": ""CASH"", ""table_number"": """", ""items_json"": [{""productId"": 2, ""name"": ""Rice - Extra"", ""price"": 20, ""quantity"": 1, ""discount"": 0}], ""order_mode"": ""REGULAR""}, ""android_id"": null, ""total"": ""20.00"", ""completed_at"": ""2026-05-24T12:21:38.740499+08:00"", ""order"": 724}",,9740875,DINE_IN,CASH,"[{""productId"": 2, ""name"": ""Rice - Extra"", ""price"": 20, ""quantity"": 1, ""discount"": 0}]",20.00,COMPLETED,walk-in,,,False,REGULAR,2026-06-04T03:46:25.044669+08:00,2026-06-04T03:46:25.045671+08:00
725,"{""id"": 679, ""order_detail"": {""id"": 725, ""slip_number"": ""9740876"", ""order_type"": ""DINE_IN"", ""payment_method"": ""CASH"", ""table_number"": """", ""items_json"": [{""productId"": 8, ""name"": ""Liempo - Meal"", ""price"": 189, ""quantity"": 1, ""discount"": 0}, {""productId"": 3, ""name"": ""Icetea - Icetea Pitcher"", ""price"": 129, ""quantity"": 1, ""discount"": 0}], ""order_mode"": ""REGULAR""}, ""android_id"": null, ""total"": ""318.00"", ""completed_at"": ""2026-05-24T13:33:27.319343+08:00"", ""order"": 725}",,9740876,DINE_IN,CASH,"[{""productId"": 8, ""name"": ""Liempo - Meal"", ""price"": 189, ""quantity"": 1, ""discount"": 0}, {""productId"": 3, ""name"": ""Icetea - Icetea Pitcher"", ""price"": 129, ""quantity"": 1, ""discount"": 0}]",318.00,COMPLETED,walk-in,,,False,REGULAR,2026-06-04T03:46:25.037347+08:00,2026-06-04T03:46:25.037347+08:00
726,"{""id"": 680, ""order_detail"": {""id"": 726, ""slip_number"": ""9740877"", ""order_type"": ""DINE_IN"", ""payment_method"": ""CASH"", ""table_number"": ""1"", ""items_json"": [{""productId"": 7, ""name"": ""Pechopak - Unli"", ""price"": 179, ""quantity"": 2}, {""productId"": 1, ""name"": ""Coke - Mismo"", ""price"": 25, ""quantity"": 2, ""discount"": 0}], ""order_mode"": ""REGULAR""}, ""android_id"": null, ""total"": ""408.00"", ""completed_at"": ""2026-05-24T13:59:32.426318+08:00"", ""order"": 726}",,9740877,DINE_IN,CASH,"[{""productId"": 7, ""name"": ""Pechopak - Unli"", ""price"": 179, ""quantity"": 2}, {""productId"": 1, ""name"": ""Coke - Mismo"", ""price"": 25, ""quantity"": 2, ""discount"": 0}]",408.00,COMPLETED,walk-in,1,,False,REGULAR,2026-06-04T03:46:25.033952+08:00,2026-06-04T03:46:25.033952+08:00
728,,,9740877,DINE_IN,CASH,"[{""productId"": 1, ""name"": ""Coke - Mismo"", ""price"": 25, ""quantity"": 2, ""discount"": 0}]",50.00,VOIDED,walk-in,,,False,REGULAR,2026-06-04T03:46:25.024956+08:00,2026-06-04T03:46:25.024956+08:00
729,"{""id"": 682, ""order_detail"": {""id"": 729, ""slip_number"": ""9740878"", ""order_type"": ""DINE_IN"", ""payment_method"": ""GCASH"", ""table_number"": ""1"", ""items_json"": [{""productId"": 7, ""name"": ""Pechopak - Unli"", ""price"": 179, ""quantity"": 7, ""discount"": 0}], ""order_mode"": ""REGULAR""}, ""android_id"": null, ""total"": ""1253.00"", ""completed_at"": ""2026-05-24T14:34:28.063289+08:00"", ""order"": 729}",,9740878,DINE_IN,GCASH,"[{""productId"": 7, ""name"": ""Pechopak - Unli"", ""price"": 179, ""quantity"": 7, ""discount"": 0}]",1253.00,COMPLETED,walk-in,1,,False,REGULAR,2026-06-04T03:46:25.017955+08:00,2026-06-04T03:46:25.017955+08:00
730,"{""id"": 683, ""order_detail"": {""id"": 730, ""slip_number"": ""9740879"", ""order_type"": ""TAKE_OUT"", ""payment_method"": ""CASH"", ""table_number"": ""1"", ""items_json"": [{""productId"": 7, ""name"": ""Pechopak - Unli"", ""price"": 179, ""quantity"": 1, ""discount"": 0}], ""order_mode"": ""REGULAR""}, ""android_id"": null, ""total"": ""179.00"", ""completed_at"": ""2026-05-24T15:03:52.147423+08:00"", ""order"": 730}",,9740879,TAKE_OUT,CASH,"[{""productId"": 7, ""name"": ""Pechopak - Unli"", ""price"": 179, ""quantity"": 1, ""discount"": 0}]",179.00,COMPLETED,walk-in,1,,False,REGULAR,2026-06-04T03:46:25.016464+08:00,2026-06-04T03:46:25.016464+08:00
731,,,9740880,TAKE_OUT,CASH,"[{""productId"": 5, ""name"": ""Sprite - 1.5"", ""price"": 120, ""quantity"": 1, ""discount"": 0}, {""productId"": 3, ""name"": ""Icetea - Icetea Pitcher"", ""price"": 129, ""quantity"": 1, ""discount"": 0}]",249.00,VOIDED,walk-in,1,,True,REGULAR,2026-06-04T03:46:25.014464+08:00,2026-06-04T03:46:25.014464+08:00
732,"{""id"": 684, ""order_detail"": {""id"": 732, ""slip_number"": ""9740880"", ""order_type"": ""DINE_IN"", ""payment_method"": ""CASH"", ""table_number"": ""1"", ""items_json"": [{""productId"": 3, ""name"": ""Icetea - Icetea Pitcher"", ""price"": 129, ""quantity"": 2, ""discount"": 50}, {""productId"": 5, ""name"": ""Sprite - 1.5"", ""price"": 120, ""quantity"": 1, ""discount"": 0}], ""order_mode"": ""REGULAR""}, ""android_id"": null, ""total"": ""249.00"", ""completed_at"": ""2026-05-24T15:03:56.338579+08:00"", ""order"": 732}",,9740880,DINE_IN,CASH,"[{""productId"": 3, ""name"": ""Icetea - Icetea Pitcher"", ""price"": 129, ""quantity"": 2, ""discount"": 50}, {""productId"": 5, ""name"": ""Sprite - 1.5"", ""price"": 120, ""quantity"": 1, ""discount"": 0}]",249.00,COMPLETED,walk-in,1,,False,REGULAR,2026-06-04T03:46:25.004968+08:00,2026-06-04T03:46:25.004968+08:00
733,,,9740881,DINE_IN,CASH,"[{""productId"": 3, ""name"": ""Icetea - Icetea Glass"", ""price"": 39, ""quantity"": 4, ""discount"": 0}, {""productId"": 9, ""name"": ""BBQ - Only"", ""price"": 129, ""quantity"": 3}, {""productId"": 5, ""name"": ""Sprite - Mismo"", ""price"": 25, ""quantity"": 1}, {""productId"": 8, ""name"": ""Liempo - Only"", ""price"": 179, ""quantity"": 1}, {""productId"": 9, ""name"": ""BBQ - One Piece Only"", ""price"": 69, ""quantity"": 1}, {""productId"": 7, ""name"": ""Pechopak - Only"", ""price"": 159, ""quantity"": 1}]",975.00,READY,walk-in,,Joshua Mari Pantas,True,REGULAR,2026-06-04T03:46:24.997968+08:00,2026-06-04T03:46:24.997968+08:00
734,"{""id"": 685, ""order_detail"": {""id"": 734, ""slip_number"": ""9740882"", ""order_type"": ""DINE_IN"", ""payment_method"": ""GCASH"", ""table_number"": ""1"", ""items_json"": [{""productId"": 7, ""name"": ""Pechopak - Meal"", ""price"": 169, ""quantity"": 2, ""discount"": 0}], ""order_mode"": ""REGULAR""}, ""android_id"": null, ""total"": ""338.00"", ""completed_at"": ""2026-05-24T18:22:59.351279+08:00"", ""order"": 734}",,9740882,DINE_IN,GCASH,"[{""productId"": 7, ""name"": ""Pechopak - Meal"", ""price"": 169, ""quantity"": 2, ""discount"": 0}]",338.00,COMPLETED,walk-in,1,,False,REGULAR,2026-06-04T03:46:24.985147+08:00,2026-06-04T03:46:24.985147+08:00
735,"{""id"": 686, ""order_detail"": {""id"": 735, ""slip_number"": ""9740883"", ""order_type"": ""DINE_IN"", ""payment_method"": ""CASH"", ""table_number"": ""3"", ""items_json"": [{""productId"": 11, ""name"": ""Wings - Meal"", ""price"": 129, ""quantity"": 3, ""discount"": 0}, {""productId"": 10, ""name"": ""Leg - Meal"", ""price"": 149, ""quantity"": 1, ""discount"": 0}, {""productId"": 12, ""name"": ""Water - Bottled"", ""price"": 20, ""quantity"": 2, ""discount"": 0}], ""order_mode"": ""REGULAR""}, ""android_id"": null, ""total"": ""576.00"", ""completed_at"": ""2026-05-24T18:39:44.796549+08:00"", ""order"": 735}",,9740883,DINE_IN,CASH,"[{""productId"": 11, ""name"": ""Wings - Meal"", ""price"": 129, ""quantity"": 3, ""discount"": 0}, {""productId"": 10, ""name"": ""Leg - Meal"", ""price"": 149, ""quantity"": 1, ""discount"": 0}, {""productId"": 12, ""name"": ""Water - Bottled"", ""price"": 20, ""quantity"": 2, ""discount"": 0}]",576.00,COMPLETED,walk-in,3,,False,REGULAR,2026-06-04T03:46:24.976643+08:00,2026-06-04T03:46:24.976643+08:00
736,"{""id"": 688, ""order_detail"": {""id"": 736, ""slip_number"": ""9740884"", ""order_type"": ""DINE_IN"", ""payment_method"": ""CASH"", ""table_number"": ""3"", ""items_json"": [{""productId"": 11, ""name"": ""Wings - Unli"", ""price"": 139, ""quantity"": 1, ""discount"": 0}, {""productId"": 11, ""name"": ""Wings - Meal"", ""price"": 129, ""quantity"": 3, ""discount"": 0}], ""order_mode"": ""REGULAR""}, ""android_id"": null, ""total"": ""526.00"", ""completed_at"": ""2026-05-24T19:26:45.733165+08:00"", ""order"": 736}",,9740884,DINE_IN,CASH,"[{""productId"": 11, ""name"": ""Wings - Unli"", ""price"": 139, ""quantity"": 1, ""discount"": 0}, {""productId"": 11, ""name"": ""Wings - Meal"", ""price"": 129, ""quantity"": 3, ""discount"": 0}]",526.00,COMPLETED,walk-in,3,,False,REGULAR,2026-06-04T03:46:24.974640+08:00,2026-06-04T03:46:24.974640+08:00
737,"{""id"": 687, ""order_detail"": {""id"": 737, ""slip_number"": ""9740885"", ""order_type"": ""DINE_IN"", ""payment_method"": ""CASH"", ""table_number"": """", ""items_json"": [{""productId"": 2, ""name"": ""Rice - Extra"", ""price"": 20, ""quantity"": 4, ""discount"": 0}], ""order_mode"": ""REGULAR""}, ""android_id"": null, ""total"": ""80.00"", ""completed_at"": ""2026-05-24T19:21:17.286649+08:00"", ""order"": 737}",,9740885,DINE_IN,CASH,"[{""productId"": 2, ""name"": ""Rice - Extra"", ""price"": 20, ""quantity"": 4, ""discount"": 0}]",80.00,COMPLETED,walk-in,,,False,REGULAR,2026-06-04T03:46:24.963383+08:00,2026-06-04T03:46:24.963383+08:00
738,"{""id"": 689, ""order_detail"": {""id"": 738, ""slip_number"": ""9740886"", ""order_type"": ""DINE_IN"", ""payment_method"": ""CASH"", ""table_number"": ""1"", ""items_json"": [{""productId"": 10, ""name"": ""Leg - Meal"", ""price"": 149, ""quantity"": 1, ""discount"": 0}], ""order_mode"": ""REGULAR""}, ""android_id"": null, ""total"": ""149.00"", ""completed_at"": ""2026-05-24T20:09:41.206628+08:00"", ""order"": 738}",,9740886,DINE_IN,CASH,"[{""productId"": 10, ""name"": ""Leg - Meal"", ""price"": 149, ""quantity"": 1, ""discount"": 0}]",149.00,COMPLETED,walk-in,1,,False,REGULAR,2026-06-04T03:46:24.956383+08:00,2026-06-04T03:46:24.956383+08:00
739,"{""id"": 690, ""order_detail"": {""id"": 739, ""slip_number"": ""9740887"", ""order_type"": ""DINE_IN"", ""payment_method"": ""CASH"", ""table_number"": ""1"", ""items_json"": [{""productId"": 10, ""name"": ""Leg - Meal"", ""price"": 149, ""quantity"": 1, ""discount"": 0}, {""productId"": 8, ""name"": ""Liempo - Unli"", ""price"": 199, ""quantity"": 1, ""discount"": 0}], ""order_mode"": ""REGULAR""}, ""android_id"": null, ""total"": ""348.00"", ""completed_at"": ""2026-05-24T21:06:15.926185+08:00"", ""order"": 739}",,9740887,DINE_IN,CASH,"[{""productId"": 10, ""name"": ""Leg - Meal"", ""price"": 149, ""quantity"": 1, ""discount"": 0}, {""productId"": 8, ""name"": ""Liempo - Unli"", ""price"": 199, ""quantity"": 1, ""discount"": 0}]",348.00,COMPLETED,walk-in,1,,False,REGULAR,2026-06-04T03:46:24.944104+08:00,2026-06-04T03:46:24.944104+08:00
740,"{""id"": 691, ""order_detail"": {""id"": 740, ""slip_number"": ""9740888"", ""order_type"": ""DINE_IN"", ""payment_method"": ""CASH"", ""table_number"": ""3"", ""items_json"": [{""productId"": 10, ""name"": ""Leg - Unli"", ""price"": 159, ""quantity"": 1, ""discount"": 20}], ""order_mode"": ""REGULAR""}, ""android_id"": null, ""total"": ""127.20"", ""completed_at"": ""2026-05-24T21:07:48.746380+08:00"", ""order"": 740}",,9740888,DINE_IN,CASH,"[{""productId"": 10, ""name"": ""Leg - Unli"", ""price"": 159, ""quantity"": 1, ""discount"": 20}]",127.20,COMPLETED,walk-in,3,,False,REGULAR,2026-06-04T03:46:24.936596+08:00,2026-06-04T03:46:24.936596+08:00
741,"{""id"": 692, ""order_detail"": {""id"": 741, ""slip_number"": ""9740889"", ""order_type"": ""DINE_IN"", ""payment_method"": ""GCASH"", ""table_number"": ""3"", ""items_json"": [{""productId"": 10, ""name"": ""Leg - Unli"", ""price"": 159, ""quantity"": 1, ""discount"": 20}], ""order_mode"": ""REGULAR""}, ""android_id"": null, ""total"": ""127.20"", ""completed_at"": ""2026-05-24T21:07:51.263914+08:00"", ""order"": 741}",,9740889,DINE_IN,GCASH,"[{""productId"": 10, ""name"": ""Leg - Unli"", ""price"": 159, ""quantity"": 1, ""discount"": 20}]",127.20,COMPLETED,walk-in,3,,False,REGULAR,2026-06-04T03:46:24.926611+08:00,2026-06-04T03:46:24.926611+08:00
742,"{""id"": 693, ""order_detail"": {""id"": 742, ""slip_number"": ""9740890"", ""order_type"": ""DINE_IN"", ""payment_method"": ""CASH"", ""table_number"": ""3"", ""items_json"": [{""productId"": 11, ""name"": ""Wings - Meal"", ""price"": 129, ""quantity"": 1, ""discount"": 20}], ""order_mode"": ""REGULAR""}, ""android_id"": null, ""total"": ""103.20"", ""completed_at"": ""2026-05-24T21:08:03.961198+08:00"", ""order"": 742}",,9740890,DINE_IN,CASH,"[{""productId"": 11, ""name"": ""Wings - Meal"", ""price"": 129, ""quantity"": 1, ""discount"": 20}]",103.20,COMPLETED,walk-in,3,,False,REGULAR,2026-06-04T03:46:24.917606+08:00,2026-06-04T03:46:24.917606+08:00
743,"{""id"": 694, ""order_detail"": {""id"": 743, ""slip_number"": ""9740891"", ""order_type"": ""DINE_IN"", ""payment_method"": ""CASH"", ""table_number"": ""3"", ""items_json"": [{""productId"": 10, ""name"": ""Leg - Unli"", ""price"": 159, ""quantity"": 1, ""discount"": 20}], ""order_mode"": ""REGULAR""}, ""android_id"": null, ""total"": ""127.20"", ""completed_at"": ""2026-05-24T21:08:08.319381+08:00"", ""order"": 743}",,9740891,DINE_IN,CASH,"[{""productId"": 10, ""name"": ""Leg - Unli"", ""price"": 159, ""quantity"": 1, ""discount"": 20}]",127.20,COMPLETED,walk-in,3,,False,REGULAR,2026-06-04T03:46:24.914606+08:00,2026-06-04T03:46:24.914606+08:00
744,"{""id"": 695, ""order_detail"": {""id"": 744, ""slip_number"": ""9740892"", ""order_type"": ""DINE_IN"", ""payment_method"": ""CASH"", ""table_number"": ""3"", ""items_json"": [{""productId"": 11, ""name"": ""Wings - Unli"", ""price"": 139, ""quantity"": 1, ""discount"": 20}], ""order_mode"": ""REGULAR""}, ""android_id"": null, ""total"": ""111.20"", ""completed_at"": ""2026-05-24T21:08:10.494846+08:00"", ""order"": 744}",,9740892,DINE_IN,CASH,"[{""productId"": 11, ""name"": ""Wings - Unli"", ""price"": 139, ""quantity"": 1, ""discount"": 20}]",111.20,COMPLETED,walk-in,3,,False,REGULAR,2026-06-04T03:46:24.904051+08:00,2026-06-04T03:46:24.904051+08:00
745,"{""id"": 696, ""order_detail"": {""id"": 745, ""slip_number"": ""9740893"", ""order_type"": ""DINE_IN"", ""payment_method"": ""CASH"", ""table_number"": ""4"", ""items_json"": [{""productId"": 8, ""name"": ""Liempo - Unli"", ""price"": 199, ""quantity"": 1, ""discount"": 0}, {""productId"": 7, ""name"": ""Pechopak - Unli"", ""price"": 179, ""quantity"": 1, ""discount"": 0}, {""productId"": 5, ""name"": ""Sprite - Mismo"", ""price"": 25, ""quantity"": 1, ""discount"": 0}], ""order_mode"": ""REGULAR""}, ""android_id"": null, ""total"": ""403.00"", ""completed_at"": ""2026-05-24T21:09:30.625112+08:00"", ""order"": 745}",,9740893,DINE_IN,CASH,"[{""productId"": 8, ""name"": ""Liempo - Unli"", ""price"": 199, ""quantity"": 1, ""discount"": 0}, {""productId"": 7, ""name"": ""Pechopak - Unli"", ""price"": 179, ""quantity"": 1, ""discount"": 0}, {""productId"": 5, ""name"": ""Sprite - Mismo"", ""price"": 25, ""quantity"": 1, ""discount"": 0}]",403.00,COMPLETED,walk-in,4,,False,REGULAR,2026-06-04T03:46:24.895531+08:00,2026-06-04T03:46:24.895531+08:00
746,"{""id"": 697, ""order_detail"": {""id"": 746, ""slip_number"": ""9740894"", ""order_type"": ""DINE_IN"", ""payment_method"": ""CASH"", ""table_number"": ""4"", ""items_json"": [{""productId"": 11, ""name"": ""Wings - Meal"", ""price"": 129, ""quantity"": 1, ""discount"": 0}, {""productId"": 11, ""name"": ""Wings - Unli"", ""price"": 139, ""quantity"": 1, ""discount"": 0}, {""productId"": 3, ""name"": ""Icetea - Icetea Glass"", ""price"": 39, ""quantity"": 1, ""discount"": 0}], ""order_mode"": ""REGULAR""}, ""android_id"": null, ""total"": ""307.00"", ""completed_at"": ""2026-05-24T21:41:46.604481+08:00"", ""order"": 746}",,9740894,DINE_IN,CASH,"[{""productId"": 11, ""name"": ""Wings - Meal"", ""price"": 129, ""quantity"": 1, ""discount"": 0}, {""productId"": 11, ""name"": ""Wings - Unli"", ""price"": 139, ""quantity"": 1, ""discount"": 0}, {""productId"": 3, ""name"": ""Icetea - Icetea Glass"", ""price"": 39, ""quantity"": 1, ""discount"": 0}]",307.00,COMPLETED,walk-in,4,,False,REGULAR,2026-06-04T03:46:24.887012+08:00,2026-06-04T03:46:24.887012+08:00
747,"{""id"": 698, ""order_detail"": {""id"": 747, ""slip_number"": ""9740895"", ""order_type"": ""DINE_IN"", ""payment_method"": ""GCASH"", ""table_number"": """", ""items_json"": [{""productId"": 10, ""name"": ""Leg - Only"", ""price"": 139, ""quantity"": 1, ""discount"": 0}], ""order_mode"": ""REGULAR""}, ""android_id"": null, ""total"": ""139.00"", ""completed_at"": ""2026-05-24T21:45:46.818286+08:00"", ""order"": 747}",,9740895,DINE_IN,GCASH,"[{""productId"": 10, ""name"": ""Leg - Only"", ""price"": 139, ""quantity"": 1, ""discount"": 0}]",139.00,COMPLETED,walk-in,,,False,REGULAR,2026-06-04T03:46:24.876991+08:00,2026-06-04T03:46:24.876991+08:00
748,"{""id"": 699, ""order_detail"": {""id"": 748, ""slip_number"": ""9740896"", ""order_type"": ""DINE_IN"", ""payment_method"": ""CASH"", ""table_number"": ""3"", ""items_json"": [{""productId"": 10, ""name"": ""Leg - Meal"", ""price"": 149, ""quantity"": 1, ""discount"": 0}, {""productId"": 5, ""name"": ""Sprite - Mismo"", ""price"": 25, ""quantity"": 1}], ""order_mode"": ""REGULAR""}, ""android_id"": null, ""total"": ""174.00"", ""completed_at"": ""2026-05-24T21:57:02.467706+08:00"", ""order"": 748}",,9740896,DINE_IN,CASH,"[{""productId"": 10, ""name"": ""Leg - Meal"", ""price"": 149, ""quantity"": 1, ""discount"": 0}, {""productId"": 5, ""name"": ""Sprite - Mismo"", ""price"": 25, ""quantity"": 1}]",174.00,COMPLETED,walk-in,3,,False,REGULAR,2026-06-04T03:46:24.874992+08:00,2026-06-04T03:46:24.874992+08:00
749,"{""id"": 700, ""order_detail"": {""id"": 749, ""slip_number"": ""9740897"", ""order_type"": ""DINE_IN"", ""payment_method"": ""CASH"", ""table_number"": ""1"", ""items_json"": [{""productId"": 7, ""name"": ""Pechopak - Meal"", ""price"": 169, ""quantity"": 3, ""discount"": 0}, {""productId"": 7, ""name"": ""Pechopak - Unli"", ""price"": 179, ""quantity"": 2, ""discount"": 0}], ""order_mode"": ""REGULAR""}, ""android_id"": null, ""total"": ""865.00"", ""completed_at"": ""2026-05-25T11:58:12.201940+08:00"", ""order"": 749}",,9740897,DINE_IN,CASH,"[{""productId"": 7, ""name"": ""Pechopak - Meal"", ""price"": 169, ""quantity"": 3, ""discount"": 0}, {""productId"": 7, ""name"": ""Pechopak - Unli"", ""price"": 179, ""quantity"": 2, ""discount"": 0}]",865.00,COMPLETED,walk-in,1,,False,REGULAR,2026-06-04T03:46:24.867216+08:00,2026-06-04T03:46:24.867216+08:00
750,"{""id"": 702, ""order_detail"": {""id"": 750, ""slip_number"": ""9740898"", ""order_type"": ""TAKE_OUT"", ""payment_method"": ""CASH"", ""table_number"": """", ""items_json"": [{""productId"": 7, ""name"": ""Pechopak - Unli"", ""price"": 179, ""quantity"": 2, ""discount"": 0}, {""productId"": 8, ""name"": ""Liempo - Unli"", ""price"": 199, ""quantity"": 1, ""discount"": 0}], ""order_mode"": ""REGULAR""}, ""android_id"": null, ""total"": ""557.00"", ""completed_at"": ""2026-05-25T12:51:05.665320+08:00"", ""order"": 750}",,9740898,TAKE_OUT,CASH,"[{""productId"": 7, ""name"": ""Pechopak - Unli"", ""price"": 179, ""quantity"": 2, ""discount"": 0}, {""productId"": 8, ""name"": ""Liempo - Unli"", ""price"": 199, ""quantity"": 1, ""discount"": 0}]",557.00,COMPLETED,walk-in,,,False,REGULAR,2026-06-04T03:46:24.856533+08:00,2026-06-04T03:46:24.856533+08:00
751,"{""id"": 701, ""order_detail"": {""id"": 751, ""slip_number"": ""9740899"", ""order_type"": ""DINE_IN"", ""payment_method"": ""CASH"", ""table_number"": ""4"", ""items_json"": [{""productId"": 10, ""name"": ""Leg - Unli"", ""price"": 159, ""quantity"": 2, ""discount"": 0}, {""productId"": 1, ""name"": ""Coke - Mismo"", ""price"": 25, ""quantity"": 2, ""discount"": 0}], ""order_mode"": ""REGULAR""}, ""android_id"": null, ""total"": ""368.00"", ""completed_at"": ""2026-05-25T12:24:26.613064+08:00"", ""order"": 751}",,9740899,DINE_IN,CASH,"[{""productId"": 10, ""name"": ""Leg - Unli"", ""price"": 159, ""quantity"": 2, ""discount"": 0}, {""productId"": 1, ""name"": ""Coke - Mismo"", ""price"": 25, ""quantity"": 2, ""discount"": 0}]",368.00,COMPLETED,walk-in,4,,False,REGULAR,2026-06-04T03:46:24.854533+08:00,2026-06-04T03:46:24.854533+08:00
752,"{""id"": 703, ""order_detail"": {""id"": 752, ""slip_number"": ""9740900"", ""order_type"": ""DINE_IN"", ""payment_method"": ""GCASH"", ""table_number"": ""4"", ""items_json"": [{""productId"": 7, ""name"": ""Pechopak - Unli"", ""price"": 179, ""quantity"": 1, ""discount"": 0}, {""productId"": 8, ""name"": ""Liempo - Unli"", ""price"": 199, ""quantity"": 1, ""discount"": 0}, {""productId"": 4, ""name"": ""Royal - 1.5"", ""price"": 120, ""quantity"": 1, ""discount"": 0}], ""order_mode"": ""REGULAR""}, ""android_id"": null, ""total"": ""498.00"", ""completed_at"": ""2026-05-25T13:28:45.808215+08:00"", ""order"": 752}",,9740900,DINE_IN,GCASH,"[{""productId"": 7, ""name"": ""Pechopak - Unli"", ""price"": 179, ""quantity"": 1, ""discount"": 0}, {""productId"": 8, ""name"": ""Liempo - Unli"", ""price"": 199, ""quantity"": 1, ""discount"": 0}, {""productId"": 4, ""name"": ""Royal - 1.5"", ""price"": 120, ""quantity"": 1, ""discount"": 0}]",498.00,COMPLETED,walk-in,4,,False,REGULAR,2026-06-04T03:46:24.848246+08:00,2026-06-04T03:46:24.848246+08:00
753,"{""id"": 704, ""order_detail"": {""id"": 753, ""slip_number"": ""9740901"", ""order_type"": ""DINE_IN"", ""payment_method"": ""CASH"", ""table_number"": """", ""items_json"": [{""productId"": 3, ""name"": ""Icetea - Icetea Glass"", ""price"": 39, ""quantity"": 1, ""discount"": 0}], ""order_mode"": ""REGULAR""}, ""android_id"": null, ""total"": ""39.00"", ""completed_at"": ""2026-05-25T14:39:45.770852+08:00"", ""order"": 753}",,9740901,DINE_IN,CASH,"[{""productId"": 3, ""name"": ""Icetea - Icetea Glass"", ""price"": 39, ""quantity"": 1, ""discount"": 0}]",39.00,COMPLETED,walk-in,,,False,REGULAR,2026-06-04T03:46:24.837050+08:00,2026-06-04T03:46:24.837050+08:00
754,"{""id"": 705, ""order_detail"": {""id"": 754, ""slip_number"": ""9740902"", ""order_type"": ""DINE_IN"", ""payment_method"": ""GCASH"", ""table_number"": ""4"", ""items_json"": [{""productId"": 8, ""name"": ""Liempo - Meal"", ""price"": 189, ""quantity"": 1, ""discount"": 0}, {""productId"": 8, ""name"": ""Liempo - Unli"", ""price"": 199, ""quantity"": 1, ""discount"": 0}], ""order_mode"": ""REGULAR""}, ""android_id"": null, ""total"": ""388.00"", ""completed_at"": ""2026-05-25T17:50:09.606893+08:00"", ""order"": 754}",,9740902,DINE_IN,GCASH,"[{""productId"": 8, ""name"": ""Liempo - Meal"", ""price"": 189, ""quantity"": 1, ""discount"": 0}, {""productId"": 8, ""name"": ""Liempo - Unli"", ""price"": 199, ""quantity"": 1, ""discount"": 0}]",388.00,COMPLETED,walk-in,4,,False,REGULAR,2026-06-04T03:46:24.834049+08:00,2026-06-04T03:46:24.834049+08:00
755,"{""id"": 706, ""order_detail"": {""id"": 755, ""slip_number"": ""9740903"", ""order_type"": ""DINE_IN"", ""payment_method"": ""CASH"", ""table_number"": ""1"", ""items_json"": [{""productId"": 10, ""name"": ""Leg - Unli"", ""price"": 159, ""quantity"": 1, ""discount"": 0}, {""productId"": 9, ""name"": ""BBQ - Meal"", ""price"": 139, ""quantity"": 1, ""discount"": 0}, {""productId"": 1, ""name"": ""Coke - Mismo"", ""price"": 25, ""quantity"": 1, ""discount"": 0}], ""order_mode"": ""REGULAR""}, ""android_id"": null, ""total"": ""323.00"", ""completed_at"": ""2026-05-25T17:50:38.961906+08:00"", ""order"": 755}",,9740903,DINE_IN,CASH,"[{""productId"": 10, ""name"": ""Leg - Unli"", ""price"": 159, ""quantity"": 1, ""discount"": 0}, {""productId"": 9, ""name"": ""BBQ - Meal"", ""price"": 139, ""quantity"": 1, ""discount"": 0}, {""productId"": 1, ""name"": ""Coke - Mismo"", ""price"": 25, ""quantity"": 1, ""discount"": 0}]",323.00,COMPLETED,walk-in,1,,False,REGULAR,2026-06-04T03:46:24.828821+08:00,2026-06-04T03:46:24.828821+08:00
756,"{""id"": 709, ""order_detail"": {""id"": 756, ""slip_number"": ""9740904"", ""order_type"": ""DINE_IN"", ""payment_method"": ""GCASH"", ""table_number"": """", ""items_json"": [{""productId"": 9, ""name"": ""BBQ - Only"", ""price"": 129, ""quantity"": 1, ""discount"": 0}], ""order_mode"": ""REGULAR""}, ""android_id"": null, ""total"": ""129.00"", ""completed_at"": ""2026-05-25T18:11:11.263516+08:00"", ""order"": 756}",,9740904,DINE_IN,GCASH,"[{""productId"": 9, ""name"": ""BBQ - Only"", ""price"": 129, ""quantity"": 1, ""discount"": 0}]",129.00,COMPLETED,walk-in,,,False,REGULAR,2026-06-04T03:46:24.824821+08:00,2026-06-04T03:46:24.824821+08:00
757,"{""id"": 707, ""order_detail"": {""id"": 757, ""slip_number"": ""9740905"", ""order_type"": ""DINE_IN"", ""payment_method"": ""CASH"", ""table_number"": ""4"", ""items_json"": [{""productId"": 9, ""name"": ""BBQ - Meal"", ""price"": 139, ""quantity"": 1, ""discount"": 0}, {""productId"": 11, ""name"": ""Wings - Meal"", ""price"": 129, ""quantity"": 2, ""discount"": 0}], ""order_mode"": ""REGULAR""}, ""android_id"": null, ""total"": ""397.00"", ""completed_at"": ""2026-05-25T18:05:23.832765+08:00"", ""order"": 757}",,9740905,DINE_IN,CASH,"[{""productId"": 9, ""name"": ""BBQ - Meal"", ""price"": 139, ""quantity"": 1, ""discount"": 0}, {""productId"": 11, ""name"": ""Wings - Meal"", ""price"": 129, ""quantity"": 2, ""discount"": 0}]",397.00,COMPLETED,walk-in,4,,False,REGULAR,2026-06-04T03:46:24.817669+08:00,2026-06-04T03:46:24.817669+08:00
758,"{""id"": 708, ""order_detail"": {""id"": 758, ""slip_number"": ""9740906"", ""order_type"": ""DINE_IN"", ""payment_method"": ""GCASH"", ""table_number"": """", ""items_json"": [{""productId"": 3, ""name"": ""Icetea - Icetea Glass"", ""price"": 39, ""quantity"": 2, ""discount"": 0}], ""order_mode"": ""REGULAR""}, ""android_id"": null, ""total"": ""78.00"", ""completed_at"": ""2026-05-25T18:06:51.163248+08:00"", ""order"": 758}",,9740906,DINE_IN,GCASH,"[{""productId"": 3, ""name"": ""Icetea - Icetea Glass"", ""price"": 39, ""quantity"": 2, ""discount"": 0}]",78.00,COMPLETED,walk-in,,,False,REGULAR,2026-06-04T03:46:24.814669+08:00,2026-06-04T03:46:24.814669+08:00
759,"{""id"": 711, ""order_detail"": {""id"": 759, ""slip_number"": ""9740907"", ""order_type"": ""DINE_IN"", ""payment_method"": ""CASH"", ""table_number"": ""3"", ""items_json"": [{""productId"": 7, ""name"": ""Pechopak - Unli"", ""price"": 179, ""quantity"": 2, ""discount"": 0}, {""productId"": 3, ""name"": ""Icetea - Icetea Glass"", ""price"": 39, ""quantity"": 2, ""discount"": 0}], ""order_mode"": ""REGULAR""}, ""android_id"": null, ""total"": ""436.00"", ""completed_at"": ""2026-05-25T18:29:08.905813+08:00"", ""order"": 759}",,9740907,DINE_IN,CASH,"[{""productId"": 7, ""name"": ""Pechopak - Unli"", ""price"": 179, ""quantity"": 2, ""discount"": 0}, {""productId"": 3, ""name"": ""Icetea - Icetea Glass"", ""price"": 39, ""quantity"": 2, ""discount"": 0}]",436.00,COMPLETED,walk-in,3,,False,REGULAR,2026-06-04T03:46:24.807814+08:00,2026-06-04T03:46:24.807814+08:00
760,"{""id"": 710, ""order_detail"": {""id"": 760, ""slip_number"": ""9740908"", ""order_type"": ""TAKE_OUT"", ""payment_method"": ""CASH"", ""table_number"": ""3"", ""items_json"": [{""productId"": 7, ""name"": ""Pechopak - Only"", ""price"": 159, ""quantity"": 1, ""discount"": 0}], ""order_mode"": ""REGULAR""}, ""android_id"": null, ""total"": ""159.00"", ""completed_at"": ""2026-05-25T18:29:06.030656+08:00"", ""order"": 760}",,9740908,TAKE_OUT,CASH,"[{""productId"": 7, ""name"": ""Pechopak - Only"", ""price"": 159, ""quantity"": 1, ""discount"": 0}]",159.00,COMPLETED,walk-in,3,,False,REGULAR,2026-06-04T03:46:24.797305+08:00,2026-06-04T03:46:24.797305+08:00
761,"{""id"": 712, ""order_detail"": {""id"": 761, ""slip_number"": ""9740909"", ""order_type"": ""DINE_IN"", ""payment_method"": ""CASH"", ""table_number"": ""1"", ""items_json"": [{""productId"": 5, ""name"": ""Sprite - Mismo"", ""price"": 25, ""quantity"": 1, ""discount"": 0}, {""productId"": 7, ""name"": ""Pechopak - Unli"", ""price"": 179, ""quantity"": 1, ""discount"": 0}], ""order_mode"": ""REGULAR""}, ""android_id"": null, ""total"": ""204.00"", ""completed_at"": ""2026-05-25T18:44:08.713086+08:00"", ""order"": 761}",,9740909,DINE_IN,CASH,"[{""productId"": 5, ""name"": ""Sprite - Mismo"", ""price"": 25, ""quantity"": 1, ""discount"": 0}, {""productId"": 7, ""name"": ""Pechopak - Unli"", ""price"": 179, ""quantity"": 1, ""discount"": 0}]",204.00,COMPLETED,walk-in,1,,False,REGULAR,2026-06-04T03:46:24.794305+08:00,2026-06-04T03:46:24.794305+08:00
762,"{""id"": 713, ""order_detail"": {""id"": 762, ""slip_number"": ""9740910"", ""order_type"": ""DINE_IN"", ""payment_method"": ""CASH"", ""table_number"": ""3"", ""items_json"": [{""productId"": 10, ""name"": ""Leg - Unli"", ""price"": 159, ""quantity"": 3, ""discount"": 0}, {""productId"": 3, ""name"": ""Icetea - Icetea Pitcher"", ""price"": 129, ""quantity"": 1, ""discount"": 0}], ""order_mode"": ""REGULAR""}, ""android_id"": null, ""total"": ""606.00"", ""completed_at"": ""2026-05-25T18:55:56.014914+08:00"", ""order"": 762}",,9740910,DINE_IN,CASH,"[{""productId"": 10, ""name"": ""Leg - Unli"", ""price"": 159, ""quantity"": 3, ""discount"": 0}, {""productId"": 3, ""name"": ""Icetea - Icetea Pitcher"", ""price"": 129, ""quantity"": 1, ""discount"": 0}]",606.00,COMPLETED,walk-in,3,,False,REGULAR,2026-06-04T03:46:24.787343+08:00,2026-06-04T03:46:24.787343+08:00
763,"{""id"": 714, ""order_detail"": {""id"": 763, ""slip_number"": ""9740911"", ""order_type"": ""DINE_IN"", ""payment_method"": ""CASH"", ""table_number"": ""1"", ""items_json"": [{""productId"": 10, ""name"": ""Leg - Meal"", ""price"": 149, ""quantity"": 1, ""discount"": 0}, {""productId"": 10, ""name"": ""Leg - Unli"", ""price"": 159, ""quantity"": 1, ""discount"": 0}, {""productId"": 12, ""name"": ""Water - Bottled"", ""price"": 20, ""quantity"": 1, ""discount"": 0}], ""order_mode"": ""REGULAR""}, ""android_id"": null, ""total"": ""328.00"", ""completed_at"": ""2026-05-25T19:05:50.158826+08:00"", ""order"": 763}",,9740911,DINE_IN,CASH,"[{""productId"": 10, ""name"": ""Leg - Meal"", ""price"": 149, ""quantity"": 1, ""discount"": 0}, {""productId"": 10, ""name"": ""Leg - Unli"", ""price"": 159, ""quantity"": 1, ""discount"": 0}, {""productId"": 12, ""name"": ""Water - Bottled"", ""price"": 20, ""quantity"": 1, ""discount"": 0}]",328.00,COMPLETED,walk-in,1,,False,REGULAR,2026-06-04T03:46:24.784338+08:00,2026-06-04T03:46:24.784338+08:00
764,"{""id"": 715, ""order_detail"": {""id"": 764, ""slip_number"": ""9740912"", ""order_type"": ""TAKE_OUT"", ""payment_method"": ""CASH"", ""table_number"": ""3"", ""items_json"": [{""productId"": 10, ""name"": ""Leg - Meal"", ""price"": 149, ""quantity"": 1, ""discount"": 0}], ""order_mode"": ""REGULAR""}, ""android_id"": null, ""total"": ""149.00"", ""completed_at"": ""2026-05-25T19:38:00.195864+08:00"", ""order"": 764}",,9740912,TAKE_OUT,CASH,"[{""productId"": 10, ""name"": ""Leg - Meal"", ""price"": 149, ""quantity"": 1, ""discount"": 0}]",149.00,COMPLETED,walk-in,3,,False,REGULAR,2026-06-04T03:46:24.778827+08:00,2026-06-04T03:46:24.778827+08:00
765,"{""id"": 716, ""order_detail"": {""id"": 765, ""slip_number"": ""9740913"", ""order_type"": ""DINE_IN"", ""payment_method"": ""CASH"", ""table_number"": ""3"", ""items_json"": [{""productId"": 1, ""name"": ""Coke - Mismo"", ""price"": 25, ""quantity"": 1, ""discount"": 0}, {""productId"": 5, ""name"": ""Sprite - Mismo"", ""price"": 25, ""quantity"": 1, ""discount"": 0}, {""productId"": 10, ""name"": ""Leg - Meal"", ""price"": 149, ""quantity"": 1, ""discount"": 0}, {""productId"": 7, ""name"": ""Pechopak - Unli"", ""price"": 179, ""quantity"": 1, ""discount"": 0}], ""order_mode"": ""REGULAR""}, ""android_id"": null, ""total"": ""378.00"", ""completed_at"": ""2026-05-25T19:56:15.724649+08:00"", ""order"": 765}",,9740913,DINE_IN,CASH,"[{""productId"": 1, ""name"": ""Coke - Mismo"", ""price"": 25, ""quantity"": 1, ""discount"": 0}, {""productId"": 5, ""name"": ""Sprite - Mismo"", ""price"": 25, ""quantity"": 1, ""discount"": 0}, {""productId"": 10, ""name"": ""Leg - Meal"", ""price"": 149, ""quantity"": 1, ""discount"": 0}, {""productId"": 7, ""name"": ""Pechopak - Unli"", ""price"": 179, ""quantity"": 1, ""discount"": 0}]",378.00,COMPLETED,walk-in,3,,False,REGULAR,2026-06-04T03:46:24.767574+08:00,2026-06-04T03:46:24.767574+08:00
766,"{""id"": 717, ""order_detail"": {""id"": 766, ""slip_number"": ""9740914"", ""order_type"": ""DINE_IN"", ""payment_method"": ""CASH"", ""table_number"": """", ""items_json"": [{""productId"": 9, ""name"": ""BBQ - Meal"", ""price"": 139, ""quantity"": 1, ""discount"": 0}], ""order_mode"": ""REGULAR""}, ""android_id"": null, ""total"": ""139.00"", ""completed_at"": ""2026-05-25T20:12:39.706462+08:00"", ""order"": 766}",,9740914,DINE_IN,CASH,"[{""productId"": 9, ""name"": ""BBQ - Meal"", ""price"": 139, ""quantity"": 1, ""discount"": 0}]",139.00,COMPLETED,walk-in,,,False,REGULAR,2026-06-04T03:46:24.765068+08:00,2026-06-04T03:46:24.765068+08:00
767,"{""id"": 718, ""order_detail"": {""id"": 767, ""slip_number"": ""9740915"", ""order_type"": ""DINE_IN"", ""payment_method"": ""CASH"", ""table_number"": ""1"", ""items_json"": [{""productId"": 8, ""name"": ""Liempo - Unli"", ""price"": 199, ""quantity"": 1, ""discount"": 0}, {""productId"": 10, ""name"": ""Leg - Unli"", ""price"": 159, ""quantity"": 1, ""discount"": 0}, {""productId"": 1, ""name"": ""Coke - Mismo"", ""price"": 25, ""quantity"": 2, ""discount"": 0}], ""order_mode"": ""REGULAR""}, ""android_id"": null, ""total"": ""408.00"", ""completed_at"": ""2026-05-25T20:12:44.636429+08:00"", ""order"": 767}",,9740915,DINE_IN,CASH,"[{""productId"": 8, ""name"": ""Liempo - Unli"", ""price"": 199, ""quantity"": 1, ""discount"": 0}, {""productId"": 10, ""name"": ""Leg - Unli"", ""price"": 159, ""quantity"": 1, ""discount"": 0}, {""productId"": 1, ""name"": ""Coke - Mismo"", ""price"": 25, ""quantity"": 2, ""discount"": 0}]",408.00,COMPLETED,walk-in,1,,False,REGULAR,2026-06-04T03:46:24.754339+08:00,2026-06-04T03:46:24.754339+08:00
768,"{""id"": 719, ""order_detail"": {""id"": 768, ""slip_number"": ""9740916"", ""order_type"": ""DINE_IN"", ""payment_method"": ""CASH"", ""table_number"": ""4"", ""items_json"": [{""productId"": 11, ""name"": ""Wings - Meal"", ""price"": 129, ""quantity"": 1, ""discount"": 0}, {""productId"": 11, ""name"": ""Wings - Unli"", ""price"": 139, ""quantity"": 1, ""discount"": 0}], ""order_mode"": ""REGULAR""}, ""android_id"": null, ""total"": ""268.00"", ""completed_at"": ""2026-05-25T20:18:35.278399+08:00"", ""order"": 768}",,9740916,DINE_IN,CASH,"[{""productId"": 11, ""name"": ""Wings - Meal"", ""price"": 129, ""quantity"": 1, ""discount"": 0}, {""productId"": 11, ""name"": ""Wings - Unli"", ""price"": 139, ""quantity"": 1, ""discount"": 0}]",268.00,COMPLETED,walk-in,4,,False,REGULAR,2026-06-04T03:46:24.746231+08:00,2026-06-04T03:46:24.746231+08:00
769,"{""id"": 720, ""order_detail"": {""id"": 769, ""slip_number"": ""9740917"", ""order_type"": ""DINE_IN"", ""payment_method"": ""CASH"", ""table_number"": ""1"", ""items_json"": [{""productId"": 7, ""name"": ""Pechopak - Meal"", ""price"": 169, ""quantity"": 2, ""discount"": 0}, {""productId"": 8, ""name"": ""Liempo - Meal"", ""price"": 189, ""quantity"": 1, ""discount"": 0}, {""productId"": 1, ""name"": ""Coke - Mismo"", ""price"": 25, ""quantity"": 2, ""discount"": 0}], ""order_mode"": ""REGULAR""}, ""android_id"": null, ""total"": ""577.00"", ""completed_at"": ""2026-05-25T20:35:42.963158+08:00"", ""order"": 769}",,9740917,DINE_IN,CASH,"[{""productId"": 7, ""name"": ""Pechopak - Meal"", ""price"": 169, ""quantity"": 2, ""discount"": 0}, {""productId"": 8, ""name"": ""Liempo - Meal"", ""price"": 189, ""quantity"": 1, ""discount"": 0}, {""productId"": 1, ""name"": ""Coke - Mismo"", ""price"": 25, ""quantity"": 2, ""discount"": 0}]",577.00,COMPLETED,walk-in,1,,False,REGULAR,2026-06-04T03:46:24.727547+08:00,2026-06-04T03:46:24.727547+08:00
770,"{""id"": 721, ""order_detail"": {""id"": 770, ""slip_number"": ""9740918"", ""order_type"": ""DINE_IN"", ""payment_method"": ""CASH"", ""table_number"": """", ""items_json"": [{""productId"": 7, ""name"": ""Pechopak - Unli"", ""price"": 179, ""quantity"": 1, ""discount"": 0}, {""productId"": 7, ""name"": ""Pechopak - Meal"", ""price"": 169, ""quantity"": 2, ""discount"": 0}, {""productId"": 1, ""name"": ""Coke - Mismo"", ""price"": 25, ""quantity"": 2, ""discount"": 0}], ""order_mode"": ""REGULAR""}, ""android_id"": null, ""total"": ""567.00"", ""completed_at"": ""2026-05-25T22:39:49.298436+08:00"", ""order"": 770}",,9740918,DINE_IN,CASH,"[{""productId"": 7, ""name"": ""Pechopak - Unli"", ""price"": 179, ""quantity"": 1, ""discount"": 0}, {""productId"": 7, ""name"": ""Pechopak - Meal"", ""price"": 169, ""quantity"": 2, ""discount"": 0}, {""productId"": 1, ""name"": ""Coke - Mismo"", ""price"": 25, ""quantity"": 2, ""discount"": 0}]",567.00,COMPLETED,walk-in,,,False,REGULAR,2026-06-04T03:46:24.724038+08:00,2026-06-04T03:46:24.724038+08:00
771,"{""id"": 722, ""order_detail"": {""id"": 771, ""slip_number"": ""9740919"", ""order_type"": ""DINE_IN"", ""payment_method"": ""CASH"", ""table_number"": """", ""items_json"": [{""productId"": 7, ""name"": ""Pechopak - Only"", ""price"": 159, ""quantity"": 1, ""discount"": 0}], ""order_mode"": ""REGULAR""}, ""android_id"": null, ""total"": ""159.00"", ""completed_at"": ""2026-05-26T13:59:26.364385+08:00"", ""order"": 771}",,9740919,DINE_IN,CASH,"[{""productId"": 7, ""name"": ""Pechopak - Only"", ""price"": 159, ""quantity"": 1, ""discount"": 0}]",159.00,COMPLETED,walk-in,,,False,REGULAR,2026-06-04T03:46:24.714217+08:00,2026-06-04T03:46:24.714217+08:00
772,"{""id"": 723, ""order_detail"": {""id"": 772, ""slip_number"": ""9740920"", ""order_type"": ""DINE_IN"", ""payment_method"": ""GCASH"", ""table_number"": ""4"", ""items_json"": [{""productId"": 10, ""name"": ""Leg - Meal"", ""price"": 149, ""quantity"": 1, ""discount"": 0}, {""productId"": 1, ""name"": ""Coke - 1.5"", ""price"": 120, ""quantity"": 1, ""discount"": 0}, {""productId"": 8, ""name"": ""Liempo - Unli"", ""price"": 199, ""quantity"": 1, ""discount"": 0}], ""order_mode"": ""REGULAR""}, ""android_id"": null, ""total"": ""468.00"", ""completed_at"": ""2026-05-26T14:18:33.530994+08:00"", ""order"": 772}",,9740920,DINE_IN,GCASH,"[{""productId"": 10, ""name"": ""Leg - Meal"", ""price"": 149, ""quantity"": 1, ""discount"": 0}, {""productId"": 1, ""name"": ""Coke - 1.5"", ""price"": 120, ""quantity"": 1, ""discount"": 0}, {""productId"": 8, ""name"": ""Liempo - Unli"", ""price"": 199, ""quantity"": 1, ""discount"": 0}]",468.00,COMPLETED,walk-in,4,,False,REGULAR,2026-06-04T03:46:24.705657+08:00,2026-06-04T03:46:24.705657+08:00
773,"{""id"": 724, ""order_detail"": {""id"": 773, ""slip_number"": ""19"", ""order_type"": ""DINE_IN"", ""payment_method"": """", ""table_number"": """", ""items_json"": [{""productId"": 11, ""name"": ""Wings - Only"", ""price"": 119, ""quantity"": 1, ""discount"": 0}], ""order_mode"": ""EMPLOYEE""}, ""android_id"": null, ""total"": ""119.00"", ""completed_at"": ""2026-05-26T14:24:52.075157+08:00"", ""order"": 773}",,19,DINE_IN,,"[{""productId"": 11, ""name"": ""Wings - Only"", ""price"": 119, ""quantity"": 1, ""discount"": 0}]",119.00,COMPLETED,walk-in,,,False,EMPLOYEE,2026-06-04T03:46:24.696220+08:00,2026-06-04T03:46:24.696220+08:00
774,"{""id"": 725, ""order_detail"": {""id"": 774, ""slip_number"": ""9740920"", ""order_type"": ""DINE_IN"", ""payment_method"": ""GCASH"", ""table_number"": ""4"", ""items_json"": [{""productId"": 7, ""name"": ""Pechopak - Meal"", ""price"": 169, ""quantity"": 1, ""discount"": 0}, {""productId"": 5, ""name"": ""Sprite - Mismo"", ""price"": 25, ""quantity"": 1, ""discount"": 0}], ""order_mode"": ""REGULAR""}, ""android_id"": null, ""total"": ""194.00"", ""completed_at"": ""2026-05-26T15:02:32.292651+08:00"", ""order"": 774}",,9740920,DINE_IN,GCASH,"[{""productId"": 7, ""name"": ""Pechopak - Meal"", ""price"": 169, ""quantity"": 1, ""discount"": 0}, {""productId"": 5, ""name"": ""Sprite - Mismo"", ""price"": 25, ""quantity"": 1, ""discount"": 0}]",194.00,COMPLETED,walk-in,4,,False,REGULAR,2026-06-04T03:46:24.686170+08:00,2026-06-04T03:46:24.686170+08:00
775,"{""id"": 726, ""order_detail"": {""id"": 775, ""slip_number"": ""9740921"", ""order_type"": ""DINE_IN"", ""payment_method"": ""GCASH"", ""table_number"": ""1"", ""items_json"": [{""productId"": 7, ""name"": ""Pechopak - Unli"", ""price"": 179, ""quantity"": 2, ""discount"": 0}, {""productId"": 1, ""name"": ""Coke - Mismo"", ""price"": 25, ""quantity"": 1, ""discount"": 0}, {""productId"": 3, ""name"": ""Icetea - Icetea Glass"", ""price"": 39, ""quantity"": 1, ""discount"": 0}], ""order_mode"": ""REGULAR""}, ""android_id"": null, ""total"": ""422.00"", ""completed_at"": ""2026-05-26T16:10:05.536950+08:00"", ""order"": 775}",,9740921,DINE_IN,GCASH,"[{""productId"": 7, ""name"": ""Pechopak - Unli"", ""price"": 179, ""quantity"": 2, ""discount"": 0}, {""productId"": 1, ""name"": ""Coke - Mismo"", ""price"": 25, ""quantity"": 1, ""discount"": 0}, {""productId"": 3, ""name"": ""Icetea - Icetea Glass"", ""price"": 39, ""quantity"": 1, ""discount"": 0}]",422.00,COMPLETED,walk-in,1,,False,REGULAR,2026-06-04T03:46:24.684021+08:00,2026-06-04T03:46:24.684021+08:00
776,"{""id"": 727, ""order_detail"": {""id"": 776, ""slip_number"": ""9740922"", ""order_type"": ""DINE_IN"", ""payment_method"": ""CASH"", ""table_number"": ""1"", ""items_json"": [{""productId"": 7, ""name"": ""Pechopak - Unli"", ""price"": 179, ""quantity"": 2, ""discount"": 0}, {""productId"": 3, ""name"": ""Icetea - Icetea Pitcher"", ""price"": 129, ""quantity"": 1, ""discount"": 0}], ""order_mode"": ""REGULAR""}, ""android_id"": null, ""total"": ""487.00"", ""completed_at"": ""2026-05-26T16:30:22.635817+08:00"", ""order"": 776}",,9740922,DINE_IN,CASH,"[{""productId"": 7, ""name"": ""Pechopak - Unli"", ""price"": 179, ""quantity"": 2, ""discount"": 0}, {""productId"": 3, ""name"": ""Icetea - Icetea Pitcher"", ""price"": 129, ""quantity"": 1, ""discount"": 0}]",487.00,COMPLETED,walk-in,1,,False,REGULAR,2026-06-04T03:46:24.674357+08:00,2026-06-04T03:46:24.674357+08:00
777,"{""id"": 728, ""order_detail"": {""id"": 777, ""slip_number"": ""9740923"", ""order_type"": ""DINE_IN"", ""payment_method"": ""CASH"", ""table_number"": ""1"", ""items_json"": [{""productId"": 7, ""name"": ""Pechopak - Unli"", ""price"": 179, ""quantity"": 2, ""discount"": 0}, {""productId"": 1, ""name"": ""Coke - Mismo"", ""price"": 25, ""quantity"": 1, ""discount"": 0}, {""productId"": 3, ""name"": ""Icetea - Icetea Glass"", ""price"": 39, ""quantity"": 1}], ""order_mode"": ""REGULAR""}, ""android_id"": null, ""total"": ""422.00"", ""completed_at"": ""2026-05-26T19:11:55.696985+08:00"", ""order"": 777}",,9740923,DINE_IN,CASH,"[{""productId"": 7, ""name"": ""Pechopak - Unli"", ""price"": 179, ""quantity"": 2, ""discount"": 0}, {""productId"": 1, ""name"": ""Coke - Mismo"", ""price"": 25, ""quantity"": 1, ""discount"": 0}, {""productId"": 3, ""name"": ""Icetea - Icetea Glass"", ""price"": 39, ""quantity"": 1}]",422.00,COMPLETED,walk-in,1,,False,REGULAR,2026-06-04T03:46:24.666541+08:00,2026-06-04T03:46:24.666541+08:00
778,"{""id"": 729, ""order_detail"": {""id"": 778, ""slip_number"": ""9740924"", ""order_type"": ""DINE_IN"", ""payment_method"": ""CASH"", ""table_number"": """", ""items_json"": [{""productId"": 2, ""name"": ""Rice - Extra"", ""price"": 20, ""quantity"": 1, ""discount"": 0}], ""order_mode"": ""REGULAR""}, ""android_id"": null, ""total"": ""20.00"", ""completed_at"": ""2026-05-26T19:11:58.848730+08:00"", ""order"": 778}",,9740924,DINE_IN,CASH,"[{""productId"": 2, ""name"": ""Rice - Extra"", ""price"": 20, ""quantity"": 1, ""discount"": 0}]",20.00,COMPLETED,walk-in,,,False,REGULAR,2026-06-04T03:46:24.654827+08:00,2026-06-04T03:46:24.654827+08:00
779,"{""id"": 730, ""order_detail"": {""id"": 779, ""slip_number"": ""9740925"", ""order_type"": ""TAKE_OUT"", ""payment_method"": ""CASH"", ""table_number"": ""3"", ""items_json"": [{""productId"": 7, ""name"": ""Pechopak - Meal"", ""price"": 169, ""quantity"": 2, ""discount"": 0}, {""productId"": 8, ""name"": ""Liempo - Meal"", ""price"": 189, ""quantity"": 1, ""discount"": 0}], ""order_mode"": ""REGULAR""}, ""android_id"": null, ""total"": ""527.00"", ""completed_at"": ""2026-05-26T19:34:55.279820+08:00"", ""order"": 779}",,9740925,TAKE_OUT,CASH,"[{""productId"": 7, ""name"": ""Pechopak - Meal"", ""price"": 169, ""quantity"": 2, ""discount"": 0}, {""productId"": 8, ""name"": ""Liempo - Meal"", ""price"": 189, ""quantity"": 1, ""discount"": 0}]",527.00,COMPLETED,walk-in,3,,False,REGULAR,2026-06-04T03:46:24.646309+08:00,2026-06-04T03:46:24.646309+08:00
780,"{""id"": 731, ""order_detail"": {""id"": 780, ""slip_number"": ""9740926"", ""order_type"": ""DINE_IN"", ""payment_method"": ""CASH"", ""table_number"": ""1"", ""items_json"": [{""productId"": 10, ""name"": ""Leg - Meal"", ""price"": 149, ""quantity"": 2, ""discount"": 0}, {""productId"": 1, ""name"": ""Coke - Mismo"", ""price"": 25, ""quantity"": 1, ""discount"": 0}, {""productId"": 5, ""name"": ""Sprite - Mismo"", ""price"": 25, ""quantity"": 1}], ""order_mode"": ""REGULAR""}, ""android_id"": null, ""total"": ""348.00"", ""completed_at"": ""2026-05-26T19:41:12.730851+08:00"", ""order"": 780}",,9740926,DINE_IN,CASH,"[{""productId"": 10, ""name"": ""Leg - Meal"", ""price"": 149, ""quantity"": 2, ""discount"": 0}, {""productId"": 1, ""name"": ""Coke - Mismo"", ""price"": 25, ""quantity"": 1, ""discount"": 0}, {""productId"": 5, ""name"": ""Sprite - Mismo"", ""price"": 25, ""quantity"": 1}]",348.00,COMPLETED,walk-in,1,,False,REGULAR,2026-06-04T03:46:24.643705+08:00,2026-06-04T03:46:24.643705+08:00
781,"{""id"": 732, ""order_detail"": {""id"": 781, ""slip_number"": ""9740927"", ""order_type"": ""DINE_IN"", ""payment_method"": ""CASH"", ""table_number"": ""4"", ""items_json"": [{""productId"": 10, ""name"": ""Leg - Meal"", ""price"": 149, ""quantity"": 1, ""discount"": 0}, {""productId"": 10, ""name"": ""Leg - Unli"", ""price"": 159, ""quantity"": 1, ""discount"": 0}], ""order_mode"": ""REGULAR""}, ""android_id"": null, ""total"": ""308.00"", ""completed_at"": ""2026-05-26T19:43:40.310702+08:00"", ""order"": 781}",,9740927,DINE_IN,CASH,"[{""productId"": 10, ""name"": ""Leg - Meal"", ""price"": 149, ""quantity"": 1, ""discount"": 0}, {""productId"": 10, ""name"": ""Leg - Unli"", ""price"": 159, ""quantity"": 1, ""discount"": 0}]",308.00,COMPLETED,walk-in,4,,False,REGULAR,2026-06-04T03:46:24.634591+08:00,2026-06-04T03:46:24.634591+08:00
782,"{""id"": 734, ""order_detail"": {""id"": 782, ""slip_number"": ""9740928"", ""order_type"": ""DINE_IN"", ""payment_method"": ""CASH"", ""table_number"": ""1"", ""items_json"": [{""productId"": 10, ""name"": ""Leg - Meal"", ""price"": 149, ""quantity"": 1, ""discount"": 0}, {""productId"": 8, ""name"": ""Liempo - Unli"", ""price"": 199, ""quantity"": 1, ""discount"": 0}], ""order_mode"": ""REGULAR""}, ""android_id"": null, ""total"": ""348.00"", ""completed_at"": ""2026-05-26T20:05:33.141117+08:00"", ""order"": 782}",,9740928,DINE_IN,CASH,"[{""productId"": 10, ""name"": ""Leg - Meal"", ""price"": 149, ""quantity"": 1, ""discount"": 0}, {""productId"": 8, ""name"": ""Liempo - Unli"", ""price"": 199, ""quantity"": 1, ""discount"": 0}]",348.00,COMPLETED,walk-in,1,,False,REGULAR,2026-06-04T03:46:24.626565+08:00,2026-06-04T03:46:24.626565+08:00
784,"{""id"": 735, ""order_detail"": {""id"": 784, ""slip_number"": ""9740930"", ""order_type"": ""DINE_IN"", ""payment_method"": ""CASH"", ""table_number"": ""1"", ""items_json"": [{""productId"": 10, ""name"": ""Leg - Unli"", ""price"": 159, ""quantity"": 1, ""discount"": 0}, {""productId"": 8, ""name"": ""Liempo - Meal"", ""price"": 189, ""quantity"": 1, ""discount"": 0}, {""productId"": 1, ""name"": ""Coke - 1.5"", ""price"": 120, ""quantity"": 1, ""discount"": 0}], ""order_mode"": ""REGULAR""}, ""android_id"": null, ""total"": ""468.00"", ""completed_at"": ""2026-05-26T20:23:15.261806+08:00"", ""order"": 784}",,9740930,DINE_IN,CASH,"[{""productId"": 10, ""name"": ""Leg - Unli"", ""price"": 159, ""quantity"": 1, ""discount"": 0}, {""productId"": 8, ""name"": ""Liempo - Meal"", ""price"": 189, ""quantity"": 1, ""discount"": 0}, {""productId"": 1, ""name"": ""Coke - 1.5"", ""price"": 120, ""quantity"": 1, ""discount"": 0}]",468.00,COMPLETED,walk-in,1,,False,REGULAR,2026-06-04T03:46:24.613700+08:00,2026-06-04T03:46:24.613700+08:00
785,"{""id"": 736, ""order_detail"": {""id"": 785, ""slip_number"": ""9740931"", ""order_type"": ""DINE_IN"", ""payment_method"": ""CASH"", ""table_number"": ""3"", ""items_json"": [{""productId"": 10, ""name"": ""Leg - Unli"", ""price"": 159, ""quantity"": 4, ""discount"": 0}], ""order_mode"": ""REGULAR""}, ""android_id"": null, ""total"": ""636.00"", ""completed_at"": ""2026-05-26T20:41:29.109291+08:00"", ""order"": 785}",,9740931,DINE_IN,CASH,"[{""productId"": 10, ""name"": ""Leg - Unli"", ""price"": 159, ""quantity"": 4, ""discount"": 0}]",636.00,COMPLETED,walk-in,3,,False,REGULAR,2026-06-04T03:46:24.607505+08:00,2026-06-04T03:46:24.607505+08:00
786,"{""id"": 738, ""order_detail"": {""id"": 786, ""slip_number"": ""9740932"", ""order_type"": ""DINE_IN"", ""payment_method"": ""CASH"", ""table_number"": """", ""items_json"": [{""productId"": 9, ""name"": ""BBQ - Meal"", ""price"": 139, ""quantity"": 1, ""discount"": 0}, {""productId"": 3, ""name"": ""Icetea - Icetea Glass"", ""price"": 39, ""quantity"": 1}], ""order_mode"": ""REGULAR""}, ""android_id"": null, ""total"": ""178.00"", ""completed_at"": ""2026-05-26T21:06:43.156172+08:00"", ""order"": 786}",,9740932,DINE_IN,CASH,"[{""productId"": 9, ""name"": ""BBQ - Meal"", ""price"": 139, ""quantity"": 1, ""discount"": 0}, {""productId"": 3, ""name"": ""Icetea - Icetea Glass"", ""price"": 39, ""quantity"": 1}]",178.00,COMPLETED,walk-in,,,False,REGULAR,2026-06-04T03:46:24.604504+08:00,2026-06-04T03:46:24.604504+08:00
787,,,9740933,TAKE_OUT,CASH,"[{""productId"": 8, ""name"": ""Liempo - Only"", ""price"": 179, ""quantity"": 2, ""discount"": 0}]",358.00,VOIDED,walk-in,,,True,REGULAR,2026-06-04T03:46:24.596654+08:00,2026-06-04T03:46:24.596654+08:00
788,"{""id"": 737, ""order_detail"": {""id"": 788, ""slip_number"": ""9740929"", ""order_type"": ""DINE_IN"", ""payment_method"": ""CASH"", ""table_number"": """", ""items_json"": [{""productId"": 8, ""name"": ""Liempo - Only"", ""price"": 179, ""quantity"": 2, ""discount"": 0}], ""order_mode"": ""REGULAR""}, ""android_id"": null, ""total"": ""358.00"", ""completed_at"": ""2026-05-26T21:06:41.603462+08:00"", ""order"": 788}",,9740929,DINE_IN,CASH,"[{""productId"": 8, ""name"": ""Liempo - Only"", ""price"": 179, ""quantity"": 2, ""discount"": 0}]",358.00,COMPLETED,walk-in,,,False,REGULAR,2026-06-04T03:46:24.586619+08:00,2026-06-04T03:46:24.586619+08:00
789,"{""id"": 739, ""order_detail"": {""id"": 789, ""slip_number"": ""9740930"", ""order_type"": ""DINE_IN"", ""payment_method"": ""CASH"", ""table_number"": ""4"", ""items_json"": [{""productId"": 11, ""name"": ""Wings - Unli"", ""price"": 139, ""quantity"": 2, ""discount"": 0}, {""productId"": 10, ""name"": ""Leg - Unli"", ""price"": 159, ""quantity"": 2, ""discount"": 0}, {""productId"": 9, ""name"": ""BBQ - Meal"", ""price"": 139, ""quantity"": 1, ""discount"": 0}, {""productId"": 3, ""name"": ""Icetea - Icetea Pitcher"", ""price"": 129, ""quantity"": 1, ""discount"": 0}], ""order_mode"": ""REGULAR""}, ""android_id"": null, ""total"": ""864.00"", ""completed_at"": ""2026-05-26T23:23:48.257261+08:00"", ""order"": 789}",,9740930,DINE_IN,CASH,"[{""productId"": 11, ""name"": ""Wings - Unli"", ""price"": 139, ""quantity"": 2, ""discount"": 0}, {""productId"": 10, ""name"": ""Leg - Unli"", ""price"": 159, ""quantity"": 2, ""discount"": 0}, {""productId"": 9, ""name"": ""BBQ - Meal"", ""price"": 139, ""quantity"": 1, ""discount"": 0}, {""productId"": 3, ""name"": ""Icetea - Icetea Pitcher"", ""price"": 129, ""quantity"": 1, ""discount"": 0}]",864.00,COMPLETED,walk-in,4,,False,REGULAR,2026-06-04T03:46:24.583620+08:00,2026-06-04T03:46:24.583620+08:00
790,,,9740931,DINE_IN,CASH,"[{""productId"": 10, ""name"": ""Leg - Unli"", ""price"": 159, ""quantity"": 1, ""discount"": 0}]",159.00,VOIDED,walk-in,4,,False,REGULAR,2026-06-04T03:46:24.574610+08:00,2026-06-04T03:46:24.574610+08:00
791,"{""id"": 740, ""order_detail"": {""id"": 791, ""slip_number"": ""20"", ""order_type"": ""DINE_IN"", ""payment_method"": """", ""table_number"": """", ""items_json"": [{""productId"": 5, ""name"": ""Sprite - 1.5"", ""price"": 120, ""quantity"": 6, ""discount"": 0}], ""order_mode"": ""EMPLOYEE""}, ""android_id"": null, ""total"": ""720.00"", ""completed_at"": ""2026-05-27T02:43:14.851692+08:00"", ""order"": 791}",,20,DINE_IN,,"[{""productId"": 5, ""name"": ""Sprite - 1.5"", ""price"": 120, ""quantity"": 6, ""discount"": 0}]",720.00,COMPLETED,walk-in,,ruth recipe,False,EMPLOYEE,2026-06-04T03:46:24.567095+08:00,2026-06-04T03:46:24.567095+08:00
792,"{""id"": 741, ""order_detail"": {""id"": 792, ""slip_number"": ""9740932"", ""order_type"": ""DINE_IN"", ""payment_method"": ""CASH"", ""table_number"": ""1"", ""items_json"": [{""productId"": 10, ""name"": ""Leg - Meal"", ""price"": 149, ""quantity"": 1, ""discount"": 20}, {""productId"": 9, ""name"": ""BBQ - One Piece Only"", ""price"": 69, ""quantity"": 1, ""discount"": 20}, {""productId"": 5, ""name"": ""Sprite - Mismo"", ""price"": 25, ""quantity"": 1, ""discount"": 20}], ""order_mode"": ""REGULAR""}, ""android_id"": null, ""total"": ""194.40"", ""completed_at"": ""2026-05-27T12:13:33.247407+08:00"", ""order"": 792}",,9740932,DINE_IN,CASH,"[{""productId"": 10, ""name"": ""Leg - Meal"", ""price"": 149, ""quantity"": 1, ""discount"": 20}, {""productId"": 9, ""name"": ""BBQ - One Piece Only"", ""price"": 69, ""quantity"": 1, ""discount"": 20}, {""productId"": 5, ""name"": ""Sprite - Mismo"", ""price"": 25, ""quantity"": 1, ""discount"": 20}]",194.40,COMPLETED,walk-in,1,,False,REGULAR,2026-06-04T03:46:24.563147+08:00,2026-06-04T03:46:24.563147+08:00
793,"{""id"": 742, ""order_detail"": {""id"": 793, ""slip_number"": ""9740933"", ""order_type"": ""TAKE_OUT"", ""payment_method"": ""CASH"", ""table_number"": ""4"", ""items_json"": [{""productId"": 10, ""name"": ""Leg - Meal"", ""price"": 149, ""quantity"": 3, ""discount"": 0}], ""order_mode"": ""REGULAR""}, ""android_id"": null, ""total"": ""447.00"", ""completed_at"": ""2026-05-27T12:28:32.879993+08:00"", ""order"": 793}",,9740933,TAKE_OUT,CASH,"[{""productId"": 10, ""name"": ""Leg - Meal"", ""price"": 149, ""quantity"": 3, ""discount"": 0}]",447.00,COMPLETED,walk-in,4,,False,REGULAR,2026-06-04T03:46:24.553814+08:00,2026-06-04T03:46:24.553814+08:00
794,"{""id"": 743, ""order_detail"": {""id"": 794, ""slip_number"": ""9740934"", ""order_type"": ""TAKE_OUT"", ""payment_method"": ""CASH"", ""table_number"": ""4"", ""items_json"": [{""productId"": 9, ""name"": ""BBQ - Only"", ""price"": 129, ""quantity"": 1, ""discount"": 0}, {""productId"": 10, ""name"": ""Leg - Only"", ""price"": 139, ""quantity"": 1, ""discount"": 0}], ""order_mode"": ""REGULAR""}, ""android_id"": null, ""total"": ""268.00"", ""completed_at"": ""2026-05-27T12:34:16.087739+08:00"", ""order"": 794}",,9740934,TAKE_OUT,CASH,"[{""productId"": 9, ""name"": ""BBQ - Only"", ""price"": 129, ""quantity"": 1, ""discount"": 0}, {""productId"": 10, ""name"": ""Leg - Only"", ""price"": 139, ""quantity"": 1, ""discount"": 0}]",268.00,COMPLETED,walk-in,4,,False,REGULAR,2026-06-04T03:46:24.546272+08:00,2026-06-04T03:46:24.546272+08:00
795,"{""id"": 744, ""order_detail"": {""id"": 795, ""slip_number"": ""9740935"", ""order_type"": ""DINE_IN"", ""payment_method"": ""CASH"", ""table_number"": ""1"", ""items_json"": [{""productId"": 7, ""name"": ""Pechopak - Unli"", ""price"": 179, ""quantity"": 1, ""discount"": 0}, {""productId"": 8, ""name"": ""Liempo - Unli"", ""price"": 199, ""quantity"": 1, ""discount"": 0}, {""productId"": 1, ""name"": ""Coke - 1.5"", ""price"": 120, ""quantity"": 1, ""discount"": 0}], ""order_mode"": ""REGULAR""}, ""android_id"": null, ""total"": ""498.00"", ""completed_at"": ""2026-05-27T14:36:32.344099+08:00"", ""order"": 795}",,9740935,DINE_IN,CASH,"[{""productId"": 7, ""name"": ""Pechopak - Unli"", ""price"": 179, ""quantity"": 1, ""discount"": 0}, {""productId"": 8, ""name"": ""Liempo - Unli"", ""price"": 199, ""quantity"": 1, ""discount"": 0}, {""productId"": 1, ""name"": ""Coke - 1.5"", ""price"": 120, ""quantity"": 1, ""discount"": 0}]",498.00,COMPLETED,walk-in,1,,False,REGULAR,2026-06-04T03:46:24.544272+08:00,2026-06-04T03:46:24.544272+08:00
796,"{""id"": 746, ""order_detail"": {""id"": 796, ""slip_number"": ""9740936"", ""order_type"": ""DINE_IN"", ""payment_method"": ""CASH"", ""table_number"": ""4"", ""items_json"": [{""productId"": 10, ""name"": ""Leg - Unli"", ""price"": 159, ""quantity"": 2, ""discount"": 0}], ""order_mode"": ""REGULAR""}, ""android_id"": null, ""total"": ""318.00"", ""completed_at"": ""2026-05-27T16:13:31.097923+08:00"", ""order"": 796}",,9740936,DINE_IN,CASH,"[{""productId"": 10, ""name"": ""Leg - Unli"", ""price"": 159, ""quantity"": 2, ""discount"": 0}]",318.00,COMPLETED,walk-in,4,,False,REGULAR,2026-06-04T03:46:24.535756+08:00,2026-06-04T03:46:24.535756+08:00
797,"{""id"": 745, ""order_detail"": {""id"": 797, ""slip_number"": ""9740937"", ""order_type"": ""DINE_IN"", ""payment_method"": ""CASH"", ""table_number"": """", ""items_json"": [{""productId"": 3, ""name"": ""Icetea - Icetea Glass"", ""price"": 39, ""quantity"": 1, ""discount"": 0}], ""order_mode"": ""REGULAR""}, ""android_id"": null, ""total"": ""39.00"", ""completed_at"": ""2026-05-27T15:12:20.797076+08:00"", ""order"": 797}",,9740937,DINE_IN,CASH,"[{""productId"": 3, ""name"": ""Icetea - Icetea Glass"", ""price"": 39, ""quantity"": 1, ""discount"": 0}]",39.00,COMPLETED,walk-in,,,False,REGULAR,2026-06-04T03:46:24.526211+08:00,2026-06-04T03:46:24.526211+08:00
798,"{""id"": 747, ""order_detail"": {""id"": 798, ""slip_number"": ""9740938"", ""order_type"": ""DINE_IN"", ""payment_method"": ""GCASH"", ""table_number"": ""1"", ""items_json"": [{""productId"": 7, ""name"": ""Pechopak - Unli"", ""price"": 179, ""quantity"": 1, ""discount"": 0}], ""order_mode"": ""REGULAR""}, ""android_id"": null, ""total"": ""179.00"", ""completed_at"": ""2026-05-27T17:39:32.340406+08:00"", ""order"": 798}",,9740938,DINE_IN,GCASH,"[{""productId"": 7, ""name"": ""Pechopak - Unli"", ""price"": 179, ""quantity"": 1, ""discount"": 0}]",179.00,COMPLETED,walk-in,1,,False,REGULAR,2026-06-04T03:46:24.514686+08:00,2026-06-04T03:46:24.514686+08:00
799,"{""id"": 748, ""order_detail"": {""id"": 799, ""slip_number"": ""9740939"", ""order_type"": ""TAKE_OUT"", ""payment_method"": ""CASH"", ""table_number"": ""4"", ""items_json"": [{""productId"": 10, ""name"": ""Leg - Meal"", ""price"": 149, ""quantity"": 3, ""discount"": 0}], ""order_mode"": ""REGULAR""}, ""android_id"": null, ""total"": ""447.00"", ""completed_at"": ""2026-05-27T18:15:34.380372+08:00"", ""order"": 799}",,9740939,TAKE_OUT,CASH,"[{""productId"": 10, ""name"": ""Leg - Meal"", ""price"": 149, ""quantity"": 3, ""discount"": 0}]",447.00,COMPLETED,walk-in,4,,False,REGULAR,2026-06-04T03:46:24.508752+08:00,2026-06-04T03:46:24.508752+08:00
800,"{""id"": 749, ""order_detail"": {""id"": 800, ""slip_number"": ""9740940"", ""order_type"": ""DINE_IN"", ""payment_method"": ""CASH"", ""table_number"": ""3"", ""items_json"": [{""productId"": 11, ""name"": ""Wings - One Piece Meal"", ""price"": 79, ""quantity"": 1, ""discount"": 0}], ""order_mode"": ""REGULAR""}, ""android_id"": null, ""total"": ""79.00"", ""completed_at"": ""2026-05-27T19:43:44.321662+08:00"", ""order"": 800}",,9740940,DINE_IN,CASH,"[{""productId"": 11, ""name"": ""Wings - One Piece Meal"", ""price"": 79, ""quantity"": 1, ""discount"": 0}]",79.00,COMPLETED,walk-in,3,,False,REGULAR,2026-06-04T03:46:24.503237+08:00,2026-06-04T03:46:24.503237+08:00
801,"{""id"": 750, ""order_detail"": {""id"": 801, ""slip_number"": ""9740941"", ""order_type"": ""DINE_IN"", ""payment_method"": ""CASH"", ""table_number"": ""1"", ""items_json"": [{""productId"": 7, ""name"": ""Pechopak - Unli"", ""price"": 179, ""quantity"": 2, ""discount"": 0}, {""productId"": 1, ""name"": ""Coke - 1.5"", ""price"": 120, ""quantity"": 1, ""discount"": 0}], ""order_mode"": ""REGULAR""}, ""android_id"": null, ""total"": ""478.00"", ""completed_at"": ""2026-05-27T20:38:37.016697+08:00"", ""order"": 801}",,9740941,DINE_IN,CASH,"[{""productId"": 7, ""name"": ""Pechopak - Unli"", ""price"": 179, ""quantity"": 2, ""discount"": 0}, {""productId"": 1, ""name"": ""Coke - 1.5"", ""price"": 120, ""quantity"": 1, ""discount"": 0}]",478.00,COMPLETED,walk-in,1,,False,REGULAR,2026-06-04T03:46:24.494730+08:00,2026-06-04T03:46:24.494730+08:00
802,"{""id"": 751, ""order_detail"": {""id"": 802, ""slip_number"": ""9740942"", ""order_type"": ""DINE_IN"", ""payment_method"": ""CASH"", ""table_number"": ""1"", ""items_json"": [{""productId"": 10, ""name"": ""Leg - Unli"", ""price"": 159, ""quantity"": 9, ""discount"": 0}, {""productId"": 5, ""name"": ""Sprite - 1.5"", ""price"": 120, ""quantity"": 2, ""discount"": 0}], ""order_mode"": ""REGULAR""}, ""android_id"": null, ""total"": ""1671.00"", ""completed_at"": ""2026-05-27T20:38:39.453401+08:00"", ""order"": 802}",,9740942,DINE_IN,CASH,"[{""productId"": 10, ""name"": ""Leg - Unli"", ""price"": 159, ""quantity"": 9, ""discount"": 0}, {""productId"": 5, ""name"": ""Sprite - 1.5"", ""price"": 120, ""quantity"": 2, ""discount"": 0}]",1671.00,COMPLETED,walk-in,1,,False,REGULAR,2026-06-04T03:46:24.485525+08:00,2026-06-04T03:46:24.485525+08:00
803,"{""id"": 752, ""order_detail"": {""id"": 803, ""slip_number"": ""9740943"", ""order_type"": ""DINE_IN"", ""payment_method"": ""CASH"", ""table_number"": ""3"", ""items_json"": [{""productId"": 7, ""name"": ""Pechopak - Meal"", ""price"": 169, ""quantity"": 2, ""discount"": 0}, {""productId"": 7, ""name"": ""Pechopak - Unli"", ""price"": 179, ""quantity"": 1, ""discount"": 0}], ""order_mode"": ""REGULAR""}, ""android_id"": null, ""total"": ""517.00"", ""completed_at"": ""2026-05-27T20:38:43.264796+08:00"", ""order"": 803}",,9740943,DINE_IN,CASH,"[{""productId"": 7, ""name"": ""Pechopak - Meal"", ""price"": 169, ""quantity"": 2, ""discount"": 0}, {""productId"": 7, ""name"": ""Pechopak - Unli"", ""price"": 179, ""quantity"": 1, ""discount"": 0}]",517.00,COMPLETED,walk-in,3,,False,REGULAR,2026-06-04T03:46:24.483521+08:00,2026-06-04T03:46:24.483521+08:00
804,"{""id"": 753, ""order_detail"": {""id"": 804, ""slip_number"": ""9740944"", ""order_type"": ""DINE_IN"", ""payment_method"": ""CASH"", ""table_number"": ""1"", ""items_json"": [{""productId"": 10, ""name"": ""Leg - Unli"", ""price"": 159, ""quantity"": 2, ""discount"": 0}], ""order_mode"": ""REGULAR""}, ""android_id"": null, ""total"": ""318.00"", ""completed_at"": ""2026-05-27T21:17:33.151995+08:00"", ""order"": 804}",,9740944,DINE_IN,CASH,"[{""productId"": 10, ""name"": ""Leg - Unli"", ""price"": 159, ""quantity"": 2, ""discount"": 0}]",318.00,COMPLETED,walk-in,1,,False,REGULAR,2026-06-04T03:46:24.477523+08:00,2026-06-04T03:46:24.477523+08:00
805,"{""id"": 754, ""order_detail"": {""id"": 805, ""slip_number"": ""9740945"", ""order_type"": ""DINE_IN"", ""payment_method"": ""CASH"", ""table_number"": ""3"", ""items_json"": [{""productId"": 8, ""name"": ""Liempo - Unli"", ""price"": 199, ""quantity"": 2, ""discount"": 0}], ""order_mode"": ""REGULAR""}, ""android_id"": null, ""total"": ""398.00"", ""completed_at"": ""2026-05-27T21:28:01.602303+08:00"", ""order"": 805}",,9740945,DINE_IN,CASH,"[{""productId"": 8, ""name"": ""Liempo - Unli"", ""price"": 199, ""quantity"": 2, ""discount"": 0}]",398.00,COMPLETED,walk-in,3,,False,REGULAR,2026-06-04T03:46:24.466429+08:00,2026-06-04T03:46:24.466429+08:00
806,"{""id"": 756, ""order_detail"": {""id"": 806, ""slip_number"": ""9740946"", ""order_type"": ""DINE_IN"", ""payment_method"": ""CASH"", ""table_number"": ""3"", ""items_json"": [{""productId"": 1, ""name"": ""Coke - Mismo"", ""price"": 25, ""quantity"": 2, ""discount"": 0}, {""productId"": 7, ""name"": ""Pechopak - Unli"", ""price"": 179, ""quantity"": 2, ""discount"": 0}], ""order_mode"": ""REGULAR""}, ""android_id"": null, ""total"": ""408.00"", ""completed_at"": ""2026-05-27T21:50:55.597128+08:00"", ""order"": 806}",,9740946,DINE_IN,CASH,"[{""productId"": 1, ""name"": ""Coke - Mismo"", ""price"": 25, ""quantity"": 2, ""discount"": 0}, {""productId"": 7, ""name"": ""Pechopak - Unli"", ""price"": 179, ""quantity"": 2, ""discount"": 0}]",408.00,COMPLETED,walk-in,3,,False,REGULAR,2026-06-04T03:46:24.456918+08:00,2026-06-04T03:46:24.456918+08:00
807,"{""id"": 755, ""order_detail"": {""id"": 807, ""slip_number"": ""9740947"", ""order_type"": ""DINE_IN"", ""payment_method"": ""CASH"", ""table_number"": ""1"", ""items_json"": [{""productId"": 7, ""name"": ""Pechopak - Unli"", ""price"": 179, ""quantity"": 1, ""discount"": 0}], ""order_mode"": ""REGULAR""}, ""android_id"": null, ""total"": ""179.00"", ""completed_at"": ""2026-05-27T21:50:08.460935+08:00"", ""order"": 807}",,9740947,DINE_IN,CASH,"[{""productId"": 7, ""name"": ""Pechopak - Unli"", ""price"": 179, ""quantity"": 1, ""discount"": 0}]",179.00,COMPLETED,walk-in,1,,False,REGULAR,2026-06-04T03:46:24.446521+08:00,2026-06-04T03:46:24.446521+08:00
808,"{""id"": 757, ""order_detail"": {""id"": 808, ""slip_number"": ""9740948"", ""order_type"": ""DINE_IN"", ""payment_method"": ""GCASH"", ""table_number"": ""5"", ""items_json"": [{""productId"": 7, ""name"": ""Pechopak - Unli"", ""price"": 179, ""quantity"": 1, ""discount"": 0}, {""productId"": 8, ""name"": ""Liempo - Unli"", ""price"": 199, ""quantity"": 1, ""discount"": 0}, {""productId"": 1, ""name"": ""Coke - Mismo"", ""price"": 25, ""quantity"": 2, ""discount"": 0}], ""order_mode"": ""REGULAR""}, ""android_id"": null, ""total"": ""428.00"", ""completed_at"": ""2026-05-27T22:20:59.361852+08:00"", ""order"": 808}",,9740948,DINE_IN,GCASH,"[{""productId"": 7, ""name"": ""Pechopak - Unli"", ""price"": 179, ""quantity"": 1, ""discount"": 0}, {""productId"": 8, ""name"": ""Liempo - Unli"", ""price"": 199, ""quantity"": 1, ""discount"": 0}, {""productId"": 1, ""name"": ""Coke - Mismo"", ""price"": 25, ""quantity"": 2, ""discount"": 0}]",428.00,COMPLETED,walk-in,5,,False,REGULAR,2026-06-04T03:46:24.443479+08:00,2026-06-04T03:46:24.443479+08:00
809,"{""id"": 758, ""order_detail"": {""id"": 809, ""slip_number"": ""9740949"", ""order_type"": ""DINE_IN"", ""payment_method"": ""GCASH"", ""table_number"": """", ""items_json"": [{""productId"": 7, ""name"": ""Pechopak - Only"", ""price"": 159, ""quantity"": 1, ""discount"": 0}, {""productId"": 9, ""name"": ""BBQ - Only"", ""price"": 129, ""quantity"": 1, ""discount"": 0}], ""order_mode"": ""REGULAR""}, ""android_id"": null, ""total"": ""288.00"", ""completed_at"": ""2026-05-27T22:21:20.900380+08:00"", ""order"": 809}",,9740949,DINE_IN,GCASH,"[{""productId"": 7, ""name"": ""Pechopak - Only"", ""price"": 159, ""quantity"": 1, ""discount"": 0}, {""productId"": 9, ""name"": ""BBQ - Only"", ""price"": 129, ""quantity"": 1, ""discount"": 0}]",288.00,COMPLETED,walk-in,,,False,REGULAR,2026-06-04T03:46:24.426656+08:00,2026-06-04T03:46:24.426656+08:00
810,"{""id"": 759, ""order_detail"": {""id"": 810, ""slip_number"": ""9740950"", ""order_type"": ""DINE_IN"", ""payment_method"": ""GCASH"", ""table_number"": ""3"", ""items_json"": [{""productId"": 10, ""name"": ""Leg - Unli"", ""price"": 159, ""quantity"": 1, ""discount"": 0}, {""productId"": 7, ""name"": ""Pechopak - Unli"", ""price"": 179, ""quantity"": 1, ""discount"": 0}], ""order_mode"": ""REGULAR""}, ""android_id"": null, ""total"": ""338.00"", ""completed_at"": ""2026-05-28T13:07:09.974591+08:00"", ""order"": 810}",,9740950,DINE_IN,GCASH,"[{""productId"": 10, ""name"": ""Leg - Unli"", ""price"": 159, ""quantity"": 1, ""discount"": 0}, {""productId"": 7, ""name"": ""Pechopak - Unli"", ""price"": 179, ""quantity"": 1, ""discount"": 0}]",338.00,COMPLETED,walk-in,3,,False,REGULAR,2026-06-04T03:46:24.424649+08:00,2026-06-04T03:46:24.424649+08:00
811,"{""id"": 760, ""order_detail"": {""id"": 811, ""slip_number"": ""9740951"", ""order_type"": ""DINE_IN"", ""payment_method"": ""CASH"", ""table_number"": ""1"", ""items_json"": [{""productId"": 10, ""name"": ""Leg - Unli"", ""price"": 159, ""quantity"": 2, ""discount"": 0}], ""order_mode"": ""REGULAR""}, ""android_id"": null, ""total"": ""318.00"", ""completed_at"": ""2026-05-28T13:43:44.016371+08:00"", ""order"": 811}",,9740951,DINE_IN,CASH,"[{""productId"": 10, ""name"": ""Leg - Unli"", ""price"": 159, ""quantity"": 2, ""discount"": 0}]",318.00,COMPLETED,walk-in,1,,False,REGULAR,2026-06-04T03:46:24.415159+08:00,2026-06-04T03:46:24.415159+08:00
812,"{""id"": 761, ""order_detail"": {""id"": 812, ""slip_number"": ""9740952"", ""order_type"": ""DINE_IN"", ""payment_method"": ""CASH"", ""table_number"": ""3"", ""items_json"": [{""productId"": 10, ""name"": ""Leg - Unli"", ""price"": 159, ""quantity"": 1, ""discount"": 0}, {""productId"": 10, ""name"": ""Leg - Meal"", ""price"": 149, ""quantity"": 1, ""discount"": 0}, {""productId"": 3, ""name"": ""Icetea - Icetea Glass"", ""price"": 39, ""quantity"": 2, ""discount"": 0}], ""order_mode"": ""REGULAR""}, ""android_id"": null, ""total"": ""386.00"", ""completed_at"": ""2026-05-28T13:59:41.041195+08:00"", ""order"": 812}",,9740952,DINE_IN,CASH,"[{""productId"": 10, ""name"": ""Leg - Unli"", ""price"": 159, ""quantity"": 1, ""discount"": 0}, {""productId"": 10, ""name"": ""Leg - Meal"", ""price"": 149, ""quantity"": 1, ""discount"": 0}, {""productId"": 3, ""name"": ""Icetea - Icetea Glass"", ""price"": 39, ""quantity"": 2, ""discount"": 0}]",386.00,COMPLETED,walk-in,3,,False,REGULAR,2026-06-04T03:46:24.407674+08:00,2026-06-04T03:46:24.407674+08:00
813,"{""id"": 762, ""order_detail"": {""id"": 813, ""slip_number"": ""9740953"", ""order_type"": ""DINE_IN"", ""payment_method"": ""CASH"", ""table_number"": ""1"", ""items_json"": [{""productId"": 10, ""name"": ""Leg - Unli"", ""price"": 159, ""quantity"": 2, ""discount"": 0}, {""productId"": 5, ""name"": ""Sprite - Mismo"", ""price"": 25, ""quantity"": 1, ""discount"": 0}, {""productId"": 1, ""name"": ""Coke - Mismo"", ""price"": 25, ""quantity"": 1, ""discount"": 0}], ""order_mode"": ""REGULAR""}, ""android_id"": null, ""total"": ""368.00"", ""completed_at"": ""2026-05-28T17:05:24.303701+08:00"", ""order"": 813}",,9740953,DINE_IN,CASH,"[{""productId"": 10, ""name"": ""Leg - Unli"", ""price"": 159, ""quantity"": 2, ""discount"": 0}, {""productId"": 5, ""name"": ""Sprite - Mismo"", ""price"": 25, ""quantity"": 1, ""discount"": 0}, {""productId"": 1, ""name"": ""Coke - Mismo"", ""price"": 25, ""quantity"": 1, ""discount"": 0}]",368.00,COMPLETED,walk-in,1,,False,REGULAR,2026-06-04T03:46:24.396631+08:00,2026-06-04T03:46:24.396631+08:00
814,"{""id"": 763, ""order_detail"": {""id"": 814, ""slip_number"": ""9740954"", ""order_type"": ""DINE_IN"", ""payment_method"": ""CASH"", ""table_number"": ""5"", ""items_json"": [{""productId"": 7, ""name"": ""Pechopak - Unli"", ""price"": 179, ""quantity"": 1, ""discount"": 0}], ""order_mode"": ""REGULAR""}, ""android_id"": null, ""total"": ""179.00"", ""completed_at"": ""2026-05-28T17:47:23.399564+08:00"", ""order"": 814}",,9740954,DINE_IN,CASH,"[{""productId"": 7, ""name"": ""Pechopak - Unli"", ""price"": 179, ""quantity"": 1, ""discount"": 0}]",179.00,COMPLETED,walk-in,5,,False,REGULAR,2026-06-04T03:46:24.386510+08:00,2026-06-04T03:46:24.386510+08:00
815,"{""id"": 764, ""order_detail"": {""id"": 815, ""slip_number"": ""9740955"", ""order_type"": ""TAKE_OUT"", ""payment_method"": ""CASH"", ""table_number"": ""2"", ""items_json"": [{""productId"": 7, ""name"": ""Pechopak - Meal"", ""price"": 169, ""quantity"": 3, ""discount"": 0}], ""order_mode"": ""REGULAR""}, ""android_id"": null, ""total"": ""507.00"", ""completed_at"": ""2026-05-28T18:40:18.547476+08:00"", ""order"": 815}",,9740955,TAKE_OUT,CASH,"[{""productId"": 7, ""name"": ""Pechopak - Meal"", ""price"": 169, ""quantity"": 3, ""discount"": 0}]",507.00,COMPLETED,walk-in,2,,False,REGULAR,2026-06-04T03:46:24.382809+08:00,2026-06-04T03:46:24.382809+08:00
816,"{""id"": 765, ""order_detail"": {""id"": 816, ""slip_number"": ""9740956"", ""order_type"": ""DINE_IN"", ""payment_method"": ""CASH"", ""table_number"": ""5"", ""items_json"": [{""productId"": 10, ""name"": ""Leg - Unli"", ""price"": 159, ""quantity"": 1, ""discount"": 0}, {""productId"": 7, ""name"": ""Pechopak - Unli"", ""price"": 179, ""quantity"": 1, ""discount"": 0}, {""productId"": 1, ""name"": ""Coke - Mismo"", ""price"": 25, ""quantity"": 2, ""discount"": 0}], ""order_mode"": ""REGULAR""}, ""android_id"": null, ""total"": ""388.00"", ""completed_at"": ""2026-05-28T18:48:41.243910+08:00"", ""order"": 816}",,9740956,DINE_IN,CASH,"[{""productId"": 10, ""name"": ""Leg - Unli"", ""price"": 159, ""quantity"": 1, ""discount"": 0}, {""productId"": 7, ""name"": ""Pechopak - Unli"", ""price"": 179, ""quantity"": 1, ""discount"": 0}, {""productId"": 1, ""name"": ""Coke - Mismo"", ""price"": 25, ""quantity"": 2, ""discount"": 0}]",388.00,COMPLETED,walk-in,5,,False,REGULAR,2026-06-04T03:46:24.368235+08:00,2026-06-04T03:46:24.368235+08:00
817,"{""id"": 768, ""order_detail"": {""id"": 817, ""slip_number"": ""9740957"", ""order_type"": ""DINE_IN"", ""payment_method"": ""CASH"", ""table_number"": ""3"", ""items_json"": [{""productId"": 7, ""name"": ""Pechopak - Meal"", ""price"": 169, ""quantity"": 4, ""discount"": 0}, {""productId"": 3, ""name"": ""Icetea - Icetea Pitcher"", ""price"": 129, ""quantity"": 1, ""discount"": 0}], ""order_mode"": ""REGULAR""}, ""android_id"": null, ""total"": ""805.00"", ""completed_at"": ""2026-05-28T19:30:16.970498+08:00"", ""order"": 817}",,9740957,DINE_IN,CASH,"[{""productId"": 7, ""name"": ""Pechopak - Meal"", ""price"": 169, ""quantity"": 4, ""discount"": 0}, {""productId"": 3, ""name"": ""Icetea - Icetea Pitcher"", ""price"": 129, ""quantity"": 1, ""discount"": 0}]",805.00,COMPLETED,walk-in,3,,False,REGULAR,2026-06-04T03:46:24.365350+08:00,2026-06-04T03:46:24.365350+08:00
818,"{""id"": 771, ""order_detail"": {""id"": 818, ""slip_number"": ""9740958"", ""order_type"": ""DINE_IN"", ""payment_method"": ""CASH"", ""table_number"": ""1"", ""items_json"": [{""productId"": 10, ""name"": ""Leg - Unli"", ""price"": 159, ""quantity"": 1, ""discount"": 0}, {""productId"": 8, ""name"": ""Liempo - Unli"", ""price"": 199, ""quantity"": 1, ""discount"": 0}, {""productId"": 3, ""name"": ""Icetea - Icetea Pitcher"", ""price"": 129, ""quantity"": 1}], ""order_mode"": ""REGULAR""}, ""android_id"": null, ""total"": ""487.00"", ""completed_at"": ""2026-05-28T19:53:04.205152+08:00"", ""order"": 818}",,9740958,DINE_IN,CASH,"[{""productId"": 10, ""name"": ""Leg - Unli"", ""price"": 159, ""quantity"": 1, ""discount"": 0}, {""productId"": 8, ""name"": ""Liempo - Unli"", ""price"": 199, ""quantity"": 1, ""discount"": 0}, {""productId"": 3, ""name"": ""Icetea - Icetea Pitcher"", ""price"": 129, ""quantity"": 1}]",487.00,COMPLETED,walk-in,1,,False,REGULAR,2026-06-04T03:46:24.354995+08:00,2026-06-04T03:46:24.354995+08:00
819,"{""id"": 770, ""order_detail"": {""id"": 819, ""slip_number"": ""9740959"", ""order_type"": ""DINE_IN"", ""payment_method"": ""GCASH"", ""table_number"": ""2"", ""items_json"": [{""productId"": 10, ""name"": ""Leg - Meal"", ""price"": 149, ""quantity"": 1, ""discount"": 0}, {""productId"": 8, ""name"": ""Liempo - Meal"", ""price"": 189, ""quantity"": 1, ""discount"": 0}, {""productId"": 3, ""name"": ""Icetea - Icetea Glass"", ""price"": 39, ""quantity"": 1, ""discount"": 0}, {""productId"": 5, ""name"": ""Sprite - Mismo"", ""price"": 25, ""quantity"": 1, ""discount"": 0}], ""order_mode"": ""REGULAR""}, ""android_id"": null, ""total"": ""402.00"", ""completed_at"": ""2026-05-28T19:52:06.595633+08:00"", ""order"": 819}",,9740959,DINE_IN,GCASH,"[{""productId"": 10, ""name"": ""Leg - Meal"", ""price"": 149, ""quantity"": 1, ""discount"": 0}, {""productId"": 8, ""name"": ""Liempo - Meal"", ""price"": 189, ""quantity"": 1, ""discount"": 0}, {""productId"": 3, ""name"": ""Icetea - Icetea Glass"", ""price"": 39, ""quantity"": 1, ""discount"": 0}, {""productId"": 5, ""name"": ""Sprite - Mismo"", ""price"": 25, ""quantity"": 1, ""discount"": 0}]",402.00,COMPLETED,walk-in,2,,False,REGULAR,2026-06-04T03:46:24.346473+08:00,2026-06-04T03:46:24.346473+08:00
820,"{""id"": 769, ""order_detail"": {""id"": 820, ""slip_number"": ""9740960"", ""order_type"": ""DINE_IN"", ""payment_method"": ""GCASH"", ""table_number"": ""5"", ""items_json"": [{""productId"": 8, ""name"": ""Liempo - Meal"", ""price"": 189, ""quantity"": 1, ""discount"": 0}], ""order_mode"": ""REGULAR""}, ""android_id"": null, ""total"": ""189.00"", ""completed_at"": ""2026-05-28T19:46:29.704904+08:00"", ""order"": 820}",,9740960,DINE_IN,GCASH,"[{""productId"": 8, ""name"": ""Liempo - Meal"", ""price"": 189, ""quantity"": 1, ""discount"": 0}]",189.00,COMPLETED,walk-in,5,,False,REGULAR,2026-06-04T03:46:24.343403+08:00,2026-06-04T03:46:24.343403+08:00
821,"{""id"": 766, ""order_detail"": {""id"": 821, ""slip_number"": ""9740961"", ""order_type"": ""DINE_IN"", ""payment_method"": ""GCASH"", ""table_number"": """", ""items_json"": [{""productId"": 1, ""name"": ""Coke - Mismo"", ""price"": 25, ""quantity"": 1, ""discount"": 0}], ""order_mode"": ""REGULAR""}, ""android_id"": null, ""total"": ""25.00"", ""completed_at"": ""2026-05-28T19:29:17.203458+08:00"", ""order"": 821}",,9740961,DINE_IN,GCASH,"[{""productId"": 1, ""name"": ""Coke - Mismo"", ""price"": 25, ""quantity"": 1, ""discount"": 0}]",25.00,COMPLETED,walk-in,,,False,REGULAR,2026-06-04T03:46:24.334014+08:00,2026-06-04T03:46:24.334014+08:00
822,"{""id"": 767, ""order_detail"": {""id"": 822, ""slip_number"": ""9740962"", ""order_type"": ""DINE_IN"", ""payment_method"": ""CASH"", ""table_number"": """", ""items_json"": [{""productId"": 1, ""name"": ""Coke - Mismo"", ""price"": 25, ""quantity"": 1, ""discount"": 0}], ""order_mode"": ""REGULAR""}, ""android_id"": null, ""total"": ""25.00"", ""completed_at"": ""2026-05-28T19:29:41.957222+08:00"", ""order"": 822}",,9740962,DINE_IN,CASH,"[{""productId"": 1, ""name"": ""Coke - Mismo"", ""price"": 25, ""quantity"": 1, ""discount"": 0}]",25.00,COMPLETED,walk-in,,,False,REGULAR,2026-06-04T03:46:24.331007+08:00,2026-06-04T03:46:24.331007+08:00
823,"{""id"": 776, ""order_detail"": {""id"": 823, ""slip_number"": ""9740963"", ""order_type"": ""DINE_IN"", ""payment_method"": ""GCASH"", ""table_number"": ""5"", ""items_json"": [{""productId"": 7, ""name"": ""Pechopak - Unli"", ""price"": 179, ""quantity"": 1, ""discount"": 0}, {""productId"": 3, ""name"": ""Icetea - Icetea Pitcher"", ""price"": 129, ""quantity"": 1, ""discount"": 0}], ""order_mode"": ""REGULAR""}, ""android_id"": null, ""total"": ""308.00"", ""completed_at"": ""2026-05-28T20:39:00+08:00"", ""order"": 823}",,9740963,DINE_IN,GCASH,"[{""productId"": 7, ""name"": ""Pechopak - Unli"", ""price"": 179, ""quantity"": 1, ""discount"": 0}, {""productId"": 3, ""name"": ""Icetea - Icetea Pitcher"", ""price"": 129, ""quantity"": 1, ""discount"": 0}]",308.00,COMPLETED,walk-in,5,,False,REGULAR,2026-06-04T03:46:24.317063+08:00,2026-06-04T03:46:24.317063+08:00
824,"{""id"": 772, ""order_detail"": {""id"": 824, ""slip_number"": ""9740964"", ""order_type"": ""DINE_IN"", ""payment_method"": ""GCASH"", ""table_number"": ""3"", ""items_json"": [{""productId"": 8, ""name"": ""Liempo - Meal"", ""price"": 189, ""quantity"": 1, ""discount"": 0}, {""productId"": 9, ""name"": ""BBQ - Meal"", ""price"": 139, ""quantity"": 2, ""discount"": 0}, {""productId"": 7, ""name"": ""Pechopak - Meal"", ""price"": 169, ""quantity"": 1, ""discount"": 0}, {""productId"": 3, ""name"": ""Icetea - Icetea Pitcher"", ""price"": 129, ""quantity"": 1, ""discount"": 0}], ""order_mode"": ""REGULAR""}, ""android_id"": null, ""total"": ""765.00"", ""completed_at"": ""2026-05-28T20:10:37.357562+08:00"", ""order"": 824}",,9740964,DINE_IN,GCASH,"[{""productId"": 8, ""name"": ""Liempo - Meal"", ""price"": 189, ""quantity"": 1, ""discount"": 0}, {""productId"": 9, ""name"": ""BBQ - Meal"", ""price"": 139, ""quantity"": 2, ""discount"": 0}, {""productId"": 7, ""name"": ""Pechopak - Meal"", ""price"": 169, ""quantity"": 1, ""discount"": 0}, {""productId"": 3, ""name"": ""Icetea - Icetea Pitcher"", ""price"": 129, ""quantity"": 1, ""discount"": 0}]",765.00,COMPLETED,walk-in,3,,False,REGULAR,2026-06-04T03:46:24.313056+08:00,2026-06-04T03:46:24.313056+08:00
825,"{""id"": 773, ""order_detail"": {""id"": 825, ""slip_number"": ""9740965"", ""order_type"": ""DINE_IN"", ""payment_method"": ""CASH"", ""table_number"": ""4"", ""items_json"": [{""productId"": 7, ""name"": ""Pechopak - Unli"", ""price"": 179, ""quantity"": 1, ""discount"": 0}, {""productId"": 1, ""name"": ""Coke - Mismo"", ""price"": 25, ""quantity"": 1}], ""order_mode"": ""REGULAR""}, ""android_id"": null, ""total"": ""204.00"", ""completed_at"": ""2026-05-28T20:10:42.086524+08:00"", ""order"": 825}",,9740965,DINE_IN,CASH,"[{""productId"": 7, ""name"": ""Pechopak - Unli"", ""price"": 179, ""quantity"": 1, ""discount"": 0}, {""productId"": 1, ""name"": ""Coke - Mismo"", ""price"": 25, ""quantity"": 1}]",204.00,COMPLETED,walk-in,4,,False,REGULAR,2026-06-04T03:46:24.305473+08:00,2026-06-04T03:46:24.306479+08:00
826,"{""id"": 775, ""order_detail"": {""id"": 826, ""slip_number"": ""9740966"", ""order_type"": ""DINE_IN"", ""payment_method"": ""CASH"", ""table_number"": ""1"", ""items_json"": [{""productId"": 10, ""name"": ""Leg - Meal"", ""price"": 149, ""quantity"": 1, ""discount"": 0}], ""order_mode"": ""REGULAR""}, ""android_id"": null, ""total"": ""149.00"", ""completed_at"": ""2026-05-28T20:18:32.359165+08:00"", ""order"": 826}",,9740966,DINE_IN,CASH,"[{""productId"": 10, ""name"": ""Leg - Meal"", ""price"": 149, ""quantity"": 1, ""discount"": 0}]",149.00,COMPLETED,walk-in,1,,False,REGULAR,2026-06-04T03:46:24.297104+08:00,2026-06-04T03:46:24.297104+08:00
827,"{""id"": 774, ""order_detail"": {""id"": 827, ""slip_number"": ""9740967"", ""order_type"": ""DINE_IN"", ""payment_method"": ""CASH"", ""table_number"": """", ""items_json"": [{""productId"": 2, ""name"": ""Rice - Extra"", ""price"": 20, ""quantity"": 2, ""discount"": 0}], ""order_mode"": ""REGULAR""}, ""android_id"": null, ""total"": ""40.00"", ""completed_at"": ""2026-05-28T20:15:58.583352+08:00"", ""order"": 827}",,9740967,DINE_IN,CASH,"[{""productId"": 2, ""name"": ""Rice - Extra"", ""price"": 20, ""quantity"": 2, ""discount"": 0}]",40.00,COMPLETED,walk-in,,,False,REGULAR,2026-06-04T03:46:24.294102+08:00,2026-06-04T03:46:24.294102+08:00
828,"{""id"": 825, ""order_detail"": {""id"": 828, ""slip_number"": ""9740968"", ""order_type"": ""DINE_IN"", ""payment_method"": ""GCASH"", ""table_number"": """", ""items_json"": [{""productId"": 9, ""name"": ""BBQ - Only"", ""price"": 129, ""quantity"": 2, ""discount"": 0}, {""productId"": 10, ""name"": ""Leg - Only"", ""price"": 139, ""quantity"": 1}], ""order_mode"": ""REGULAR""}, ""android_id"": null, ""total"": ""397.00"", ""completed_at"": ""2026-05-30T22:35:52.422100+08:00"", ""order"": 828}",,9740968,DINE_IN,GCASH,"[{""productId"": 9, ""name"": ""BBQ - Only"", ""price"": 129, ""quantity"": 2, ""discount"": 0}, {""productId"": 10, ""name"": ""Leg - Only"", ""price"": 139, ""quantity"": 1}]",397.00,COMPLETED,walk-in,,MARK WARREN PANTAS,False,REGULAR,2026-06-04T03:46:24.287046+08:00,2026-06-04T03:46:24.287046+08:00
829,"{""id"": 777, ""order_detail"": {""id"": 829, ""slip_number"": ""9740969"", ""order_type"": ""DINE_IN"", ""payment_method"": ""CASH"", ""table_number"": ""2"", ""items_json"": [{""productId"": 9, ""name"": ""BBQ - Unli"", ""price"": 149, ""quantity"": 2, ""discount"": 0}], ""order_mode"": ""REGULAR""}, ""android_id"": null, ""total"": ""298.00"", ""completed_at"": ""2026-05-28T22:05:41.872998+08:00"", ""order"": 829}",,9740969,DINE_IN,CASH,"[{""productId"": 9, ""name"": ""BBQ - Unli"", ""price"": 149, ""quantity"": 2, ""discount"": 0}]",298.00,COMPLETED,walk-in,2,,False,REGULAR,2026-06-04T03:46:24.283043+08:00,2026-06-04T03:46:24.283043+08:00
830,"{""id"": 778, ""order_detail"": {""id"": 830, ""slip_number"": ""9740970"", ""order_type"": ""DINE_IN"", ""payment_method"": ""CASH"", ""table_number"": ""1"", ""items_json"": [{""productId"": 7, ""name"": ""Pechopak - Meal"", ""price"": 169, ""quantity"": 1, ""discount"": 0}, {""productId"": 9, ""name"": ""BBQ - Meal"", ""price"": 139, ""quantity"": 1, ""discount"": 0}], ""order_mode"": ""REGULAR""}, ""android_id"": null, ""total"": ""308.00"", ""completed_at"": ""2026-05-28T22:05:46.329995+08:00"", ""order"": 830}",,9740970,DINE_IN,CASH,"[{""productId"": 7, ""name"": ""Pechopak - Meal"", ""price"": 169, ""quantity"": 1, ""discount"": 0}, {""productId"": 9, ""name"": ""BBQ - Meal"", ""price"": 139, ""quantity"": 1, ""discount"": 0}]",308.00,COMPLETED,walk-in,1,,False,REGULAR,2026-06-04T03:46:24.273833+08:00,2026-06-04T03:46:24.273833+08:00
831,"{""id"": 779, ""order_detail"": {""id"": 831, ""slip_number"": ""9740970"", ""order_type"": ""DINE_IN"", ""payment_method"": ""CASH"", ""table_number"": """", ""items_json"": [{""productId"": 1, ""name"": ""Coke - Mismo"", ""price"": 25, ""quantity"": 1, ""discount"": 0}], ""order_mode"": ""REGULAR""}, ""android_id"": null, ""total"": ""25.00"", ""completed_at"": ""2026-05-28T22:20:44.839189+08:00"", ""order"": 831}",,9740970,DINE_IN,CASH,"[{""productId"": 1, ""name"": ""Coke - Mismo"", ""price"": 25, ""quantity"": 1, ""discount"": 0}]",25.00,COMPLETED,walk-in,,,False,REGULAR,2026-06-04T03:46:24.266763+08:00,2026-06-04T03:46:24.266763+08:00
832,"{""id"": 780, ""order_detail"": {""id"": 832, ""slip_number"": ""9740971"", ""order_type"": ""DINE_IN"", ""payment_method"": ""GCASH"", ""table_number"": ""2"", ""items_json"": [{""productId"": 7, ""name"": ""Pechopak - Unli"", ""price"": 179, ""quantity"": 2, ""discount"": 0}, {""productId"": 3, ""name"": ""Icetea - Icetea Glass"", ""price"": 39, ""quantity"": 1, ""discount"": 0}], ""order_mode"": ""REGULAR""}, ""android_id"": null, ""total"": ""397.00"", ""completed_at"": ""2026-05-28T22:33:55.612079+08:00"", ""order"": 832}",,9740971,DINE_IN,GCASH,"[{""productId"": 7, ""name"": ""Pechopak - Unli"", ""price"": 179, ""quantity"": 2, ""discount"": 0}, {""productId"": 3, ""name"": ""Icetea - Icetea Glass"", ""price"": 39, ""quantity"": 1, ""discount"": 0}]",397.00,COMPLETED,walk-in,2,,False,REGULAR,2026-06-04T03:46:24.254617+08:00,2026-06-04T03:46:24.254617+08:00
833,"{""id"": 781, ""order_detail"": {""id"": 833, ""slip_number"": ""9740972"", ""order_type"": ""DINE_IN"", ""payment_method"": ""CASH"", ""table_number"": ""1"", ""items_json"": [{""productId"": 7, ""name"": ""Pechopak - Meal"", ""price"": 169, ""quantity"": 2, ""discount"": 0}, {""productId"": 8, ""name"": ""Liempo - Meal"", ""price"": 189, ""quantity"": 1, ""discount"": 0}], ""order_mode"": ""REGULAR""}, ""android_id"": null, ""total"": ""527.00"", ""completed_at"": ""2026-05-28T23:17:59.362900+08:00"", ""order"": 833}",,9740972,DINE_IN,CASH,"[{""productId"": 7, ""name"": ""Pechopak - Meal"", ""price"": 169, ""quantity"": 2, ""discount"": 0}, {""productId"": 8, ""name"": ""Liempo - Meal"", ""price"": 189, ""quantity"": 1, ""discount"": 0}]",527.00,COMPLETED,walk-in,1,,False,REGULAR,2026-06-04T03:46:24.247553+08:00,2026-06-04T03:46:24.247553+08:00
834,,,9740973,TAKE_OUT,CASH,"[{""productId"": 8, ""name"": ""Liempo - Unli"", ""price"": 199, ""quantity"": 1, ""discount"": 20}, {""productId"": 8, ""name"": ""Liempo - Unli"", ""price"": 199, ""quantity"": 1, ""discount"": 0}, {""productId"": 9, ""name"": ""BBQ - Unli"", ""price"": 149, ""quantity"": 1, ""discount"": 0}, {""productId"": 7, ""name"": ""Pechopak - Unli"", ""price"": 179, ""quantity"": 1}]",686.20,VOIDED,walk-in,1,,True,REGULAR,2026-06-04T03:46:24.244149+08:00,2026-06-04T03:46:24.244149+08:00
835,"{""id"": 782, ""order_detail"": {""id"": 835, ""slip_number"": ""9740973"", ""order_type"": ""DINE_IN"", ""payment_method"": ""CASH"", ""table_number"": ""1"", ""items_json"": [{""productId"": 8, ""name"": ""Liempo - Unli"", ""price"": 199, ""quantity"": 2, ""discount"": 20}, {""productId"": 9, ""name"": ""BBQ - Unli"", ""price"": 149, ""quantity"": 1, ""discount"": 0}, {""productId"": 7, ""name"": ""Pechopak - Unli"", ""price"": 179, ""quantity"": 1, ""discount"": 0}], ""order_mode"": ""REGULAR""}, ""android_id"": null, ""total"": ""646.40"", ""completed_at"": ""2026-05-29T11:20:26.186333+08:00"", ""order"": 835}",,9740973,DINE_IN,CASH,"[{""productId"": 8, ""name"": ""Liempo - Unli"", ""price"": 199, ""quantity"": 2, ""discount"": 20}, {""productId"": 9, ""name"": ""BBQ - Unli"", ""price"": 149, ""quantity"": 1, ""discount"": 0}, {""productId"": 7, ""name"": ""Pechopak - Unli"", ""price"": 179, ""quantity"": 1, ""discount"": 0}]",646.40,COMPLETED,walk-in,1,,False,REGULAR,2026-06-04T03:46:24.233404+08:00,2026-06-04T03:46:24.233404+08:00
836,"{""id"": 784, ""order_detail"": {""id"": 836, ""slip_number"": ""9740974"", ""order_type"": ""DINE_IN"", ""payment_method"": ""CASH"", ""table_number"": ""1"", ""items_json"": [{""productId"": 9, ""name"": ""BBQ - Meal"", ""price"": 139, ""quantity"": 1, ""discount"": 0}, {""productId"": 9, ""name"": ""BBQ - Meal"", ""price"": 139, ""quantity"": 1, ""discount"": 20}, {""productId"": 7, ""name"": ""Pechopak - Meal"", ""price"": 169, ""quantity"": 3, ""discount"": 20}, {""productId"": 7, ""name"": ""Pechopak - Unli"", ""price"": 179, ""quantity"": 1, ""discount"": 20}, {""productId"": 8, ""name"": ""Liempo - Meal"", ""price"": 189, ""quantity"": 1, ""discount"": 20}, {""productId"": 10, ""name"": ""Leg - Meal"", ""price"": 149, ""quantity"": 4, ""discount"": 0}, {""productId"": 3, ""name"": ""Icetea - Icetea Pitcher"", ""price"": 129, ""quantity"": 2, ""discount"": 20}], ""order_mode"": ""REGULAR""}, ""android_id"": null, ""total"": ""1752.60"", ""completed_at"": ""2026-05-29T11:20:28.984582+08:00"", ""order"": 836}",,9740974,DINE_IN,CASH,"[{""productId"": 9, ""name"": ""BBQ - Meal"", ""price"": 139, ""quantity"": 1, ""discount"": 0}, {""productId"": 9, ""name"": ""BBQ - Meal"", ""price"": 139, ""quantity"": 1, ""discount"": 20}, {""productId"": 7, ""name"": ""Pechopak - Meal"", ""price"": 169, ""quantity"": 3, ""discount"": 20}, {""productId"": 7, ""name"": ""Pechopak - Unli"", ""price"": 179, ""quantity"": 1, ""discount"": 20}, {""productId"": 8, ""name"": ""Liempo - Meal"", ""price"": 189, ""quantity"": 1, ""discount"": 20}, {""productId"": 10, ""name"": ""Leg - Meal"", ""price"": 149, ""quantity"": 4, ""discount"": 0}, {""productId"": 3, ""name"": ""Icetea - Icetea Pitcher"", ""price"": 129, ""quantity"": 2, ""discount"": 20}]",1752.60,COMPLETED,walk-in,1,,False,REGULAR,2026-06-04T03:46:24.224894+08:00,2026-06-04T03:46:24.224894+08:00
837,"{""id"": 783, ""order_detail"": {""id"": 837, ""slip_number"": ""9740975"", ""order_type"": ""TAKE_OUT"", ""payment_method"": ""CASH"", ""table_number"": ""1"", ""items_json"": [{""productId"": 10, ""name"": ""Leg - Meal"", ""price"": 149, ""quantity"": 1, ""discount"": 0}], ""order_mode"": ""REGULAR""}, ""android_id"": null, ""total"": ""149.00"", ""completed_at"": ""2026-05-29T11:20:27.071287+08:00"", ""order"": 837}",,9740975,TAKE_OUT,CASH,"[{""productId"": 10, ""name"": ""Leg - Meal"", ""price"": 149, ""quantity"": 1, ""discount"": 0}]",149.00,COMPLETED,walk-in,1,,False,REGULAR,2026-06-04T03:46:24.222887+08:00,2026-06-04T03:46:24.222887+08:00
838,"{""id"": 785, ""order_detail"": {""id"": 838, ""slip_number"": ""9740976"", ""order_type"": ""DINE_IN"", ""payment_method"": ""CASH"", ""table_number"": ""1"", ""items_json"": [{""productId"": 11, ""name"": ""Wings - One Piece Only"", ""price"": 69, ""quantity"": 1, ""discount"": 0}, {""productId"": 9, ""name"": ""BBQ - One Piece Meal"", ""price"": 79, ""quantity"": 1, ""discount"": 0}, {""productId"": 5, ""name"": ""Sprite - Mismo"", ""price"": 25, ""quantity"": 1, ""discount"": 0}], ""order_mode"": ""REGULAR""}, ""android_id"": null, ""total"": ""173.00"", ""completed_at"": ""2026-05-29T13:26:38.707681+08:00"", ""order"": 838}",,9740976,DINE_IN,CASH,"[{""productId"": 11, ""name"": ""Wings - One Piece Only"", ""price"": 69, ""quantity"": 1, ""discount"": 0}, {""productId"": 9, ""name"": ""BBQ - One Piece Meal"", ""price"": 79, ""quantity"": 1, ""discount"": 0}, {""productId"": 5, ""name"": ""Sprite - Mismo"", ""price"": 25, ""quantity"": 1, ""discount"": 0}]",173.00,COMPLETED,walk-in,1,,False,REGULAR,2026-06-04T03:46:24.214734+08:00,2026-06-04T03:46:24.214734+08:00
839,"{""id"": 786, ""order_detail"": {""id"": 839, ""slip_number"": ""9740977"", ""order_type"": ""DINE_IN"", ""payment_method"": ""CASH"", ""table_number"": ""1"", ""items_json"": [{""productId"": 7, ""name"": ""Pechopak - Unli"", ""price"": 179, ""quantity"": 1, ""discount"": 0}], ""order_mode"": ""REGULAR""}, ""android_id"": null, ""total"": ""179.00"", ""completed_at"": ""2026-05-29T14:49:44.870102+08:00"", ""order"": 839}",,9740977,DINE_IN,CASH,"[{""productId"": 7, ""name"": ""Pechopak - Unli"", ""price"": 179, ""quantity"": 1, ""discount"": 0}]",179.00,COMPLETED,walk-in,1,,False,REGULAR,2026-06-04T03:46:24.205541+08:00,2026-06-04T03:46:24.205541+08:00
840,"{""id"": 787, ""order_detail"": {""id"": 840, ""slip_number"": ""9740978"", ""order_type"": ""DINE_IN"", ""payment_method"": ""CASH"", ""table_number"": """", ""items_json"": [{""productId"": 1, ""name"": ""Coke - Mismo"", ""price"": 25, ""quantity"": 1, ""discount"": 0}], ""order_mode"": ""REGULAR""}, ""android_id"": null, ""total"": ""25.00"", ""completed_at"": ""2026-05-29T16:04:36.138907+08:00"", ""order"": 840}",,9740978,DINE_IN,CASH,"[{""productId"": 1, ""name"": ""Coke - Mismo"", ""price"": 25, ""quantity"": 1, ""discount"": 0}]",25.00,COMPLETED,walk-in,,,False,REGULAR,2026-06-04T03:46:24.194492+08:00,2026-06-04T03:46:24.194492+08:00
841,"{""id"": 788, ""order_detail"": {""id"": 841, ""slip_number"": ""9740979"", ""order_type"": ""TAKE_OUT"", ""payment_method"": ""CASH"", ""table_number"": ""3"", ""items_json"": [{""productId"": 7, ""name"": ""Pechopak - Meal"", ""price"": 169, ""quantity"": 2, ""discount"": 0}, {""productId"": 9, ""name"": ""BBQ - Meal"", ""price"": 139, ""quantity"": 2, ""discount"": 0}], ""order_mode"": ""REGULAR""}, ""android_id"": null, ""total"": ""616.00"", ""completed_at"": ""2026-05-29T16:54:09.512463+08:00"", ""order"": 841}",,9740979,TAKE_OUT,CASH,"[{""productId"": 7, ""name"": ""Pechopak - Meal"", ""price"": 169, ""quantity"": 2, ""discount"": 0}, {""productId"": 9, ""name"": ""BBQ - Meal"", ""price"": 139, ""quantity"": 2, ""discount"": 0}]",616.00,COMPLETED,walk-in,3,,False,REGULAR,2026-06-04T03:46:24.186868+08:00,2026-06-04T03:46:24.186868+08:00
842,"{""id"": 789, ""order_detail"": {""id"": 842, ""slip_number"": ""9740980"", ""order_type"": ""DINE_IN"", ""payment_method"": ""CASH"", ""table_number"": ""3"", ""items_json"": [{""productId"": 9, ""name"": ""BBQ - Meal"", ""price"": 139, ""quantity"": 1, ""discount"": 0}, {""productId"": 9, ""name"": ""BBQ - Unli"", ""price"": 149, ""quantity"": 1, ""discount"": 0}, {""productId"": 3, ""name"": ""Icetea - Icetea Pitcher"", ""price"": 129, ""quantity"": 1, ""discount"": 0}], ""order_mode"": ""REGULAR""}, ""android_id"": null, ""total"": ""417.00"", ""completed_at"": ""2026-05-29T18:24:58.993697+08:00"", ""order"": 842}",,9740980,DINE_IN,CASH,"[{""productId"": 9, ""name"": ""BBQ - Meal"", ""price"": 139, ""quantity"": 1, ""discount"": 0}, {""productId"": 9, ""name"": ""BBQ - Unli"", ""price"": 149, ""quantity"": 1, ""discount"": 0}, {""productId"": 3, ""name"": ""Icetea - Icetea Pitcher"", ""price"": 129, ""quantity"": 1, ""discount"": 0}]",417.00,COMPLETED,walk-in,3,,False,REGULAR,2026-06-04T03:46:24.183867+08:00,2026-06-04T03:46:24.183867+08:00
843,"{""id"": 790, ""order_detail"": {""id"": 843, ""slip_number"": ""9740981"", ""order_type"": ""DINE_IN"", ""payment_method"": ""CASH"", ""table_number"": ""5"", ""items_json"": [{""productId"": 8, ""name"": ""Liempo - Meal"", ""price"": 189, ""quantity"": 1, ""discount"": 0}, {""productId"": 10, ""name"": ""Leg - Meal"", ""price"": 149, ""quantity"": 1, ""discount"": 0}], ""order_mode"": ""REGULAR""}, ""android_id"": null, ""total"": ""338.00"", ""completed_at"": ""2026-05-29T18:42:32.940720+08:00"", ""order"": 843}",,9740981,DINE_IN,CASH,"[{""productId"": 8, ""name"": ""Liempo - Meal"", ""price"": 189, ""quantity"": 1, ""discount"": 0}, {""productId"": 10, ""name"": ""Leg - Meal"", ""price"": 149, ""quantity"": 1, ""discount"": 0}]",338.00,COMPLETED,walk-in,5,,False,REGULAR,2026-06-04T03:46:24.176350+08:00,2026-06-04T03:46:24.176350+08:00
844,"{""id"": 791, ""order_detail"": {""id"": 844, ""slip_number"": ""9740982"", ""order_type"": ""DINE_IN"", ""payment_method"": ""CASH"", ""table_number"": ""2"", ""items_json"": [{""productId"": 9, ""name"": ""BBQ - Meal"", ""price"": 139, ""quantity"": 1, ""discount"": 0}, {""productId"": 11, ""name"": ""Wings - Meal"", ""price"": 129, ""quantity"": 1, ""discount"": 0}], ""order_mode"": ""REGULAR""}, ""android_id"": null, ""total"": ""268.00"", ""completed_at"": ""2026-05-29T18:42:34.180457+08:00"", ""order"": 844}",,9740982,DINE_IN,CASH,"[{""productId"": 9, ""name"": ""BBQ - Meal"", ""price"": 139, ""quantity"": 1, ""discount"": 0}, {""productId"": 11, ""name"": ""Wings - Meal"", ""price"": 129, ""quantity"": 1, ""discount"": 0}]",268.00,COMPLETED,walk-in,2,,False,REGULAR,2026-06-04T03:46:24.166171+08:00,2026-06-04T03:46:24.166171+08:00
845,"{""id"": 792, ""order_detail"": {""id"": 845, ""slip_number"": ""9740983"", ""order_type"": ""DINE_IN"", ""payment_method"": ""CASH"", ""table_number"": ""4"", ""items_json"": [{""productId"": 10, ""name"": ""Leg - Only"", ""price"": 139, ""quantity"": 2, ""discount"": 0}], ""order_mode"": ""REGULAR""}, ""android_id"": null, ""total"": ""278.00"", ""completed_at"": ""2026-05-29T19:09:22.295522+08:00"", ""order"": 845}",,9740983,DINE_IN,CASH,"[{""productId"": 10, ""name"": ""Leg - Only"", ""price"": 139, ""quantity"": 2, ""discount"": 0}]",278.00,COMPLETED,walk-in,4,,False,REGULAR,2026-06-04T03:46:24.163161+08:00,2026-06-04T03:46:24.163161+08:00
846,"{""id"": 793, ""order_detail"": {""id"": 846, ""slip_number"": ""9740984"", ""order_type"": ""DINE_IN"", ""payment_method"": ""GCASH"", ""table_number"": ""5"", ""items_json"": [{""productId"": 10, ""name"": ""Leg - Unli"", ""price"": 159, ""quantity"": 2, ""discount"": 0}], ""order_mode"": ""REGULAR""}, ""android_id"": null, ""total"": ""318.00"", ""completed_at"": ""2026-05-29T19:31:25.217033+08:00"", ""order"": 846}",,9740984,DINE_IN,GCASH,"[{""productId"": 10, ""name"": ""Leg - Unli"", ""price"": 159, ""quantity"": 2, ""discount"": 0}]",318.00,COMPLETED,walk-in,5,,False,REGULAR,2026-06-04T03:46:24.156333+08:00,2026-06-04T03:46:24.156333+08:00
847,"{""id"": 794, ""order_detail"": {""id"": 847, ""slip_number"": ""9740985"", ""order_type"": ""DINE_IN"", ""payment_method"": ""CASH"", ""table_number"": ""3"", ""items_json"": [{""productId"": 7, ""name"": ""Pechopak - Unli"", ""price"": 179, ""quantity"": 2, ""discount"": 0}], ""order_mode"": ""REGULAR""}, ""android_id"": null, ""total"": ""358.00"", ""completed_at"": ""2026-05-29T19:38:20.968450+08:00"", ""order"": 847}",,9740985,DINE_IN,CASH,"[{""productId"": 7, ""name"": ""Pechopak - Unli"", ""price"": 179, ""quantity"": 2, ""discount"": 0}]",358.00,COMPLETED,walk-in,3,,False,REGULAR,2026-06-04T03:46:24.144277+08:00,2026-06-04T03:46:24.144277+08:00
848,"{""id"": 795, ""order_detail"": {""id"": 848, ""slip_number"": ""9740986"", ""order_type"": ""DINE_IN"", ""payment_method"": ""GCASH"", ""table_number"": ""4"", ""items_json"": [{""productId"": 7, ""name"": ""Pechopak - Unli"", ""price"": 179, ""quantity"": 1, ""discount"": 0}, {""productId"": 9, ""name"": ""BBQ - Meal"", ""price"": 139, ""quantity"": 1, ""discount"": 0}, {""productId"": 1, ""name"": ""Coke - 1.5"", ""price"": 120, ""quantity"": 1, ""discount"": 0}], ""order_mode"": ""REGULAR""}, ""android_id"": null, ""total"": ""438.00"", ""completed_at"": ""2026-05-29T19:56:43.968237+08:00"", ""order"": 848}",,9740986,DINE_IN,GCASH,"[{""productId"": 7, ""name"": ""Pechopak - Unli"", ""price"": 179, ""quantity"": 1, ""discount"": 0}, {""productId"": 9, ""name"": ""BBQ - Meal"", ""price"": 139, ""quantity"": 1, ""discount"": 0}, {""productId"": 1, ""name"": ""Coke - 1.5"", ""price"": 120, ""quantity"": 1, ""discount"": 0}]",438.00,COMPLETED,walk-in,4,,False,REGULAR,2026-06-04T03:46:24.139124+08:00,2026-06-04T03:46:24.139124+08:00
849,"{""id"": 796, ""order_detail"": {""id"": 849, ""slip_number"": ""9740987"", ""order_type"": ""DINE_IN"", ""payment_method"": ""CASH"", ""table_number"": ""5"", ""items_json"": [{""productId"": 9, ""name"": ""BBQ - Meal"", ""price"": 139, ""quantity"": 1, ""discount"": 0}, {""productId"": 10, ""name"": ""Leg - Unli"", ""price"": 159, ""quantity"": 1, ""discount"": 0}, {""productId"": 4, ""name"": ""Royal - Mismo"", ""price"": 25, ""quantity"": 1, ""discount"": 0}, {""productId"": 5, ""name"": ""Sprite - Mismo"", ""price"": 25, ""quantity"": 1, ""discount"": 0}], ""order_mode"": ""REGULAR""}, ""android_id"": null, ""total"": ""348.00"", ""completed_at"": ""2026-05-29T19:56:48.002773+08:00"", ""order"": 849}",,9740987,DINE_IN,CASH,"[{""productId"": 9, ""name"": ""BBQ - Meal"", ""price"": 139, ""quantity"": 1, ""discount"": 0}, {""productId"": 10, ""name"": ""Leg - Unli"", ""price"": 159, ""quantity"": 1, ""discount"": 0}, {""productId"": 4, ""name"": ""Royal - Mismo"", ""price"": 25, ""quantity"": 1, ""discount"": 0}, {""productId"": 5, ""name"": ""Sprite - Mismo"", ""price"": 25, ""quantity"": 1, ""discount"": 0}]",348.00,COMPLETED,walk-in,5,,False,REGULAR,2026-06-04T03:46:24.127734+08:00,2026-06-04T03:46:24.127734+08:00
850,"{""id"": 798, ""order_detail"": {""id"": 850, ""slip_number"": ""9740988"", ""order_type"": ""DINE_IN"", ""payment_method"": ""CASH"", ""table_number"": ""3"", ""items_json"": [{""productId"": 8, ""name"": ""Liempo - Unli"", ""price"": 199, ""quantity"": 1, ""discount"": 0}, {""productId"": 5, ""name"": ""Sprite - Mismo"", ""price"": 25, ""quantity"": 1, ""discount"": 0}], ""order_mode"": ""REGULAR""}, ""android_id"": null, ""total"": ""224.00"", ""completed_at"": ""2026-05-29T20:19:26.468353+08:00"", ""order"": 850}",,9740988,DINE_IN,CASH,"[{""productId"": 8, ""name"": ""Liempo - Unli"", ""price"": 199, ""quantity"": 1, ""discount"": 0}, {""productId"": 5, ""name"": ""Sprite - Mismo"", ""price"": 25, ""quantity"": 1, ""discount"": 0}]",224.00,COMPLETED,walk-in,3,,False,REGULAR,2026-06-04T03:46:24.125600+08:00,2026-06-04T03:46:24.125600+08:00
851,"{""id"": 797, ""order_detail"": {""id"": 851, ""slip_number"": ""9740989"", ""order_type"": ""DINE_IN"", ""payment_method"": ""GCASH"", ""table_number"": ""4"", ""items_json"": [{""productId"": 10, ""name"": ""Leg - Unli"", ""price"": 159, ""quantity"": 2, ""discount"": 0}, {""productId"": 12, ""name"": ""Water - Bottled"", ""price"": 20, ""quantity"": 1, ""discount"": 0}], ""order_mode"": ""REGULAR""}, ""android_id"": null, ""total"": ""338.00"", ""completed_at"": ""2026-05-29T20:19:20.516493+08:00"", ""order"": 851}",,9740989,DINE_IN,GCASH,"[{""productId"": 10, ""name"": ""Leg - Unli"", ""price"": 159, ""quantity"": 2, ""discount"": 0}, {""productId"": 12, ""name"": ""Water - Bottled"", ""price"": 20, ""quantity"": 1, ""discount"": 0}]",338.00,COMPLETED,walk-in,4,,False,REGULAR,2026-06-04T03:46:24.122594+08:00,2026-06-04T03:46:24.122594+08:00
852,"{""id"": 799, ""order_detail"": {""id"": 852, ""slip_number"": ""9740990"", ""order_type"": ""DINE_IN"", ""payment_method"": ""CASH"", ""table_number"": ""1"", ""items_json"": [{""productId"": 9, ""name"": ""BBQ - Meal"", ""price"": 139, ""quantity"": 1, ""discount"": 0}, {""productId"": 9, ""name"": ""BBQ - One Piece Meal"", ""price"": 89, ""quantity"": 2, ""discount"": 0}, {""productId"": 4, ""name"": ""Royal - Mismo"", ""price"": 25, ""quantity"": 2, ""discount"": 0}, {""productId"": 3, ""name"": ""Icetea - Icetea Glass"", ""price"": 39, ""quantity"": 1, ""discount"": 0}], ""order_mode"": ""REGULAR""}, ""android_id"": null, ""total"": ""406.00"", ""completed_at"": ""2026-05-29T20:43:28.252436+08:00"", ""order"": 852}",,9740990,DINE_IN,CASH,"[{""productId"": 9, ""name"": ""BBQ - Meal"", ""price"": 139, ""quantity"": 1, ""discount"": 0}, {""productId"": 9, ""name"": ""BBQ - One Piece Meal"", ""price"": 89, ""quantity"": 2, ""discount"": 0}, {""productId"": 4, ""name"": ""Royal - Mismo"", ""price"": 25, ""quantity"": 2, ""discount"": 0}, {""productId"": 3, ""name"": ""Icetea - Icetea Glass"", ""price"": 39, ""quantity"": 1, ""discount"": 0}]",406.00,COMPLETED,walk-in,1,,False,REGULAR,2026-06-04T03:46:24.104934+08:00,2026-06-04T03:46:24.104934+08:00
853,"{""id"": 800, ""order_detail"": {""id"": 853, ""slip_number"": ""9740991"", ""order_type"": ""DINE_IN"", ""payment_method"": ""CASH"", ""table_number"": ""3"", ""items_json"": [{""productId"": 10, ""name"": ""Leg - Unli"", ""price"": 159, ""quantity"": 2, ""discount"": 0}, {""productId"": 3, ""name"": ""Icetea - Icetea Pitcher"", ""price"": 129, ""quantity"": 1, ""discount"": 0}], ""order_mode"": ""REGULAR""}, ""android_id"": null, ""total"": ""447.00"", ""completed_at"": ""2026-05-29T20:43:33.431027+08:00"", ""order"": 853}",,9740991,DINE_IN,CASH,"[{""productId"": 10, ""name"": ""Leg - Unli"", ""price"": 159, ""quantity"": 2, ""discount"": 0}, {""productId"": 3, ""name"": ""Icetea - Icetea Pitcher"", ""price"": 129, ""quantity"": 1, ""discount"": 0}]",447.00,COMPLETED,walk-in,3,,False,REGULAR,2026-06-04T03:46:24.097449+08:00,2026-06-04T03:46:24.097449+08:00
854,"{""id"": 801, ""order_detail"": {""id"": 854, ""slip_number"": ""9740992"", ""order_type"": ""DINE_IN"", ""payment_method"": ""GCASH"", ""table_number"": ""3"", ""items_json"": [{""productId"": 7, ""name"": ""Pechopak - Unli"", ""price"": 179, ""quantity"": 2, ""discount"": 0}, {""productId"": 5, ""name"": ""Sprite - Mismo"", ""price"": 25, ""quantity"": 1, ""discount"": 0}, {""productId"": 4, ""name"": ""Royal - Mismo"", ""price"": 25, ""quantity"": 1, ""discount"": 0}], ""order_mode"": ""REGULAR""}, ""android_id"": null, ""total"": ""408.00"", ""completed_at"": ""2026-05-29T21:27:19.699101+08:00"", ""order"": 854}",,9740992,DINE_IN,GCASH,"[{""productId"": 7, ""name"": ""Pechopak - Unli"", ""price"": 179, ""quantity"": 2, ""discount"": 0}, {""productId"": 5, ""name"": ""Sprite - Mismo"", ""price"": 25, ""quantity"": 1, ""discount"": 0}, {""productId"": 4, ""name"": ""Royal - Mismo"", ""price"": 25, ""quantity"": 1, ""discount"": 0}]",408.00,COMPLETED,walk-in,3,,False,REGULAR,2026-06-04T03:46:24.095440+08:00,2026-06-04T03:46:24.095440+08:00
855,"{""id"": 802, ""order_detail"": {""id"": 855, ""slip_number"": ""9740992"", ""order_type"": ""DINE_IN"", ""payment_method"": ""CASH"", ""table_number"": ""1"", ""items_json"": [{""productId"": 10, ""name"": ""Leg - Meal"", ""price"": 149, ""quantity"": 1, ""discount"": 0}, {""productId"": 8, ""name"": ""Liempo - Unli"", ""price"": 199, ""quantity"": 1, ""discount"": 0}, {""productId"": 5, ""name"": ""Sprite - Mismo"", ""price"": 25, ""quantity"": 1, ""discount"": 0}, {""productId"": 3, ""name"": ""Icetea - Icetea Glass"", ""price"": 39, ""quantity"": 1, ""discount"": 0}], ""order_mode"": ""REGULAR""}, ""android_id"": null, ""total"": ""412.00"", ""completed_at"": ""2026-05-29T21:43:08.705580+08:00"", ""order"": 855}",,9740992,DINE_IN,CASH,"[{""productId"": 10, ""name"": ""Leg - Meal"", ""price"": 149, ""quantity"": 1, ""discount"": 0}, {""productId"": 8, ""name"": ""Liempo - Unli"", ""price"": 199, ""quantity"": 1, ""discount"": 0}, {""productId"": 5, ""name"": ""Sprite - Mismo"", ""price"": 25, ""quantity"": 1, ""discount"": 0}, {""productId"": 3, ""name"": ""Icetea - Icetea Glass"", ""price"": 39, ""quantity"": 1, ""discount"": 0}]",412.00,COMPLETED,walk-in,1,,False,REGULAR,2026-06-04T03:46:24.084123+08:00,2026-06-04T03:46:24.084123+08:00
856,"{""id"": 803, ""order_detail"": {""id"": 856, ""slip_number"": ""9740993"", ""order_type"": ""DINE_IN"", ""payment_method"": ""CASH"", ""table_number"": ""1"", ""items_json"": [{""productId"": 9, ""name"": ""BBQ - One Piece Meal"", ""price"": 89, ""quantity"": 1, ""discount"": 0}, {""productId"": 11, ""name"": ""Wings - Unli"", ""price"": 139, ""quantity"": 1, ""discount"": 0}], ""order_mode"": ""REGULAR""}, ""android_id"": null, ""total"": ""228.00"", ""completed_at"": ""2026-05-29T22:07:05.157546+08:00"", ""order"": 856}",,9740993,DINE_IN,CASH,"[{""productId"": 9, ""name"": ""BBQ - One Piece Meal"", ""price"": 89, ""quantity"": 1, ""discount"": 0}, {""productId"": 11, ""name"": ""Wings - Unli"", ""price"": 139, ""quantity"": 1, ""discount"": 0}]",228.00,COMPLETED,walk-in,1,,False,REGULAR,2026-06-04T03:46:24.077067+08:00,2026-06-04T03:46:24.077067+08:00
857,"{""id"": 804, ""order_detail"": {""id"": 857, ""slip_number"": ""9740994"", ""order_type"": ""TAKE_OUT"", ""payment_method"": ""CASH"", ""table_number"": ""1"", ""items_json"": [{""productId"": 9, ""name"": ""BBQ - Meal"", ""price"": 139, ""quantity"": 1, ""discount"": 0}], ""order_mode"": ""REGULAR""}, ""android_id"": null, ""total"": ""139.00"", ""completed_at"": ""2026-05-29T22:29:52.813054+08:00"", ""order"": 857}",,9740994,TAKE_OUT,CASH,"[{""productId"": 9, ""name"": ""BBQ - Meal"", ""price"": 139, ""quantity"": 1, ""discount"": 0}]",139.00,COMPLETED,walk-in,1,,False,REGULAR,2026-06-04T03:46:24.074556+08:00,2026-06-04T03:46:24.074556+08:00
858,"{""id"": 806, ""order_detail"": {""id"": 858, ""slip_number"": ""9740995"", ""order_type"": ""DINE_IN"", ""payment_method"": ""CASH"", ""table_number"": ""1"", ""items_json"": [{""productId"": 8, ""name"": ""Liempo - Unli"", ""price"": 199, ""quantity"": 1, ""discount"": 0}, {""productId"": 7, ""name"": ""Pechopak - Unli"", ""price"": 179, ""quantity"": 1, ""discount"": 0}, {""productId"": 3, ""name"": ""Icetea - Icetea Pitcher"", ""price"": 129, ""quantity"": 1, ""discount"": 0}], ""order_mode"": ""REGULAR""}, ""android_id"": null, ""total"": ""507.00"", ""completed_at"": ""2026-05-29T22:53:36.689800+08:00"", ""order"": 858}",,9740995,DINE_IN,CASH,"[{""productId"": 8, ""name"": ""Liempo - Unli"", ""price"": 199, ""quantity"": 1, ""discount"": 0}, {""productId"": 7, ""name"": ""Pechopak - Unli"", ""price"": 179, ""quantity"": 1, ""discount"": 0}, {""productId"": 3, ""name"": ""Icetea - Icetea Pitcher"", ""price"": 129, ""quantity"": 1, ""discount"": 0}]",507.00,COMPLETED,walk-in,1,,False,REGULAR,2026-06-04T03:46:24.064587+08:00,2026-06-04T03:46:24.064587+08:00
859,"{""id"": 805, ""order_detail"": {""id"": 859, ""slip_number"": ""9740996"", ""order_type"": ""TAKE_OUT"", ""payment_method"": ""CASH"", ""table_number"": ""3"", ""items_json"": [{""productId"": 7, ""name"": ""Pechopak - Unli"", ""price"": 179, ""quantity"": 1}], ""order_mode"": ""REGULAR""}, ""android_id"": null, ""total"": ""179.00"", ""completed_at"": ""2026-05-29T22:53:30.127450+08:00"", ""order"": 859}",,9740996,TAKE_OUT,CASH,"[{""productId"": 7, ""name"": ""Pechopak - Unli"", ""price"": 179, ""quantity"": 1}]",179.00,COMPLETED,walk-in,3,,False,REGULAR,2026-06-04T03:46:24.056024+08:00,2026-06-04T03:46:24.056024+08:00
860,"{""id"": 807, ""order_detail"": {""id"": 860, ""slip_number"": ""9740997"", ""order_type"": ""DINE_IN"", ""payment_method"": ""CASH"", ""table_number"": ""2"", ""items_json"": [{""productId"": 8, ""name"": ""Liempo - Meal"", ""price"": 189, ""quantity"": 1, ""discount"": 0}, {""productId"": 5, ""name"": ""Sprite - Mismo"", ""price"": 25, ""quantity"": 1, ""discount"": 0}], ""order_mode"": ""REGULAR""}, ""android_id"": null, ""total"": ""214.00"", ""completed_at"": ""2026-05-29T23:03:01.566958+08:00"", ""order"": 860}",,9740997,DINE_IN,CASH,"[{""productId"": 8, ""name"": ""Liempo - Meal"", ""price"": 189, ""quantity"": 1, ""discount"": 0}, {""productId"": 5, ""name"": ""Sprite - Mismo"", ""price"": 25, ""quantity"": 1, ""discount"": 0}]",214.00,COMPLETED,walk-in,2,,False,REGULAR,2026-06-04T03:46:24.045647+08:00,2026-06-04T03:46:24.045647+08:00
861,"{""id"": 808, ""order_detail"": {""id"": 861, ""slip_number"": """", ""order_type"": ""DINE_IN"", ""payment_method"": """", ""table_number"": """", ""items_json"": [{""productId"": 10, ""name"": ""Leg - Only"", ""price"": 139, ""quantity"": 7, ""discount"": 0}], ""order_mode"": ""WASTE""}, ""android_id"": null, ""total"": ""973.00"", ""completed_at"": ""2026-05-30T00:06:18.238925+08:00"", ""order"": 861}",,,DINE_IN,,"[{""productId"": 10, ""name"": ""Leg - Only"", ""price"": 139, ""quantity"": 7, ""discount"": 0}]",973.00,COMPLETED,walk-in,,,False,WASTE,2026-06-04T03:46:24.037608+08:00,2026-06-04T03:46:24.037608+08:00
862,"{""id"": 809, ""order_detail"": {""id"": 862, ""slip_number"": ""9740998"", ""order_type"": ""PICK_UP"", ""payment_method"": ""CASH"", ""table_number"": """", ""items_json"": [{""productId"": 10, ""name"": ""Leg - Meal"", ""price"": 149, ""quantity"": 1, ""discount"": 0}], ""order_mode"": ""REGULAR""}, ""android_id"": null, ""total"": ""149.00"", ""completed_at"": ""2026-05-30T11:57:14.451825+08:00"", ""order"": 862}",,9740998,PICK_UP,CASH,"[{""productId"": 10, ""name"": ""Leg - Meal"", ""price"": 149, ""quantity"": 1, ""discount"": 0}]",149.00,COMPLETED,walk-in,,,False,REGULAR,2026-06-04T03:46:24.034457+08:00,2026-06-04T03:46:24.034457+08:00
863,"{""id"": 810, ""order_detail"": {""id"": 863, ""slip_number"": ""9740999"", ""order_type"": ""DINE_IN"", ""payment_method"": ""CASH"", ""table_number"": ""1"", ""items_json"": [{""productId"": 8, ""name"": ""Liempo - Unli"", ""price"": 199, ""quantity"": 1, ""discount"": 0}, {""productId"": 3, ""name"": ""Icetea - Icetea Glass"", ""price"": 39, ""quantity"": 1, ""discount"": 0}], ""order_mode"": ""REGULAR""}, ""android_id"": null, ""total"": ""238.00"", ""completed_at"": ""2026-05-30T11:57:17.119404+08:00"", ""order"": 863}",,9740999,DINE_IN,CASH,"[{""productId"": 8, ""name"": ""Liempo - Unli"", ""price"": 199, ""quantity"": 1, ""discount"": 0}, {""productId"": 3, ""name"": ""Icetea - Icetea Glass"", ""price"": 39, ""quantity"": 1, ""discount"": 0}]",238.00,COMPLETED,walk-in,1,,False,REGULAR,2026-06-04T03:46:24.033563+08:00,2026-06-04T03:46:24.033563+08:00
864,"{""id"": 811, ""order_detail"": {""id"": 864, ""slip_number"": ""9741000"", ""order_type"": ""DINE_IN"", ""payment_method"": ""CASH"", ""table_number"": ""2"", ""items_json"": [{""productId"": 7, ""name"": ""Pechopak - Unli"", ""price"": 179, ""quantity"": 2, ""discount"": 0}], ""order_mode"": ""REGULAR""}, ""android_id"": null, ""total"": ""358.00"", ""completed_at"": ""2026-05-30T13:25:51.890675+08:00"", ""order"": 864}",,9741000,DINE_IN,CASH,"[{""productId"": 7, ""name"": ""Pechopak - Unli"", ""price"": 179, ""quantity"": 2, ""discount"": 0}]",358.00,COMPLETED,walk-in,2,,False,REGULAR,2026-06-04T03:46:24.022483+08:00,2026-06-04T03:46:24.022483+08:00
865,"{""id"": 812, ""order_detail"": {""id"": 865, ""slip_number"": ""9741001"", ""order_type"": ""TAKE_OUT"", ""payment_method"": ""CASH"", ""table_number"": """", ""items_json"": [{""productId"": 8, ""name"": ""Liempo - Meal"", ""price"": 189, ""quantity"": 1, ""discount"": 0}], ""order_mode"": ""REGULAR""}, ""android_id"": null, ""total"": ""189.00"", ""completed_at"": ""2026-05-30T14:31:44.649016+08:00"", ""order"": 865}",,9741001,TAKE_OUT,CASH,"[{""productId"": 8, ""name"": ""Liempo - Meal"", ""price"": 189, ""quantity"": 1, ""discount"": 0}]",189.00,COMPLETED,walk-in,,,False,REGULAR,2026-06-04T03:46:24.006768+08:00,2026-06-04T03:46:24.006768+08:00
866,"{""id"": 813, ""order_detail"": {""id"": 866, ""slip_number"": ""9741002"", ""order_type"": ""DINE_IN"", ""payment_method"": ""CASH"", ""table_number"": """", ""items_json"": [{""productId"": 9, ""name"": ""BBQ - Meal"", ""price"": 139, ""quantity"": 2, ""discount"": 0}, {""productId"": 5, ""name"": ""Sprite - Mismo"", ""price"": 25, ""quantity"": 1, ""discount"": 0}], ""order_mode"": ""REGULAR""}, ""android_id"": null, ""total"": ""303.00"", ""completed_at"": ""2026-05-30T15:13:23.561523+08:00"", ""order"": 866}",,9741002,DINE_IN,CASH,"[{""productId"": 9, ""name"": ""BBQ - Meal"", ""price"": 139, ""quantity"": 2, ""discount"": 0}, {""productId"": 5, ""name"": ""Sprite - Mismo"", ""price"": 25, ""quantity"": 1, ""discount"": 0}]",303.00,COMPLETED,walk-in,,,False,REGULAR,2026-06-04T03:46:24.003201+08:00,2026-06-04T03:46:24.003201+08:00
867,"{""id"": 814, ""order_detail"": {""id"": 867, ""slip_number"": ""9741003"", ""order_type"": ""DINE_IN"", ""payment_method"": ""CASH"", ""table_number"": ""1"", ""items_json"": [{""productId"": 7, ""name"": ""Pechopak - Unli"", ""price"": 179, ""quantity"": 2, ""discount"": 0}], ""order_mode"": ""REGULAR""}, ""android_id"": null, ""total"": ""358.00"", ""completed_at"": ""2026-05-30T16:41:40.878214+08:00"", ""order"": 867}",,9741003,DINE_IN,CASH,"[{""productId"": 7, ""name"": ""Pechopak - Unli"", ""price"": 179, ""quantity"": 2, ""discount"": 0}]",358.00,COMPLETED,walk-in,1,,False,REGULAR,2026-06-04T03:46:23.995884+08:00,2026-06-04T03:46:23.995884+08:00
868,"{""id"": 815, ""order_detail"": {""id"": 868, ""slip_number"": ""9741004"", ""order_type"": ""DINE_IN"", ""payment_method"": ""CASH"", ""table_number"": ""1"", ""items_json"": [{""productId"": 10, ""name"": ""Leg - Meal"", ""price"": 149, ""quantity"": 1, ""discount"": 0}, {""productId"": 10, ""name"": ""Leg - Unli"", ""price"": 159, ""quantity"": 1, ""discount"": 0}, {""productId"": 3, ""name"": ""Icetea - Icetea Pitcher"", ""price"": 129, ""quantity"": 1, ""discount"": 0}], ""order_mode"": ""REGULAR""}, ""android_id"": null, ""total"": ""437.00"", ""completed_at"": ""2026-05-30T19:10:54.228649+08:00"", ""order"": 868}",,9741004,DINE_IN,CASH,"[{""productId"": 10, ""name"": ""Leg - Meal"", ""price"": 149, ""quantity"": 1, ""discount"": 0}, {""productId"": 10, ""name"": ""Leg - Unli"", ""price"": 159, ""quantity"": 1, ""discount"": 0}, {""productId"": 3, ""name"": ""Icetea - Icetea Pitcher"", ""price"": 129, ""quantity"": 1, ""discount"": 0}]",437.00,COMPLETED,walk-in,1,,False,REGULAR,2026-06-04T03:46:23.992880+08:00,2026-06-04T03:46:23.992880+08:00
869,"{""id"": 816, ""order_detail"": {""id"": 869, ""slip_number"": ""9741005"", ""order_type"": ""TAKE_OUT"", ""payment_method"": ""CASH"", ""table_number"": ""2"", ""items_json"": [{""productId"": 7, ""name"": ""Pechopak - Unli"", ""price"": 179, ""quantity"": 3, ""discount"": 0}], ""order_mode"": ""REGULAR""}, ""android_id"": null, ""total"": ""537.00"", ""completed_at"": ""2026-05-30T19:23:02.705161+08:00"", ""order"": 869}",,9741005,TAKE_OUT,CASH,"[{""productId"": 7, ""name"": ""Pechopak - Unli"", ""price"": 179, ""quantity"": 3, ""discount"": 0}]",537.00,COMPLETED,walk-in,2,,False,REGULAR,2026-06-04T03:46:23.982852+08:00,2026-06-04T03:46:23.982852+08:00
870,"{""id"": 817, ""order_detail"": {""id"": 870, ""slip_number"": ""9741006"", ""order_type"": ""DINE_IN"", ""payment_method"": ""CASH"", ""table_number"": ""1"", ""items_json"": [{""productId"": 10, ""name"": ""Leg - Meal"", ""price"": 149, ""quantity"": 1, ""discount"": 0}, {""productId"": 8, ""name"": ""Liempo - Unli"", ""price"": 199, ""quantity"": 1, ""discount"": 0}, {""productId"": 7, ""name"": ""Pechopak - Unli"", ""price"": 179, ""quantity"": 1}], ""order_mode"": ""REGULAR""}, ""android_id"": null, ""total"": ""527.00"", ""completed_at"": ""2026-05-30T19:37:00+08:00"", ""order"": 870}",,9741006,DINE_IN,CASH,"[{""productId"": 10, ""name"": ""Leg - Meal"", ""price"": 149, ""quantity"": 1, ""discount"": 0}, {""productId"": 8, ""name"": ""Liempo - Unli"", ""price"": 199, ""quantity"": 1, ""discount"": 0}, {""productId"": 7, ""name"": ""Pechopak - Unli"", ""price"": 179, ""quantity"": 1}]",527.00,COMPLETED,walk-in,1,,False,REGULAR,2026-06-04T03:46:23.976031+08:00,2026-06-04T03:46:23.976031+08:00
871,"{""id"": 818, ""order_detail"": {""id"": 871, ""slip_number"": ""9741007"", ""order_type"": ""DINE_IN"", ""payment_method"": ""CASH"", ""table_number"": ""1"", ""items_json"": [{""productId"": 3, ""name"": ""Icetea - Icetea Glass"", ""price"": 39, ""quantity"": 2, ""discount"": 0}], ""order_mode"": ""REGULAR""}, ""android_id"": null, ""total"": ""78.00"", ""completed_at"": ""2026-05-30T19:37:33.360548+08:00"", ""order"": 871}",,9741007,DINE_IN,CASH,"[{""productId"": 3, ""name"": ""Icetea - Icetea Glass"", ""price"": 39, ""quantity"": 2, ""discount"": 0}]",78.00,COMPLETED,walk-in,1,,False,REGULAR,2026-06-04T03:46:23.964931+08:00,2026-06-04T03:46:23.964931+08:00
872,"{""id"": 819, ""order_detail"": {""id"": 872, ""slip_number"": ""9741008"", ""order_type"": ""TAKE_OUT"", ""payment_method"": ""CASH"", ""table_number"": ""2"", ""items_json"": [{""productId"": 10, ""name"": ""Leg - Only"", ""price"": 139, ""quantity"": 2, ""discount"": 0}], ""order_mode"": ""REGULAR""}, ""android_id"": null, ""total"": ""278.00"", ""completed_at"": ""2026-05-30T19:49:36.518342+08:00"", ""order"": 872}",,9741008,TAKE_OUT,CASH,"[{""productId"": 10, ""name"": ""Leg - Only"", ""price"": 139, ""quantity"": 2, ""discount"": 0}]",278.00,COMPLETED,walk-in,2,,False,REGULAR,2026-06-04T03:46:23.956513+08:00,2026-06-04T03:46:23.956513+08:00
873,"{""id"": 820, ""order_detail"": {""id"": 873, ""slip_number"": ""9741009"", ""order_type"": ""DINE_IN"", ""payment_method"": ""CASH"", ""table_number"": ""3"", ""items_json"": [{""productId"": 7, ""name"": ""Pechopak - Unli"", ""price"": 179, ""quantity"": 1, ""discount"": 0}, {""productId"": 9, ""name"": ""BBQ - Unli"", ""price"": 149, ""quantity"": 1, ""discount"": 0}, {""productId"": 3, ""name"": ""Icetea - Icetea Pitcher"", ""price"": 129, ""quantity"": 1, ""discount"": 0}], ""order_mode"": ""REGULAR""}, ""android_id"": null, ""total"": ""457.00"", ""completed_at"": ""2026-05-30T20:45:48.185221+08:00"", ""order"": 873}",,9741009,DINE_IN,CASH,"[{""productId"": 7, ""name"": ""Pechopak - Unli"", ""price"": 179, ""quantity"": 1, ""discount"": 0}, {""productId"": 9, ""name"": ""BBQ - Unli"", ""price"": 149, ""quantity"": 1, ""discount"": 0}, {""productId"": 3, ""name"": ""Icetea - Icetea Pitcher"", ""price"": 129, ""quantity"": 1, ""discount"": 0}]",457.00,COMPLETED,walk-in,3,,False,REGULAR,2026-06-04T03:46:23.953513+08:00,2026-06-04T03:46:23.953513+08:00
874,"{""id"": 821, ""order_detail"": {""id"": 874, ""slip_number"": ""9741010"", ""order_type"": ""DINE_IN"", ""payment_method"": ""CASH"", ""table_number"": ""2"", ""items_json"": [{""productId"": 10, ""name"": ""Leg - Meal"", ""price"": 149, ""quantity"": 1, ""discount"": 0}, {""productId"": 9, ""name"": ""BBQ - Meal"", ""price"": 139, ""quantity"": 1, ""discount"": 0}, {""productId"": 3, ""name"": ""Icetea - Icetea Glass"", ""price"": 39, ""quantity"": 2, ""discount"": 0}], ""order_mode"": ""REGULAR""}, ""android_id"": null, ""total"": ""366.00"", ""completed_at"": ""2026-05-30T20:51:19.522951+08:00"", ""order"": 874}",,9741010,DINE_IN,CASH,"[{""productId"": 10, ""name"": ""Leg - Meal"", ""price"": 149, ""quantity"": 1, ""discount"": 0}, {""productId"": 9, ""name"": ""BBQ - Meal"", ""price"": 139, ""quantity"": 1, ""discount"": 0}, {""productId"": 3, ""name"": ""Icetea - Icetea Glass"", ""price"": 39, ""quantity"": 2, ""discount"": 0}]",366.00,COMPLETED,walk-in,2,,False,REGULAR,2026-06-04T03:46:23.950998+08:00,2026-06-04T03:46:23.950998+08:00
875,"{""id"": 822, ""order_detail"": {""id"": 875, ""slip_number"": ""21"", ""order_type"": ""DINE_IN"", ""payment_method"": """", ""table_number"": """", ""items_json"": [{""productId"": 9, ""name"": ""BBQ - One Piece Only"", ""price"": 79, ""quantity"": 3, ""discount"": 0}], ""order_mode"": ""EMPLOYEE""}, ""android_id"": null, ""total"": ""237.00"", ""completed_at"": ""2026-05-30T21:13:08.673162+08:00"", ""order"": 875}",,21,DINE_IN,,"[{""productId"": 9, ""name"": ""BBQ - One Piece Only"", ""price"": 79, ""quantity"": 3, ""discount"": 0}]",237.00,COMPLETED,walk-in,,,False,EMPLOYEE,2026-06-04T03:46:23.937317+08:00,2026-06-04T03:46:23.937317+08:00
876,"{""id"": 823, ""order_detail"": {""id"": 876, ""slip_number"": ""9741011"", ""order_type"": ""DINE_IN"", ""payment_method"": ""CASH"", ""table_number"": ""2"", ""items_json"": [{""productId"": 9, ""name"": ""BBQ - Unli"", ""price"": 149, ""quantity"": 4, ""discount"": 0}], ""order_mode"": ""REGULAR""}, ""android_id"": null, ""total"": ""596.00"", ""completed_at"": ""2026-05-30T22:35:35.897361+08:00"", ""order"": 876}",,9741011,DINE_IN,CASH,"[{""productId"": 9, ""name"": ""BBQ - Unli"", ""price"": 149, ""quantity"": 4, ""discount"": 0}]",596.00,COMPLETED,walk-in,2,,False,REGULAR,2026-06-04T03:46:23.933324+08:00,2026-06-04T03:46:23.933324+08:00
877,"{""id"": 824, ""order_detail"": {""id"": 877, ""slip_number"": ""9741012"", ""order_type"": ""TAKE_OUT"", ""payment_method"": ""CASH"", ""table_number"": ""3"", ""items_json"": [{""productId"": 7, ""name"": ""Pechopak - Only"", ""price"": 159, ""quantity"": 1, ""discount"": 0}], ""order_mode"": ""REGULAR""}, ""android_id"": null, ""total"": ""159.00"", ""completed_at"": ""2026-05-30T22:35:38.142805+08:00"", ""order"": 877}",,9741012,TAKE_OUT,CASH,"[{""productId"": 7, ""name"": ""Pechopak - Only"", ""price"": 159, ""quantity"": 1, ""discount"": 0}]",159.00,COMPLETED,walk-in,3,,False,REGULAR,2026-06-04T03:46:23.924758+08:00,2026-06-04T03:46:23.924758+08:00
878,"{""id"": 828, ""order_detail"": {""id"": 878, ""slip_number"": ""9741013"", ""order_type"": ""DINE_IN"", ""payment_method"": ""CASH"", ""table_number"": ""3"", ""items_json"": [{""productId"": 9, ""name"": ""BBQ - One Piece Meal"", ""price"": 89, ""quantity"": 1, ""discount"": 0}, {""productId"": 11, ""name"": ""Wings - One Piece Meal"", ""price"": 79, ""quantity"": 1, ""discount"": 0}, {""productId"": 10, ""name"": ""Leg - Unli"", ""price"": 159, ""quantity"": 1, ""discount"": 0}, {""productId"": 3, ""name"": ""Icetea - Icetea Glass"", ""price"": 39, ""quantity"": 1}], ""order_mode"": ""REGULAR""}, ""android_id"": null, ""total"": ""366.00"", ""completed_at"": ""2026-05-30T23:27:55.555672+08:00"", ""order"": 878}",,9741013,DINE_IN,CASH,"[{""productId"": 9, ""name"": ""BBQ - One Piece Meal"", ""price"": 89, ""quantity"": 1, ""discount"": 0}, {""productId"": 11, ""name"": ""Wings - One Piece Meal"", ""price"": 79, ""quantity"": 1, ""discount"": 0}, {""productId"": 10, ""name"": ""Leg - Unli"", ""price"": 159, ""quantity"": 1, ""discount"": 0}, {""productId"": 3, ""name"": ""Icetea - Icetea Glass"", ""price"": 39, ""quantity"": 1}]",366.00,COMPLETED,walk-in,3,,False,REGULAR,2026-06-04T03:46:23.915169+08:00,2026-06-04T03:46:23.915169+08:00
879,"{""id"": 827, ""order_detail"": {""id"": 879, ""slip_number"": ""9741014"", ""order_type"": ""DINE_IN"", ""payment_method"": ""GCASH"", ""table_number"": """", ""items_json"": [{""productId"": 7, ""name"": ""Pechopak - Unli"", ""price"": 179, ""quantity"": 4, ""discount"": 0}, {""productId"": 7, ""name"": ""Pechopak - Meal"", ""price"": 169, ""quantity"": 1, ""discount"": 0}, {""productId"": 3, ""name"": ""Icetea - Icetea Pitcher"", ""price"": 129, ""quantity"": 1, ""discount"": 0}], ""order_mode"": ""REGULAR""}, ""android_id"": null, ""total"": ""1014.00"", ""completed_at"": ""2026-05-30T23:27:41.789676+08:00"", ""order"": 879}",,9741014,DINE_IN,GCASH,"[{""productId"": 7, ""name"": ""Pechopak - Unli"", ""price"": 179, ""quantity"": 4, ""discount"": 0}, {""productId"": 7, ""name"": ""Pechopak - Meal"", ""price"": 169, ""quantity"": 1, ""discount"": 0}, {""productId"": 3, ""name"": ""Icetea - Icetea Pitcher"", ""price"": 129, ""quantity"": 1, ""discount"": 0}]",1014.00,COMPLETED,walk-in,,,False,REGULAR,2026-06-04T03:46:23.903406+08:00,2026-06-04T03:46:23.903406+08:00
880,"{""id"": 826, ""order_detail"": {""id"": 880, ""slip_number"": ""9741015"", ""order_type"": ""DINE_IN"", ""payment_method"": ""CASH"", ""table_number"": ""1"", ""items_json"": [{""productId"": 8, ""name"": ""Liempo - Meal"", ""price"": 189, ""quantity"": 1, ""discount"": 0}, {""productId"": 3, ""name"": ""Icetea - Icetea Glass"", ""price"": 39, ""quantity"": 1, ""discount"": 0}], ""order_mode"": ""REGULAR""}, ""android_id"": null, ""total"": ""228.00"", ""completed_at"": ""2026-05-30T23:27:32.388279+08:00"", ""order"": 880}",,9741015,DINE_IN,CASH,"[{""productId"": 8, ""name"": ""Liempo - Meal"", ""price"": 189, ""quantity"": 1, ""discount"": 0}, {""productId"": 3, ""name"": ""Icetea - Icetea Glass"", ""price"": 39, ""quantity"": 1, ""discount"": 0}]",228.00,COMPLETED,walk-in,1,,False,REGULAR,2026-06-04T03:46:23.895900+08:00,2026-06-04T03:46:23.895900+08:00
881,"{""id"": 850, ""order_detail"": {""id"": 881, ""slip_number"": ""9741016"", ""order_type"": ""TAKE_OUT"", ""payment_method"": ""CASH"", ""table_number"": ""1"", ""items_json"": [{""productId"": 7, ""name"": ""Pechopak - Unli"", ""price"": 179, ""quantity"": 1, ""discount"": 0}], ""order_mode"": ""REGULAR""}, ""android_id"": null, ""total"": ""179.00"", ""completed_at"": ""2026-05-30T19:46:00+08:00"", ""order"": 881}",,9741016,TAKE_OUT,CASH,"[{""productId"": 7, ""name"": ""Pechopak - Unli"", ""price"": 179, ""quantity"": 1, ""discount"": 0}]",179.00,COMPLETED,walk-in,1,,False,REGULAR,2026-06-04T03:46:23.893902+08:00,2026-06-04T03:46:23.893902+08:00
882,"{""id"": 851, ""order_detail"": {""id"": 882, ""slip_number"": ""9741017"", ""order_type"": ""DINE_IN"", ""payment_method"": ""GCASH"", ""table_number"": ""2"", ""items_json"": [{""productId"": 7, ""name"": ""Pechopak - Unli"", ""price"": 179, ""quantity"": 1, ""discount"": 0}], ""order_mode"": ""REGULAR""}, ""android_id"": null, ""total"": ""179.00"", ""completed_at"": ""2026-05-30T19:46:00+08:00"", ""order"": 882}",,9741017,DINE_IN,GCASH,"[{""productId"": 7, ""name"": ""Pechopak - Unli"", ""price"": 179, ""quantity"": 1, ""discount"": 0}]",179.00,COMPLETED,walk-in,2,,False,REGULAR,2026-06-04T03:46:23.890667+08:00,2026-06-04T03:46:23.890667+08:00
883,"{""id"": 829, ""order_detail"": {""id"": 883, ""slip_number"": ""9741018"", ""order_type"": ""DINE_IN"", ""payment_method"": ""CASH"", ""table_number"": """", ""items_json"": [{""productId"": 7, ""name"": ""Pechopak - Only"", ""price"": 159, ""quantity"": 2, ""discount"": 0}], ""order_mode"": ""REGULAR""}, ""android_id"": null, ""total"": ""318.00"", ""completed_at"": ""2026-05-31T13:35:30.653775+08:00"", ""order"": 883}",,9741018,DINE_IN,CASH,"[{""productId"": 7, ""name"": ""Pechopak - Only"", ""price"": 159, ""quantity"": 2, ""discount"": 0}]",318.00,COMPLETED,walk-in,,,False,REGULAR,2026-06-04T03:46:23.876867+08:00,2026-06-04T03:46:23.876867+08:00
884,"{""id"": 830, ""order_detail"": {""id"": 884, ""slip_number"": ""9741019"", ""order_type"": ""DINE_IN"", ""payment_method"": ""CASH"", ""table_number"": """", ""items_json"": [{""productId"": 10, ""name"": ""Leg - Meal"", ""price"": 149, ""quantity"": 1, ""discount"": 0}, {""productId"": 9, ""name"": ""BBQ - One Piece Meal"", ""price"": 89, ""quantity"": 1, ""discount"": 0}], ""order_mode"": ""REGULAR""}, ""android_id"": null, ""total"": ""238.00"", ""completed_at"": ""2026-05-31T13:35:35.048721+08:00"", ""order"": 884}",,9741019,DINE_IN,CASH,"[{""productId"": 10, ""name"": ""Leg - Meal"", ""price"": 149, ""quantity"": 1, ""discount"": 0}, {""productId"": 9, ""name"": ""BBQ - One Piece Meal"", ""price"": 89, ""quantity"": 1, ""discount"": 0}]",238.00,COMPLETED,walk-in,,,False,REGULAR,2026-06-04T03:46:23.873869+08:00,2026-06-04T03:46:23.873869+08:00
885,"{""id"": 831, ""order_detail"": {""id"": 885, ""slip_number"": ""9741020"", ""order_type"": ""DINE_IN"", ""payment_method"": ""CASH"", ""table_number"": """", ""items_json"": [{""productId"": 1, ""name"": ""Coke - Mismo"", ""price"": 25, ""quantity"": 1, ""discount"": 0}, {""productId"": 7, ""name"": ""Pechopak - Unli"", ""price"": 179, ""quantity"": 1, ""discount"": 0}], ""order_mode"": ""REGULAR""}, ""android_id"": null, ""total"": ""204.00"", ""completed_at"": ""2026-05-31T13:35:40.272050+08:00"", ""order"": 885}",,9741020,DINE_IN,CASH,"[{""productId"": 1, ""name"": ""Coke - Mismo"", ""price"": 25, ""quantity"": 1, ""discount"": 0}, {""productId"": 7, ""name"": ""Pechopak - Unli"", ""price"": 179, ""quantity"": 1, ""discount"": 0}]",204.00,COMPLETED,walk-in,,,False,REGULAR,2026-06-04T03:46:23.864355+08:00,2026-06-04T03:46:23.864355+08:00
886,"{""id"": 832, ""order_detail"": {""id"": 886, ""slip_number"": ""9741021"", ""order_type"": ""DINE_IN"", ""payment_method"": ""CASH"", ""table_number"": """", ""items_json"": [{""productId"": 9, ""name"": ""BBQ - One Piece Meal"", ""price"": 89, ""quantity"": 1, ""discount"": 0}, {""productId"": 10, ""name"": ""Leg - Unli"", ""price"": 159, ""quantity"": 1, ""discount"": 0}, {""productId"": 3, ""name"": ""Icetea - Icetea Pitcher"", ""price"": 129, ""quantity"": 1, ""discount"": 0}], ""order_mode"": ""REGULAR""}, ""android_id"": null, ""total"": ""377.00"", ""completed_at"": ""2026-05-31T13:35:42.461117+08:00"", ""order"": 886}",,9741021,DINE_IN,CASH,"[{""productId"": 9, ""name"": ""BBQ - One Piece Meal"", ""price"": 89, ""quantity"": 1, ""discount"": 0}, {""productId"": 10, ""name"": ""Leg - Unli"", ""price"": 159, ""quantity"": 1, ""discount"": 0}, {""productId"": 3, ""name"": ""Icetea - Icetea Pitcher"", ""price"": 129, ""quantity"": 1, ""discount"": 0}]",377.00,COMPLETED,walk-in,,,False,REGULAR,2026-06-04T03:46:23.858496+08:00,2026-06-04T03:46:23.858496+08:00
887,"{""id"": 833, ""order_detail"": {""id"": 887, ""slip_number"": ""9741022"", ""order_type"": ""DINE_IN"", ""payment_method"": ""CASH"", ""table_number"": """", ""items_json"": [{""productId"": 1, ""name"": ""Coke - 1.5"", ""price"": 120, ""quantity"": 1, ""discount"": 0}], ""order_mode"": ""REGULAR""}, ""android_id"": null, ""total"": ""120.00"", ""completed_at"": ""2026-05-31T13:35:44.897463+08:00"", ""order"": 887}",,9741022,DINE_IN,CASH,"[{""productId"": 1, ""name"": ""Coke - 1.5"", ""price"": 120, ""quantity"": 1, ""discount"": 0}]",120.00,COMPLETED,walk-in,,,False,REGULAR,2026-06-04T03:46:23.843450+08:00,2026-06-04T03:46:23.843450+08:00
888,"{""id"": 834, ""order_detail"": {""id"": 888, ""slip_number"": ""9741023"", ""order_type"": ""DINE_IN"", ""payment_method"": ""CASH"", ""table_number"": """", ""items_json"": [{""productId"": 7, ""name"": ""Pechopak - Meal"", ""price"": 169, ""quantity"": 1, ""discount"": 0}, {""productId"": 7, ""name"": ""Pechopak - Unli"", ""price"": 179, ""quantity"": 2, ""discount"": 0}], ""order_mode"": ""REGULAR""}, ""android_id"": null, ""total"": ""527.00"", ""completed_at"": ""2026-05-31T13:35:49.374030+08:00"", ""order"": 888}",,9741023,DINE_IN,CASH,"[{""productId"": 7, ""name"": ""Pechopak - Meal"", ""price"": 169, ""quantity"": 1, ""discount"": 0}, {""productId"": 7, ""name"": ""Pechopak - Unli"", ""price"": 179, ""quantity"": 2, ""discount"": 0}]",527.00,COMPLETED,walk-in,,,False,REGULAR,2026-06-04T03:46:23.835349+08:00,2026-06-04T03:46:23.835349+08:00
889,"{""id"": 835, ""order_detail"": {""id"": 889, ""slip_number"": ""9741024"", ""order_type"": ""DINE_IN"", ""payment_method"": ""CASH"", ""table_number"": ""1"", ""items_json"": [{""productId"": 7, ""name"": ""Pechopak - Meal"", ""price"": 169, ""quantity"": 1, ""discount"": 0}, {""productId"": 12, ""name"": ""Water - Bottled"", ""price"": 20, ""quantity"": 1, ""discount"": 0}], ""order_mode"": ""REGULAR""}, ""android_id"": null, ""total"": ""189.00"", ""completed_at"": ""2026-05-31T13:53:59.133520+08:00"", ""order"": 889}",,9741024,DINE_IN,CASH,"[{""productId"": 7, ""name"": ""Pechopak - Meal"", ""price"": 169, ""quantity"": 1, ""discount"": 0}, {""productId"": 12, ""name"": ""Water - Bottled"", ""price"": 20, ""quantity"": 1, ""discount"": 0}]",189.00,COMPLETED,walk-in,1,,False,REGULAR,2026-06-04T03:46:23.831834+08:00,2026-06-04T03:46:23.831834+08:00
890,"{""id"": 836, ""order_detail"": {""id"": 890, ""slip_number"": ""9741025"", ""order_type"": ""DINE_IN"", ""payment_method"": ""CASH"", ""table_number"": """", ""items_json"": [{""productId"": 12, ""name"": ""Water - Bottled"", ""price"": 20, ""quantity"": 1, ""discount"": 0}], ""order_mode"": ""REGULAR""}, ""android_id"": null, ""total"": ""20.00"", ""completed_at"": ""2026-05-31T14:16:21.003787+08:00"", ""order"": 890}",,9741025,DINE_IN,CASH,"[{""productId"": 12, ""name"": ""Water - Bottled"", ""price"": 20, ""quantity"": 1, ""discount"": 0}]",20.00,COMPLETED,walk-in,,,False,REGULAR,2026-06-04T03:46:23.817889+08:00,2026-06-04T03:46:23.817889+08:00
891,"{""id"": 837, ""order_detail"": {""id"": 891, ""slip_number"": ""9741026"", ""order_type"": ""DINE_IN"", ""payment_method"": ""CASH"", ""table_number"": """", ""items_json"": [{""productId"": 10, ""name"": ""Leg - Meal"", ""price"": 149, ""quantity"": 1, ""discount"": 0}, {""productId"": 9, ""name"": ""BBQ - Meal"", ""price"": 139, ""quantity"": 1, ""discount"": 0}, {""productId"": 5, ""name"": ""Sprite - Mismo"", ""price"": 25, ""quantity"": 2, ""discount"": 0}], ""order_mode"": ""REGULAR""}, ""android_id"": null, ""total"": ""338.00"", ""completed_at"": ""2026-05-31T15:01:09.892594+08:00"", ""order"": 891}",,9741026,DINE_IN,CASH,"[{""productId"": 10, ""name"": ""Leg - Meal"", ""price"": 149, ""quantity"": 1, ""discount"": 0}, {""productId"": 9, ""name"": ""BBQ - Meal"", ""price"": 139, ""quantity"": 1, ""discount"": 0}, {""productId"": 5, ""name"": ""Sprite - Mismo"", ""price"": 25, ""quantity"": 2, ""discount"": 0}]",338.00,COMPLETED,walk-in,,,False,REGULAR,2026-06-04T03:46:23.807637+08:00,2026-06-04T03:46:23.807637+08:00
892,"{""id"": 838, ""order_detail"": {""id"": 892, ""slip_number"": ""9741027"", ""order_type"": ""DINE_IN"", ""payment_method"": ""CASH"", ""table_number"": """", ""items_json"": [{""productId"": 7, ""name"": ""Pechopak - Unli"", ""price"": 179, ""quantity"": 3, ""discount"": 0}, {""productId"": 1, ""name"": ""Coke - 1.5"", ""price"": 120, ""quantity"": 1, ""discount"": 0}], ""order_mode"": ""REGULAR""}, ""android_id"": null, ""total"": ""657.00"", ""completed_at"": ""2026-05-31T16:02:22.064105+08:00"", ""order"": 892}",,9741027,DINE_IN,CASH,"[{""productId"": 7, ""name"": ""Pechopak - Unli"", ""price"": 179, ""quantity"": 3, ""discount"": 0}, {""productId"": 1, ""name"": ""Coke - 1.5"", ""price"": 120, ""quantity"": 1, ""discount"": 0}]",657.00,COMPLETED,walk-in,,,False,REGULAR,2026-06-04T03:46:23.792819+08:00,2026-06-04T03:46:23.792819+08:00
893,"{""id"": 839, ""order_detail"": {""id"": 893, ""slip_number"": ""9741028"", ""order_type"": ""DINE_IN"", ""payment_method"": ""CASH"", ""table_number"": """", ""items_json"": [{""productId"": 1, ""name"": ""Coke - 1.5"", ""price"": 120, ""quantity"": 1, ""discount"": 0}], ""order_mode"": ""REGULAR""}, ""android_id"": null, ""total"": ""120.00"", ""completed_at"": ""2026-05-31T16:10:40.090205+08:00"", ""order"": 893}",,9741028,DINE_IN,CASH,"[{""productId"": 1, ""name"": ""Coke - 1.5"", ""price"": 120, ""quantity"": 1, ""discount"": 0}]",120.00,COMPLETED,walk-in,,,False,REGULAR,2026-06-04T03:46:23.785774+08:00,2026-06-04T03:46:23.785774+08:00
894,"{""id"": 840, ""order_detail"": {""id"": 894, ""slip_number"": ""9741029"", ""order_type"": ""DINE_IN"", ""payment_method"": ""CASH"", ""table_number"": """", ""items_json"": [{""productId"": 7, ""name"": ""Pechopak - Only"", ""price"": 159, ""quantity"": 3, ""discount"": 0}, {""productId"": 11, ""name"": ""Wings - Only"", ""price"": 119, ""quantity"": 1, ""discount"": 0}, {""productId"": 8, ""name"": ""Liempo - Only"", ""price"": 179, ""quantity"": 1, ""discount"": 0}, {""productId"": 9, ""name"": ""BBQ - Only"", ""price"": 129, ""quantity"": 1, ""discount"": 0}], ""order_mode"": ""REGULAR""}, ""android_id"": null, ""total"": ""904.00"", ""completed_at"": ""2026-05-31T17:11:34.582194+08:00"", ""order"": 894}",,9741029,DINE_IN,CASH,"[{""productId"": 7, ""name"": ""Pechopak - Only"", ""price"": 159, ""quantity"": 3, ""discount"": 0}, {""productId"": 11, ""name"": ""Wings - Only"", ""price"": 119, ""quantity"": 1, ""discount"": 0}, {""productId"": 8, ""name"": ""Liempo - Only"", ""price"": 179, ""quantity"": 1, ""discount"": 0}, {""productId"": 9, ""name"": ""BBQ - Only"", ""price"": 129, ""quantity"": 1, ""discount"": 0}]",904.00,COMPLETED,walk-in,,,False,REGULAR,2026-06-04T03:46:23.780260+08:00,2026-06-04T03:46:23.780260+08:00
895,"{""id"": 841, ""order_detail"": {""id"": 895, ""slip_number"": ""9741030"", ""order_type"": ""TAKE_OUT"", ""payment_method"": ""CASH"", ""table_number"": """", ""items_json"": [{""productId"": 11, ""name"": ""Wings - Meal"", ""price"": 129, ""quantity"": 2, ""discount"": 0}], ""order_mode"": ""REGULAR""}, ""android_id"": null, ""total"": ""258.00"", ""completed_at"": ""2026-05-31T17:54:51.255324+08:00"", ""order"": 895}",,9741030,TAKE_OUT,CASH,"[{""productId"": 11, ""name"": ""Wings - Meal"", ""price"": 129, ""quantity"": 2, ""discount"": 0}]",258.00,COMPLETED,walk-in,,,False,REGULAR,2026-06-04T03:46:23.766214+08:00,2026-06-04T03:46:23.766214+08:00
896,"{""id"": 842, ""order_detail"": {""id"": 896, ""slip_number"": ""9741031"", ""order_type"": ""TAKE_OUT"", ""payment_method"": ""CASH"", ""table_number"": """", ""items_json"": [{""productId"": 7, ""name"": ""Pechopak - Only"", ""price"": 159, ""quantity"": 4, ""discount"": 0}, {""productId"": 9, ""name"": ""BBQ - Only"", ""price"": 129, ""quantity"": 1, ""discount"": 0}], ""order_mode"": ""REGULAR""}, ""android_id"": null, ""total"": ""765.00"", ""completed_at"": ""2026-05-31T18:37:22.792387+08:00"", ""order"": 896}",,9741031,TAKE_OUT,CASH,"[{""productId"": 7, ""name"": ""Pechopak - Only"", ""price"": 159, ""quantity"": 4, ""discount"": 0}, {""productId"": 9, ""name"": ""BBQ - Only"", ""price"": 129, ""quantity"": 1, ""discount"": 0}]",765.00,COMPLETED,walk-in,,,False,REGULAR,2026-06-04T03:46:23.754003+08:00,2026-06-04T03:46:23.754003+08:00
897,"{""id"": 843, ""order_detail"": {""id"": 897, ""slip_number"": ""9741032"", ""order_type"": ""DINE_IN"", ""payment_method"": ""CASH"", ""table_number"": ""1"", ""items_json"": [{""productId"": 10, ""name"": ""Leg - Unli"", ""price"": 159, ""quantity"": 3, ""discount"": 0}], ""order_mode"": ""REGULAR""}, ""android_id"": null, ""total"": ""477.00"", ""completed_at"": ""2026-05-31T18:58:29.833328+08:00"", ""order"": 897}",,9741032,DINE_IN,CASH,"[{""productId"": 10, ""name"": ""Leg - Unli"", ""price"": 159, ""quantity"": 3, ""discount"": 0}]",477.00,COMPLETED,walk-in,1,,False,REGULAR,2026-06-04T03:46:23.747486+08:00,2026-06-04T03:46:23.747486+08:00
898,"{""id"": 846, ""order_detail"": {""id"": 898, ""slip_number"": ""9741033"", ""order_type"": ""DINE_IN"", ""payment_method"": ""CASH"", ""table_number"": ""3"", ""items_json"": [{""productId"": 10, ""name"": ""Leg - Meal"", ""price"": 149, ""quantity"": 2, ""discount"": 0}, {""productId"": 10, ""name"": ""Leg - Unli"", ""price"": 159, ""quantity"": 1, ""discount"": 0}, {""productId"": 9, ""name"": ""BBQ - Unli"", ""price"": 149, ""quantity"": 1, ""discount"": 0}, {""productId"": 3, ""name"": ""Icetea - Icetea Pitcher"", ""price"": 129, ""quantity"": 1, ""discount"": 0}], ""order_mode"": ""REGULAR""}, ""android_id"": null, ""total"": ""735.00"", ""completed_at"": ""2026-05-31T19:15:24.254972+08:00"", ""order"": 898}",,9741033,DINE_IN,CASH,"[{""productId"": 10, ""name"": ""Leg - Meal"", ""price"": 149, ""quantity"": 2, ""discount"": 0}, {""productId"": 10, ""name"": ""Leg - Unli"", ""price"": 159, ""quantity"": 1, ""discount"": 0}, {""productId"": 9, ""name"": ""BBQ - Unli"", ""price"": 149, ""quantity"": 1, ""discount"": 0}, {""productId"": 3, ""name"": ""Icetea - Icetea Pitcher"", ""price"": 129, ""quantity"": 1, ""discount"": 0}]",735.00,COMPLETED,walk-in,3,,False,REGULAR,2026-06-04T03:46:23.735253+08:00,2026-06-04T03:46:23.735253+08:00
899,"{""id"": 845, ""order_detail"": {""id"": 899, ""slip_number"": ""9741034"", ""order_type"": ""DINE_IN"", ""payment_method"": ""CASH"", ""table_number"": """", ""items_json"": [{""productId"": 9, ""name"": ""BBQ - Only"", ""price"": 129, ""quantity"": 1, ""discount"": 0}], ""order_mode"": ""REGULAR""}, ""android_id"": null, ""total"": ""129.00"", ""completed_at"": ""2026-05-31T19:08:14.397344+08:00"", ""order"": 899}",,9741034,DINE_IN,CASH,"[{""productId"": 9, ""name"": ""BBQ - Only"", ""price"": 129, ""quantity"": 1, ""discount"": 0}]",129.00,COMPLETED,walk-in,,,False,REGULAR,2026-06-04T03:46:23.725729+08:00,2026-06-04T03:46:23.725729+08:00
900,"{""id"": 844, ""order_detail"": {""id"": 900, ""slip_number"": ""9741035"", ""order_type"": ""DINE_IN"", ""payment_method"": ""GCASH"", ""table_number"": ""2"", ""items_json"": [{""productId"": 7, ""name"": ""Pechopak - Unli"", ""price"": 179, ""quantity"": 2, ""discount"": 0}, {""productId"": 1, ""name"": ""Coke - 1.5"", ""price"": 120, ""quantity"": 1, ""discount"": 0}], ""order_mode"": ""REGULAR""}, ""android_id"": null, ""total"": ""478.00"", ""completed_at"": ""2026-05-31T19:08:03.491751+08:00"", ""order"": 900}",,9741035,DINE_IN,GCASH,"[{""productId"": 7, ""name"": ""Pechopak - Unli"", ""price"": 179, ""quantity"": 2, ""discount"": 0}, {""productId"": 1, ""name"": ""Coke - 1.5"", ""price"": 120, ""quantity"": 1, ""discount"": 0}]",478.00,COMPLETED,walk-in,2,,False,REGULAR,2026-06-04T03:46:23.722368+08:00,2026-06-04T03:46:23.722368+08:00
901,"{""id"": 847, ""order_detail"": {""id"": 901, ""slip_number"": ""9741036"", ""order_type"": ""DINE_IN"", ""payment_method"": ""CASH"", ""table_number"": ""1"", ""items_json"": [{""productId"": 7, ""name"": ""Pechopak - Unli"", ""price"": 179, ""quantity"": 1, ""discount"": 0}, {""productId"": 11, ""name"": ""Wings - Meal"", ""price"": 129, ""quantity"": 1, ""discount"": 0}, {""productId"": 3, ""name"": ""Icetea - Icetea Glass"", ""price"": 39, ""quantity"": 2, ""discount"": 0}], ""order_mode"": ""REGULAR""}, ""android_id"": null, ""total"": ""386.00"", ""completed_at"": ""2026-05-31T19:22:58.006374+08:00"", ""order"": 901}",,9741036,DINE_IN,CASH,"[{""productId"": 7, ""name"": ""Pechopak - Unli"", ""price"": 179, ""quantity"": 1, ""discount"": 0}, {""productId"": 11, ""name"": ""Wings - Meal"", ""price"": 129, ""quantity"": 1, ""discount"": 0}, {""productId"": 3, ""name"": ""Icetea - Icetea Glass"", ""price"": 39, ""quantity"": 2, ""discount"": 0}]",386.00,COMPLETED,walk-in,1,,False,REGULAR,2026-06-04T03:46:23.714793+08:00,2026-06-04T03:46:23.714793+08:00
902,"{""id"": 848, ""order_detail"": {""id"": 902, ""slip_number"": ""9741037"", ""order_type"": ""DINE_IN"", ""payment_method"": ""CASH"", ""table_number"": ""3"", ""items_json"": [{""productId"": 11, ""name"": ""Wings - Meal"", ""price"": 129, ""quantity"": 1, ""discount"": 0}, {""productId"": 7, ""name"": ""Pechopak - Unli"", ""price"": 179, ""quantity"": 2, ""discount"": 0}, {""productId"": 8, ""name"": ""Liempo - Unli"", ""price"": 199, ""quantity"": 1, ""discount"": 0}, {""productId"": 1, ""name"": ""Coke - 1.5"", ""price"": 120, ""quantity"": 1, ""discount"": 0}], ""order_mode"": ""REGULAR""}, ""android_id"": null, ""total"": ""806.00"", ""completed_at"": ""2026-05-31T19:25:28.867081+08:00"", ""order"": 902}",,9741037,DINE_IN,CASH,"[{""productId"": 11, ""name"": ""Wings - Meal"", ""price"": 129, ""quantity"": 1, ""discount"": 0}, {""productId"": 7, ""name"": ""Pechopak - Unli"", ""price"": 179, ""quantity"": 2, ""discount"": 0}, {""productId"": 8, ""name"": ""Liempo - Unli"", ""price"": 199, ""quantity"": 1, ""discount"": 0}, {""productId"": 1, ""name"": ""Coke - 1.5"", ""price"": 120, ""quantity"": 1, ""discount"": 0}]",806.00,COMPLETED,walk-in,3,,False,REGULAR,2026-06-04T03:46:23.707802+08:00,2026-06-04T03:46:23.707802+08:00
903,"{""id"": 852, ""order_detail"": {""id"": 903, ""slip_number"": ""9741038"", ""order_type"": ""DINE_IN"", ""payment_method"": ""CASH"", ""table_number"": ""2"", ""items_json"": [{""productId"": 9, ""name"": ""BBQ - Meal"", ""price"": 139, ""quantity"": 1, ""discount"": 0}, {""productId"": 3, ""name"": ""Icetea - Icetea Glass"", ""price"": 39, ""quantity"": 1, ""discount"": 0}], ""order_mode"": ""REGULAR""}, ""android_id"": null, ""total"": ""178.00"", ""completed_at"": ""2026-05-31T19:50:02.470124+08:00"", ""order"": 903}",,9741038,DINE_IN,CASH,"[{""productId"": 9, ""name"": ""BBQ - Meal"", ""price"": 139, ""quantity"": 1, ""discount"": 0}, {""productId"": 3, ""name"": ""Icetea - Icetea Glass"", ""price"": 39, ""quantity"": 1, ""discount"": 0}]",178.00,COMPLETED,walk-in,2,,False,REGULAR,2026-06-04T03:46:23.696279+08:00,2026-06-04T03:46:23.696279+08:00
904,"{""id"": 849, ""order_detail"": {""id"": 904, ""slip_number"": ""9741039"", ""order_type"": ""DINE_IN"", ""payment_method"": ""GCASH"", ""table_number"": ""1"", ""items_json"": [{""productId"": 3, ""name"": ""Icetea - Icetea Pitcher"", ""price"": 129, ""quantity"": 1, ""discount"": 0}, {""productId"": 7, ""name"": ""Pechopak - Meal"", ""price"": 169, ""quantity"": 1, ""discount"": 0}, {""productId"": 7, ""name"": ""Pechopak - Unli"", ""price"": 179, ""quantity"": 1, ""discount"": 0}], ""order_mode"": ""REGULAR""}, ""android_id"": null, ""total"": ""477.00"", ""completed_at"": ""2026-05-31T19:45:55.791359+08:00"", ""order"": 904}",,9741039,DINE_IN,GCASH,"[{""productId"": 3, ""name"": ""Icetea - Icetea Pitcher"", ""price"": 129, ""quantity"": 1, ""discount"": 0}, {""productId"": 7, ""name"": ""Pechopak - Meal"", ""price"": 169, ""quantity"": 1, ""discount"": 0}, {""productId"": 7, ""name"": ""Pechopak - Unli"", ""price"": 179, ""quantity"": 1, ""discount"": 0}]",477.00,COMPLETED,walk-in,1,,False,REGULAR,2026-06-04T03:46:23.693271+08:00,2026-06-04T03:46:23.693271+08:00
905,"{""id"": 853, ""order_detail"": {""id"": 905, ""slip_number"": ""9741040"", ""order_type"": ""TAKE_OUT"", ""payment_method"": ""CASH"", ""table_number"": ""3"", ""items_json"": [{""productId"": 10, ""name"": ""Leg - Meal"", ""price"": 149, ""quantity"": 4, ""discount"": 0}], ""order_mode"": ""REGULAR""}, ""android_id"": null, ""total"": ""596.00"", ""completed_at"": ""2026-05-31T19:59:10.849617+08:00"", ""order"": 905}",,9741040,TAKE_OUT,CASH,"[{""productId"": 10, ""name"": ""Leg - Meal"", ""price"": 149, ""quantity"": 4, ""discount"": 0}]",596.00,COMPLETED,walk-in,3,,False,REGULAR,2026-06-04T03:46:23.687637+08:00,2026-06-04T03:46:23.687637+08:00
906,"{""id"": 854, ""order_detail"": {""id"": 906, ""slip_number"": ""9741041"", ""order_type"": ""DINE_IN"", ""payment_method"": ""CASH"", ""table_number"": ""3"", ""items_json"": [{""productId"": 2, ""name"": ""Rice - Extra"", ""price"": 20, ""quantity"": 1, ""discount"": 0}], ""order_mode"": ""REGULAR""}, ""android_id"": null, ""total"": ""20.00"", ""completed_at"": ""2026-05-31T19:59:13.403952+08:00"", ""order"": 906}",,9741041,DINE_IN,CASH,"[{""productId"": 2, ""name"": ""Rice - Extra"", ""price"": 20, ""quantity"": 1, ""discount"": 0}]",20.00,COMPLETED,walk-in,3,,False,REGULAR,2026-06-04T03:46:23.683640+08:00,2026-06-04T03:46:23.683640+08:00
907,"{""id"": 855, ""order_detail"": {""id"": 907, ""slip_number"": ""9741042"", ""order_type"": ""DINE_IN"", ""payment_method"": ""CASH"", ""table_number"": ""3"", ""items_json"": [{""productId"": 7, ""name"": ""Pechopak - Unli"", ""price"": 179, ""quantity"": 2, ""discount"": 0}, {""productId"": 3, ""name"": ""Icetea - Icetea Glass"", ""price"": 39, ""quantity"": 2, ""discount"": 0}], ""order_mode"": ""REGULAR""}, ""android_id"": null, ""total"": ""436.00"", ""completed_at"": ""2026-05-31T20:16:53.587529+08:00"", ""order"": 907}",,9741042,DINE_IN,CASH,"[{""productId"": 7, ""name"": ""Pechopak - Unli"", ""price"": 179, ""quantity"": 2, ""discount"": 0}, {""productId"": 3, ""name"": ""Icetea - Icetea Glass"", ""price"": 39, ""quantity"": 2, ""discount"": 0}]",436.00,COMPLETED,walk-in,3,,False,REGULAR,2026-06-04T03:46:23.666428+08:00,2026-06-04T03:46:23.666428+08:00
908,"{""id"": 856, ""order_detail"": {""id"": 908, ""slip_number"": ""9741043"", ""order_type"": ""DINE_IN"", ""payment_method"": ""CASH"", ""table_number"": ""1"", ""items_json"": [{""productId"": 7, ""name"": ""Pechopak - Unli"", ""price"": 179, ""quantity"": 1, ""discount"": 0}, {""productId"": 8, ""name"": ""Liempo - Meal"", ""price"": 189, ""quantity"": 1, ""discount"": 0}, {""productId"": 5, ""name"": ""Sprite - Mismo"", ""price"": 25, ""quantity"": 1, ""discount"": 0}], ""order_mode"": ""REGULAR""}, ""android_id"": null, ""total"": ""393.00"", ""completed_at"": ""2026-05-31T20:40:07.451238+08:00"", ""order"": 908}",,9741043,DINE_IN,CASH,"[{""productId"": 7, ""name"": ""Pechopak - Unli"", ""price"": 179, ""quantity"": 1, ""discount"": 0}, {""productId"": 8, ""name"": ""Liempo - Meal"", ""price"": 189, ""quantity"": 1, ""discount"": 0}, {""productId"": 5, ""name"": ""Sprite - Mismo"", ""price"": 25, ""quantity"": 1, ""discount"": 0}]",393.00,COMPLETED,walk-in,1,,False,REGULAR,2026-06-04T03:46:23.654709+08:00,2026-06-04T03:46:23.654709+08:00
909,"{""id"": 857, ""order_detail"": {""id"": 909, ""slip_number"": ""9741044"", ""order_type"": ""DINE_IN"", ""payment_method"": ""CASH"", ""table_number"": ""3"", ""items_json"": [{""productId"": 3, ""name"": ""Icetea - Icetea Pitcher"", ""price"": 129, ""quantity"": 1, ""discount"": 0}, {""productId"": 7, ""name"": ""Pechopak - Meal"", ""price"": 169, ""quantity"": 2, ""discount"": 0}, {""productId"": 8, ""name"": ""Liempo - Unli"", ""price"": 199, ""quantity"": 1, ""discount"": 0}, {""productId"": 9, ""name"": ""BBQ - One Piece Only"", ""price"": 79, ""quantity"": 1, ""discount"": 0}, {""productId"": 9, ""name"": ""BBQ - Only"", ""price"": 129, ""quantity"": 1, ""discount"": 0}], ""order_mode"": ""REGULAR""}, ""android_id"": null, ""total"": ""874.00"", ""completed_at"": ""2026-05-31T20:56:08.354944+08:00"", ""order"": 909}",,9741044,DINE_IN,CASH,"[{""productId"": 3, ""name"": ""Icetea - Icetea Pitcher"", ""price"": 129, ""quantity"": 1, ""discount"": 0}, {""productId"": 7, ""name"": ""Pechopak - Meal"", ""price"": 169, ""quantity"": 2, ""discount"": 0}, {""productId"": 8, ""name"": ""Liempo - Unli"", ""price"": 199, ""quantity"": 1, ""discount"": 0}, {""productId"": 9, ""name"": ""BBQ - One Piece Only"", ""price"": 79, ""quantity"": 1, ""discount"": 0}, {""productId"": 9, ""name"": ""BBQ - Only"", ""price"": 129, ""quantity"": 1, ""discount"": 0}]",874.00,COMPLETED,walk-in,3,,False,REGULAR,2026-06-04T03:46:23.644664+08:00,2026-06-04T03:46:23.644664+08:00
910,"{""id"": 858, ""order_detail"": {""id"": 910, ""slip_number"": ""9741045"", ""order_type"": ""DINE_IN"", ""payment_method"": ""CASH"", ""table_number"": ""1"", ""items_json"": [{""productId"": 7, ""name"": ""Pechopak - Unli"", ""price"": 179, ""quantity"": 1, ""discount"": 0}, {""productId"": 8, ""name"": ""Liempo - Unli"", ""price"": 199, ""quantity"": 1, ""discount"": 0}, {""productId"": 9, ""name"": ""BBQ - One Piece Only"", ""price"": 79, ""quantity"": 1, ""discount"": 0}, {""productId"": 9, ""name"": ""BBQ - Meal"", ""price"": 139, ""quantity"": 1, ""discount"": 0}, {""productId"": 1, ""name"": ""Coke - Mismo"", ""price"": 25, ""quantity"": 2, ""discount"": 0}], ""order_mode"": ""REGULAR""}, ""android_id"": null, ""total"": ""646.00"", ""completed_at"": ""2026-05-31T21:10:57.355518+08:00"", ""order"": 910}",,9741045,DINE_IN,CASH,"[{""productId"": 7, ""name"": ""Pechopak - Unli"", ""price"": 179, ""quantity"": 1, ""discount"": 0}, {""productId"": 8, ""name"": ""Liempo - Unli"", ""price"": 199, ""quantity"": 1, ""discount"": 0}, {""productId"": 9, ""name"": ""BBQ - One Piece Only"", ""price"": 79, ""quantity"": 1, ""discount"": 0}, {""productId"": 9, ""name"": ""BBQ - Meal"", ""price"": 139, ""quantity"": 1, ""discount"": 0}, {""productId"": 1, ""name"": ""Coke - Mismo"", ""price"": 25, ""quantity"": 2, ""discount"": 0}]",646.00,COMPLETED,walk-in,1,,False,REGULAR,2026-06-04T03:46:23.634150+08:00,2026-06-04T03:46:23.634150+08:00
911,"{""id"": 859, ""order_detail"": {""id"": 911, ""slip_number"": ""9741046"", ""order_type"": ""DINE_IN"", ""payment_method"": ""CASH"", ""table_number"": ""3"", ""items_json"": [{""productId"": 7, ""name"": ""Pechopak - Meal"", ""price"": 169, ""quantity"": 1, ""discount"": 0}, {""productId"": 10, ""name"": ""Leg - Meal"", ""price"": 149, ""quantity"": 1, ""discount"": 0}], ""order_mode"": ""REGULAR""}, ""android_id"": null, ""total"": ""318.00"", ""completed_at"": ""2026-05-31T22:54:16.651248+08:00"", ""order"": 911}",,9741046,DINE_IN,CASH,"[{""productId"": 7, ""name"": ""Pechopak - Meal"", ""price"": 169, ""quantity"": 1, ""discount"": 0}, {""productId"": 10, ""name"": ""Leg - Meal"", ""price"": 149, ""quantity"": 1, ""discount"": 0}]",318.00,COMPLETED,walk-in,3,,False,REGULAR,2026-06-04T03:46:23.627111+08:00,2026-06-04T03:46:23.627111+08:00
912,"{""id"": 860, ""order_detail"": {""id"": 912, ""slip_number"": ""9741047"", ""order_type"": ""DINE_IN"", ""payment_method"": ""GCASH"", ""table_number"": """", ""items_json"": [{""productId"": 3, ""name"": ""Icetea - Icetea Glass"", ""price"": 39, ""quantity"": 1, ""discount"": 0}], ""order_mode"": ""REGULAR""}, ""android_id"": null, ""total"": ""39.00"", ""completed_at"": ""2026-05-31T22:54:19.724095+08:00"", ""order"": 912}",,9741047,DINE_IN,GCASH,"[{""productId"": 3, ""name"": ""Icetea - Icetea Glass"", ""price"": 39, ""quantity"": 1, ""discount"": 0}]",39.00,COMPLETED,walk-in,,,False,REGULAR,2026-06-04T03:46:23.615073+08:00,2026-06-04T03:46:23.615073+08:00
913,"{""id"": 861, ""order_detail"": {""id"": 913, ""slip_number"": ""9741048"", ""order_type"": ""DINE_IN"", ""payment_method"": ""CASH"", ""table_number"": ""2"", ""items_json"": [{""productId"": 9, ""name"": ""BBQ - Only"", ""price"": 129, ""quantity"": 2, ""discount"": 0}], ""order_mode"": ""REGULAR""}, ""android_id"": null, ""total"": ""258.00"", ""completed_at"": ""2026-05-31T22:54:23.005509+08:00"", ""order"": 913}",,9741048,DINE_IN,CASH,"[{""productId"": 9, ""name"": ""BBQ - Only"", ""price"": 129, ""quantity"": 2, ""discount"": 0}]",258.00,COMPLETED,walk-in,2,,False,REGULAR,2026-06-04T03:46:23.605326+08:00,2026-06-04T03:46:23.605326+08:00
914,"{""id"": 862, ""order_detail"": {""id"": 914, ""slip_number"": ""9741049"", ""order_type"": ""DINE_IN"", ""payment_method"": ""CASH"", ""table_number"": """", ""items_json"": [{""productId"": 11, ""name"": ""Wings - One Piece Meal"", ""price"": 79, ""quantity"": 2, ""discount"": 0}, {""productId"": 9, ""name"": ""BBQ - Meal"", ""price"": 139, ""quantity"": 1, ""discount"": 0}, {""productId"": 10, ""name"": ""Leg - Meal"", ""price"": 149, ""quantity"": 1, ""discount"": 0}], ""order_mode"": ""REGULAR""}, ""android_id"": null, ""total"": ""446.00"", ""completed_at"": ""2026-06-01T12:08:15.151465+08:00"", ""order"": 914}",,9741049,DINE_IN,CASH,"[{""productId"": 11, ""name"": ""Wings - One Piece Meal"", ""price"": 79, ""quantity"": 2, ""discount"": 0}, {""productId"": 9, ""name"": ""BBQ - Meal"", ""price"": 139, ""quantity"": 1, ""discount"": 0}, {""productId"": 10, ""name"": ""Leg - Meal"", ""price"": 149, ""quantity"": 1, ""discount"": 0}]",446.00,COMPLETED,walk-in,,,False,REGULAR,2026-06-04T03:46:23.603326+08:00,2026-06-04T03:46:23.603326+08:00
915,,,9741050,DINE_IN,CASH,"[{""productId"": 10, ""name"": ""Leg - Meal"", ""price"": 149, ""quantity"": 1, ""discount"": 0}, {""productId"": 8, ""name"": ""Liempo - Meal"", ""price"": 189, ""quantity"": 1, ""discount"": 0}]",338.00,VOIDED,walk-in,1,,False,REGULAR,2026-06-04T03:46:23.597320+08:00,2026-06-04T03:46:23.597320+08:00
916,"{""id"": 864, ""order_detail"": {""id"": 916, ""slip_number"": ""9741051"", ""order_type"": ""DINE_IN"", ""payment_method"": ""CASH"", ""table_number"": ""3"", ""items_json"": [{""productId"": 11, ""name"": ""Wings - Unli"", ""price"": 139, ""quantity"": 1, ""discount"": 0}, {""productId"": 9, ""name"": ""BBQ - One Piece Meal"", ""price"": 89, ""quantity"": 1, ""discount"": 0}, {""productId"": 1, ""name"": ""Coke - 1.5"", ""price"": 120, ""quantity"": 1, ""discount"": 0}], ""order_mode"": ""REGULAR""}, ""android_id"": null, ""total"": ""348.00"", ""completed_at"": ""2026-06-01T13:02:28.504363+08:00"", ""order"": 916}",,9741051,DINE_IN,CASH,"[{""productId"": 11, ""name"": ""Wings - Unli"", ""price"": 139, ""quantity"": 1, ""discount"": 0}, {""productId"": 9, ""name"": ""BBQ - One Piece Meal"", ""price"": 89, ""quantity"": 1, ""discount"": 0}, {""productId"": 1, ""name"": ""Coke - 1.5"", ""price"": 120, ""quantity"": 1, ""discount"": 0}]",348.00,COMPLETED,walk-in,3,,False,REGULAR,2026-06-04T03:46:23.589942+08:00,2026-06-04T03:46:23.589942+08:00
917,"{""id"": 863, ""order_detail"": {""id"": 917, ""slip_number"": ""9741052"", ""order_type"": ""DELIVERY"", ""payment_method"": ""CASH"", ""table_number"": """", ""items_json"": [{""productId"": 10, ""name"": ""Leg - Meal"", ""price"": 149, ""quantity"": 1, ""discount"": 0}, {""productId"": 8, ""name"": ""Liempo - Meal"", ""price"": 189, ""quantity"": 1, ""discount"": 0}, {""productId"": -1, ""name"": ""Delivery Fee"", ""price"": 30, ""quantity"": 1, ""discount"": 0}], ""order_mode"": ""REGULAR""}, ""android_id"": null, ""total"": ""368.00"", ""completed_at"": ""2026-06-01T12:53:58.043285+08:00"", ""order"": 917}",,9741052,DELIVERY,CASH,"[{""productId"": 10, ""name"": ""Leg - Meal"", ""price"": 149, ""quantity"": 1, ""discount"": 0}, {""productId"": 8, ""name"": ""Liempo - Meal"", ""price"": 189, ""quantity"": 1, ""discount"": 0}, {""productId"": -1, ""name"": ""Delivery Fee"", ""price"": 30, ""quantity"": 1, ""discount"": 0}]",368.00,COMPLETED,walk-in,,,False,REGULAR,2026-06-04T03:46:23.576908+08:00,2026-06-04T03:46:23.576908+08:00
918,"{""id"": 865, ""order_detail"": {""id"": 918, ""slip_number"": ""9741053"", ""order_type"": ""DINE_IN"", ""payment_method"": ""CASH"", ""table_number"": ""5"", ""items_json"": [{""productId"": 10, ""name"": ""Leg - Unli"", ""price"": 159, ""quantity"": 2, ""discount"": 0}, {""productId"": 3, ""name"": ""Icetea - Icetea Pitcher"", ""price"": 129, ""quantity"": 1, ""discount"": 0}], ""order_mode"": ""REGULAR""}, ""android_id"": null, ""total"": ""447.00"", ""completed_at"": ""2026-06-01T15:01:36.803287+08:00"", ""order"": 918}",,9741053,DINE_IN,CASH,"[{""productId"": 10, ""name"": ""Leg - Unli"", ""price"": 159, ""quantity"": 2, ""discount"": 0}, {""productId"": 3, ""name"": ""Icetea - Icetea Pitcher"", ""price"": 129, ""quantity"": 1, ""discount"": 0}]",447.00,COMPLETED,walk-in,5,,False,REGULAR,2026-06-04T03:46:23.573406+08:00,2026-06-04T03:46:23.573406+08:00
919,"{""id"": 866, ""order_detail"": {""id"": 919, ""slip_number"": ""9741054"", ""order_type"": ""DINE_IN"", ""payment_method"": ""CASH"", ""table_number"": ""5"", ""items_json"": [{""productId"": 10, ""name"": ""Leg - Unli"", ""price"": 159, ""quantity"": 2, ""discount"": 0}, {""productId"": 10, ""name"": ""Leg - Meal"", ""price"": 149, ""quantity"": 1}], ""order_mode"": ""REGULAR""}, ""android_id"": null, ""total"": ""467.00"", ""completed_at"": ""2026-06-01T15:01:38.953167+08:00"", ""order"": 919}",,9741054,DINE_IN,CASH,"[{""productId"": 10, ""name"": ""Leg - Unli"", ""price"": 159, ""quantity"": 2, ""discount"": 0}, {""productId"": 10, ""name"": ""Leg - Meal"", ""price"": 149, ""quantity"": 1}]",467.00,COMPLETED,walk-in,5,,False,REGULAR,2026-06-04T03:46:23.568406+08:00,2026-06-04T03:46:23.568406+08:00
920,"{""id"": 867, ""order_detail"": {""id"": 920, ""slip_number"": ""9741054"", ""order_type"": ""TAKE_OUT"", ""payment_method"": ""CASH"", ""table_number"": """", ""items_json"": [{""productId"": 2, ""name"": ""Rice - Extra"", ""price"": 20, ""quantity"": 1, ""discount"": 0}], ""order_mode"": ""REGULAR""}, ""android_id"": null, ""total"": ""20.00"", ""completed_at"": ""2026-06-01T18:32:38.521434+08:00"", ""order"": 920}",,9741054,TAKE_OUT,CASH,"[{""productId"": 2, ""name"": ""Rice - Extra"", ""price"": 20, ""quantity"": 1, ""discount"": 0}]",20.00,COMPLETED,walk-in,,,False,REGULAR,2026-06-04T03:46:23.552339+08:00,2026-06-04T03:46:23.552339+08:00
921,"{""id"": 869, ""order_detail"": {""id"": 921, ""slip_number"": ""9741055"", ""order_type"": ""TAKE_OUT"", ""payment_method"": ""CASH"", ""table_number"": ""1"", ""items_json"": [{""productId"": 9, ""name"": ""BBQ - Unli"", ""price"": 149, ""quantity"": 1}, {""productId"": 10, ""name"": ""Leg - Unli"", ""price"": 159, ""quantity"": 1, ""discount"": 0}], ""order_mode"": ""REGULAR""}, ""android_id"": null, ""total"": ""308.00"", ""completed_at"": ""2026-06-01T19:25:46.374553+08:00"", ""order"": 921}",,9741055,TAKE_OUT,CASH,"[{""productId"": 9, ""name"": ""BBQ - Unli"", ""price"": 149, ""quantity"": 1}, {""productId"": 10, ""name"": ""Leg - Unli"", ""price"": 159, ""quantity"": 1, ""discount"": 0}]",308.00,COMPLETED,walk-in,1,,False,REGULAR,2026-06-04T03:46:23.544641+08:00,2026-06-04T03:46:23.544641+08:00
922,"{""id"": 870, ""order_detail"": {""id"": 922, ""slip_number"": ""9741056"", ""order_type"": ""DINE_IN"", ""payment_method"": ""CASH"", ""table_number"": ""3"", ""items_json"": [{""productId"": 7, ""name"": ""Pechopak - Meal"", ""price"": 169, ""quantity"": 1, ""discount"": 0}], ""order_mode"": ""REGULAR""}, ""android_id"": null, ""total"": ""169.00"", ""completed_at"": ""2026-06-01T19:25:49.793645+08:00"", ""order"": 922}",,9741056,DINE_IN,CASH,"[{""productId"": 7, ""name"": ""Pechopak - Meal"", ""price"": 169, ""quantity"": 1, ""discount"": 0}]",169.00,COMPLETED,walk-in,3,,False,REGULAR,2026-06-04T03:46:23.535975+08:00,2026-06-04T03:46:23.535975+08:00
923,"{""id"": 868, ""order_detail"": {""id"": 923, ""slip_number"": ""9741057"", ""order_type"": ""DINE_IN"", ""payment_method"": ""CASH"", ""table_number"": ""2"", ""items_json"": [{""productId"": 7, ""name"": ""Pechopak - Unli"", ""price"": 179, ""quantity"": 1, ""discount"": 0}, {""productId"": 1, ""name"": ""Coke - Mismo"", ""price"": 25, ""quantity"": 1, ""discount"": 0}], ""order_mode"": ""REGULAR""}, ""android_id"": null, ""total"": ""204.00"", ""completed_at"": ""2026-06-01T19:24:46.851915+08:00"", ""order"": 923}",,9741057,DINE_IN,CASH,"[{""productId"": 7, ""name"": ""Pechopak - Unli"", ""price"": 179, ""quantity"": 1, ""discount"": 0}, {""productId"": 1, ""name"": ""Coke - Mismo"", ""price"": 25, ""quantity"": 1, ""discount"": 0}]",204.00,COMPLETED,walk-in,2,,False,REGULAR,2026-06-04T03:46:23.534976+08:00,2026-06-04T03:46:23.534976+08:00
924,"{""id"": 871, ""order_detail"": {""id"": 924, ""slip_number"": ""9741058"", ""order_type"": ""DINE_IN"", ""payment_method"": ""CASH"", ""table_number"": ""5"", ""items_json"": [{""productId"": 7, ""name"": ""Pechopak - Meal"", ""price"": 169, ""quantity"": 1, ""discount"": 0}, {""productId"": 5, ""name"": ""Sprite - Mismo"", ""price"": 25, ""quantity"": 1, ""discount"": 0}], ""order_mode"": ""REGULAR""}, ""android_id"": null, ""total"": ""194.00"", ""completed_at"": ""2026-06-01T19:25:56.211615+08:00"", ""order"": 924}",,9741058,DINE_IN,CASH,"[{""productId"": 7, ""name"": ""Pechopak - Meal"", ""price"": 169, ""quantity"": 1, ""discount"": 0}, {""productId"": 5, ""name"": ""Sprite - Mismo"", ""price"": 25, ""quantity"": 1, ""discount"": 0}]",194.00,COMPLETED,walk-in,5,,False,REGULAR,2026-06-04T03:46:23.532324+08:00,2026-06-04T03:46:23.532324+08:00
925,"{""id"": 872, ""order_detail"": {""id"": 925, ""slip_number"": ""9741059"", ""order_type"": ""DINE_IN"", ""payment_method"": ""CASH"", ""table_number"": ""5"", ""items_json"": [{""productId"": 7, ""name"": ""Pechopak - Meal"", ""price"": 169, ""quantity"": 1, ""discount"": 0}], ""order_mode"": ""REGULAR""}, ""android_id"": null, ""total"": ""169.00"", ""completed_at"": ""2026-06-01T19:52:12.181567+08:00"", ""order"": 925}",,9741059,DINE_IN,CASH,"[{""productId"": 7, ""name"": ""Pechopak - Meal"", ""price"": 169, ""quantity"": 1, ""discount"": 0}]",169.00,COMPLETED,walk-in,5,,False,REGULAR,2026-06-04T03:46:23.525548+08:00,2026-06-04T03:46:23.525548+08:00
926,"{""id"": 873, ""order_detail"": {""id"": 926, ""slip_number"": ""9741060"", ""order_type"": ""DINE_IN"", ""payment_method"": ""CASH"", ""table_number"": ""3"", ""items_json"": [{""productId"": 9, ""name"": ""BBQ - Unli"", ""price"": 149, ""quantity"": 1, ""discount"": 0}, {""productId"": 3, ""name"": ""Icetea - Icetea Glass"", ""price"": 39, ""quantity"": 1, ""discount"": 0}], ""order_mode"": ""REGULAR""}, ""android_id"": null, ""total"": ""188.00"", ""completed_at"": ""2026-06-01T20:01:28.348802+08:00"", ""order"": 926}",,9741060,DINE_IN,CASH,"[{""productId"": 9, ""name"": ""BBQ - Unli"", ""price"": 149, ""quantity"": 1, ""discount"": 0}, {""productId"": 3, ""name"": ""Icetea - Icetea Glass"", ""price"": 39, ""quantity"": 1, ""discount"": 0}]",188.00,COMPLETED,walk-in,3,,False,REGULAR,2026-06-04T03:46:23.522553+08:00,2026-06-04T03:46:23.522553+08:00
927,"{""id"": 874, ""order_detail"": {""id"": 927, ""slip_number"": ""9741061"", ""order_type"": ""DINE_IN"", ""payment_method"": ""GCASH"", ""table_number"": ""3"", ""items_json"": [{""productId"": 11, ""name"": ""Wings - Unli"", ""price"": 139, ""quantity"": 1, ""discount"": 0}, {""productId"": 7, ""name"": ""Pechopak - Unli"", ""price"": 179, ""quantity"": 1, ""discount"": 0}], ""order_mode"": ""REGULAR""}, ""android_id"": null, ""total"": ""318.00"", ""completed_at"": ""2026-06-01T20:54:40.429919+08:00"", ""order"": 927}",,9741061,DINE_IN,GCASH,"[{""productId"": 11, ""name"": ""Wings - Unli"", ""price"": 139, ""quantity"": 1, ""discount"": 0}, {""productId"": 7, ""name"": ""Pechopak - Unli"", ""price"": 179, ""quantity"": 1, ""discount"": 0}]",318.00,COMPLETED,walk-in,3,,False,REGULAR,2026-06-04T03:46:23.514475+08:00,2026-06-04T03:46:23.514475+08:00
928,"{""id"": 875, ""order_detail"": {""id"": 928, ""slip_number"": ""9741062"", ""order_type"": ""DINE_IN"", ""payment_method"": ""CASH"", ""table_number"": ""3"", ""items_json"": [{""productId"": 10, ""name"": ""Leg - Meal"", ""price"": 149, ""quantity"": 2, ""discount"": 0}, {""productId"": 7, ""name"": ""Pechopak - Meal"", ""price"": 169, ""quantity"": 1, ""discount"": 0}], ""order_mode"": ""REGULAR""}, ""android_id"": null, ""total"": ""467.00"", ""completed_at"": ""2026-06-01T22:38:23.686681+08:00"", ""order"": 928}",,9741062,DINE_IN,CASH,"[{""productId"": 10, ""name"": ""Leg - Meal"", ""price"": 149, ""quantity"": 2, ""discount"": 0}, {""productId"": 7, ""name"": ""Pechopak - Meal"", ""price"": 169, ""quantity"": 1, ""discount"": 0}]",467.00,COMPLETED,walk-in,3,,False,REGULAR,2026-06-04T03:46:23.505960+08:00,2026-06-04T03:46:23.505960+08:00
929,"{""id"": 876, ""order_detail"": {""id"": 929, ""slip_number"": ""9741063"", ""order_type"": ""DINE_IN"", ""payment_method"": ""CASH"", ""table_number"": ""1"", ""items_json"": [{""productId"": 7, ""name"": ""Pechopak - Unli"", ""price"": 179, ""quantity"": 3, ""discount"": 0}, {""productId"": 8, ""name"": ""Liempo - Unli"", ""price"": 199, ""quantity"": 1, ""discount"": 0}, {""productId"": 3, ""name"": ""Icetea - Icetea Pitcher"", ""price"": 129, ""quantity"": 1, ""discount"": 0}], ""order_mode"": ""REGULAR""}, ""android_id"": null, ""total"": ""865.00"", ""completed_at"": ""2026-06-01T22:48:26.128059+08:00"", ""order"": 929}",,9741063,DINE_IN,CASH,"[{""productId"": 7, ""name"": ""Pechopak - Unli"", ""price"": 179, ""quantity"": 3, ""discount"": 0}, {""productId"": 8, ""name"": ""Liempo - Unli"", ""price"": 199, ""quantity"": 1, ""discount"": 0}, {""productId"": 3, ""name"": ""Icetea - Icetea Pitcher"", ""price"": 129, ""quantity"": 1, ""discount"": 0}]",865.00,COMPLETED,walk-in,1,,False,REGULAR,2026-06-04T03:46:23.503444+08:00,2026-06-04T03:46:23.503444+08:00
930,"{""id"": 877, ""order_detail"": {""id"": 930, ""slip_number"": ""22"", ""order_type"": ""DINE_IN"", ""payment_method"": """", ""table_number"": """", ""items_json"": [{""productId"": 1, ""name"": ""Coke - Mismo"", ""price"": 25, ""quantity"": 1, ""discount"": 0}], ""order_mode"": ""EMPLOYEE""}, ""android_id"": null, ""total"": ""25.00"", ""completed_at"": ""2026-06-02T00:38:45.425248+08:00"", ""order"": 930}",,22,DINE_IN,,"[{""productId"": 1, ""name"": ""Coke - Mismo"", ""price"": 25, ""quantity"": 1, ""discount"": 0}]",25.00,COMPLETED,walk-in,,,False,EMPLOYEE,2026-06-04T03:46:23.496825+08:00,2026-06-04T03:46:23.496825+08:00
931,"{""id"": 878, ""order_detail"": {""id"": 931, ""slip_number"": """", ""order_type"": ""DINE_IN"", ""payment_method"": """", ""table_number"": """", ""items_json"": [{""productId"": 11, ""name"": ""Wings - One Piece Only"", ""price"": 69, ""quantity"": 3, ""discount"": 0}], ""order_mode"": ""WASTE""}, ""android_id"": null, ""total"": ""207.00"", ""completed_at"": ""2026-06-02T00:41:57.275819+08:00"", ""order"": 931}",,,DINE_IN,,"[{""productId"": 11, ""name"": ""Wings - One Piece Only"", ""price"": 69, ""quantity"": 3, ""discount"": 0}]",207.00,COMPLETED,walk-in,,,False,WASTE,2026-06-04T03:46:23.493315+08:00,2026-06-04T03:46:23.493315+08:00
932,"{""id"": 879, ""order_detail"": {""id"": 932, ""slip_number"": """", ""order_type"": ""DINE_IN"", ""payment_method"": """", ""table_number"": """", ""items_json"": [{""productId"": 7, ""name"": ""Pechopak - Only"", ""price"": 159, ""quantity"": 1, ""discount"": 0}], ""order_mode"": ""WASTE""}, ""android_id"": null, ""total"": ""159.00"", ""completed_at"": ""2026-06-02T00:43:44.772979+08:00"", ""order"": 932}",,,DINE_IN,,"[{""productId"": 7, ""name"": ""Pechopak - Only"", ""price"": 159, ""quantity"": 1, ""discount"": 0}]",159.00,COMPLETED,walk-in,,,False,WASTE,2026-06-04T03:46:23.485315+08:00,2026-06-04T03:46:23.485315+08:00
933,"{""id"": 880, ""order_detail"": {""id"": 933, ""slip_number"": ""9741064"", ""order_type"": ""DINE_IN"", ""payment_method"": ""CASH"", ""table_number"": """", ""items_json"": [{""productId"": 10, ""name"": ""Leg - Only"", ""price"": 139, ""quantity"": 1, ""discount"": 0}], ""order_mode"": ""REGULAR""}, ""android_id"": null, ""total"": ""139.00"", ""completed_at"": ""2026-06-02T11:57:51.449628+08:00"", ""order"": 933}",,9741064,DINE_IN,CASH,"[{""productId"": 10, ""name"": ""Leg - Only"", ""price"": 139, ""quantity"": 1, ""discount"": 0}]",139.00,COMPLETED,walk-in,,,False,REGULAR,2026-06-04T03:46:23.482799+08:00,2026-06-04T03:46:23.483806+08:00
934,"{""id"": 881, ""order_detail"": {""id"": 934, ""slip_number"": ""9741065"", ""order_type"": ""DINE_IN"", ""payment_method"": ""CASH"", ""table_number"": """", ""items_json"": [{""productId"": 11, ""name"": ""Wings - One Piece Only"", ""price"": 69, ""quantity"": 1, ""discount"": 0}], ""order_mode"": ""REGULAR""}, ""android_id"": null, ""total"": ""69.00"", ""completed_at"": ""2026-06-02T14:36:19.445000+08:00"", ""order"": 934}",,9741065,DINE_IN,CASH,"[{""productId"": 11, ""name"": ""Wings - One Piece Only"", ""price"": 69, ""quantity"": 1, ""discount"": 0}]",69.00,COMPLETED,walk-in,,,False,REGULAR,2026-06-04T03:46:23.476377+08:00,2026-06-04T03:46:23.476377+08:00
935,"{""id"": 882, ""order_detail"": {""id"": 935, ""slip_number"": ""9741066"", ""order_type"": ""DINE_IN"", ""payment_method"": ""CASH"", ""table_number"": """", ""items_json"": [{""productId"": 8, ""name"": ""Liempo - Unli"", ""price"": 199, ""quantity"": 1, ""discount"": 0}, {""productId"": 9, ""name"": ""BBQ - Unli"", ""price"": 149, ""quantity"": 1, ""discount"": 0}, {""productId"": 1, ""name"": ""Coke - 1.5"", ""price"": 120, ""quantity"": 1, ""discount"": 0}], ""order_mode"": ""REGULAR""}, ""android_id"": null, ""total"": ""468.00"", ""completed_at"": ""2026-06-02T14:43:19.935414+08:00"", ""order"": 935}",,9741066,DINE_IN,CASH,"[{""productId"": 8, ""name"": ""Liempo - Unli"", ""price"": 199, ""quantity"": 1, ""discount"": 0}, {""productId"": 9, ""name"": ""BBQ - Unli"", ""price"": 149, ""quantity"": 1, ""discount"": 0}, {""productId"": 1, ""name"": ""Coke - 1.5"", ""price"": 120, ""quantity"": 1, ""discount"": 0}]",468.00,COMPLETED,walk-in,,,False,REGULAR,2026-06-04T03:46:23.474236+08:00,2026-06-04T03:46:23.474236+08:00
936,"{""id"": 883, ""order_detail"": {""id"": 936, ""slip_number"": ""9741067"", ""order_type"": ""DINE_IN"", ""payment_method"": ""CASH"", ""table_number"": """", ""items_json"": [{""productId"": 7, ""name"": ""Pechopak - Unli"", ""price"": 179, ""quantity"": 1, ""discount"": 0}, {""productId"": 11, ""name"": ""Wings - Meal"", ""price"": 129, ""quantity"": 1, ""discount"": 0}], ""order_mode"": ""REGULAR""}, ""android_id"": null, ""total"": ""308.00"", ""completed_at"": ""2026-06-02T15:43:18.704693+08:00"", ""order"": 936}",,9741067,DINE_IN,CASH,"[{""productId"": 7, ""name"": ""Pechopak - Unli"", ""price"": 179, ""quantity"": 1, ""discount"": 0}, {""productId"": 11, ""name"": ""Wings - Meal"", ""price"": 129, ""quantity"": 1, ""discount"": 0}]",308.00,COMPLETED,walk-in,,,False,REGULAR,2026-06-04T03:46:23.465233+08:00,2026-06-04T03:46:23.465233+08:00
937,"{""id"": 884, ""order_detail"": {""id"": 937, ""slip_number"": ""9741068"", ""order_type"": ""DINE_IN"", ""payment_method"": ""CASH"", ""table_number"": """", ""items_json"": [{""productId"": 10, ""name"": ""Leg - Unli"", ""price"": 159, ""quantity"": 2, ""discount"": 0}, {""productId"": 4, ""name"": ""Royal - Mismo"", ""price"": 25, ""quantity"": 2, ""discount"": 0}], ""order_mode"": ""REGULAR""}, ""android_id"": null, ""total"": ""368.00"", ""completed_at"": ""2026-06-02T16:51:11.382762+08:00"", ""order"": 937}",,9741068,DINE_IN,CASH,"[{""productId"": 10, ""name"": ""Leg - Unli"", ""price"": 159, ""quantity"": 2, ""discount"": 0}, {""productId"": 4, ""name"": ""Royal - Mismo"", ""price"": 25, ""quantity"": 2, ""discount"": 0}]",368.00,COMPLETED,walk-in,,,False,REGULAR,2026-06-04T03:46:23.461707+08:00,2026-06-04T03:46:23.461707+08:00
938,"{""id"": 885, ""order_detail"": {""id"": 938, ""slip_number"": ""9741069"", ""order_type"": ""DINE_IN"", ""payment_method"": ""CASH"", ""table_number"": ""3"", ""items_json"": [{""productId"": 10, ""name"": ""Leg - Unli"", ""price"": 159, ""quantity"": 1, ""discount"": 0}, {""productId"": 9, ""name"": ""BBQ - Meal"", ""price"": 139, ""quantity"": 1, ""discount"": 0}, {""productId"": 1, ""name"": ""Coke - Mismo"", ""price"": 25, ""quantity"": 2, ""discount"": 0}], ""order_mode"": ""REGULAR""}, ""android_id"": null, ""total"": ""348.00"", ""completed_at"": ""2026-06-02T18:46:19.109646+08:00"", ""order"": 938}",,9741069,DINE_IN,CASH,"[{""productId"": 10, ""name"": ""Leg - Unli"", ""price"": 159, ""quantity"": 1, ""discount"": 0}, {""productId"": 9, ""name"": ""BBQ - Meal"", ""price"": 139, ""quantity"": 1, ""discount"": 0}, {""productId"": 1, ""name"": ""Coke - Mismo"", ""price"": 25, ""quantity"": 2, ""discount"": 0}]",348.00,COMPLETED,walk-in,3,,False,REGULAR,2026-06-04T03:46:23.455748+08:00,2026-06-04T03:46:23.455748+08:00
939,"{""id"": 886, ""order_detail"": {""id"": 939, ""slip_number"": ""9741070"", ""order_type"": ""DINE_IN"", ""payment_method"": ""CASH"", ""table_number"": ""1"", ""items_json"": [{""productId"": 10, ""name"": ""Leg - Meal"", ""price"": 149, ""quantity"": 1, ""discount"": 0}, {""productId"": 10, ""name"": ""Leg - Unli"", ""price"": 159, ""quantity"": 1, ""discount"": 0}, {""productId"": 3, ""name"": ""Icetea - Icetea Glass"", ""price"": 39, ""quantity"": 2, ""discount"": 0}], ""order_mode"": ""REGULAR""}, ""android_id"": null, ""total"": ""386.00"", ""completed_at"": ""2026-06-02T18:54:27.417540+08:00"", ""order"": 939}",,9741070,DINE_IN,CASH,"[{""productId"": 10, ""name"": ""Leg - Meal"", ""price"": 149, ""quantity"": 1, ""discount"": 0}, {""productId"": 10, ""name"": ""Leg - Unli"", ""price"": 159, ""quantity"": 1, ""discount"": 0}, {""productId"": 3, ""name"": ""Icetea - Icetea Glass"", ""price"": 39, ""quantity"": 2, ""discount"": 0}]",386.00,COMPLETED,walk-in,1,,False,REGULAR,2026-06-04T03:46:23.452585+08:00,2026-06-04T03:46:23.452585+08:00
940,"{""id"": 887, ""order_detail"": {""id"": 940, ""slip_number"": ""9741071"", ""order_type"": ""DINE_IN"", ""payment_method"": ""CASH"", ""table_number"": ""5"", ""items_json"": [{""productId"": 7, ""name"": ""Pechopak - Unli"", ""price"": 179, ""quantity"": 2, ""discount"": 0}, {""productId"": 3, ""name"": ""Icetea - Icetea Pitcher"", ""price"": 129, ""quantity"": 1, ""discount"": 0}], ""order_mode"": ""REGULAR""}, ""android_id"": null, ""total"": ""487.00"", ""completed_at"": ""2026-06-02T19:11:51.735311+08:00"", ""order"": 940}",,9741071,DINE_IN,CASH,"[{""productId"": 7, ""name"": ""Pechopak - Unli"", ""price"": 179, ""quantity"": 2, ""discount"": 0}, {""productId"": 3, ""name"": ""Icetea - Icetea Pitcher"", ""price"": 129, ""quantity"": 1, ""discount"": 0}]",487.00,COMPLETED,walk-in,5,,False,REGULAR,2026-06-04T03:46:23.445585+08:00,2026-06-04T03:46:23.445585+08:00
941,"{""id"": 889, ""order_detail"": {""id"": 941, ""slip_number"": ""9741072"", ""order_type"": ""DINE_IN"", ""payment_method"": ""CASH"", ""table_number"": ""2"", ""items_json"": [{""productId"": 9, ""name"": ""BBQ - Unli"", ""price"": 149, ""quantity"": 1, ""discount"": 0}, {""productId"": 5, ""name"": ""Sprite - Mismo"", ""price"": 25, ""quantity"": 1, ""discount"": 0}], ""order_mode"": ""REGULAR""}, ""android_id"": null, ""total"": ""174.00"", ""completed_at"": ""2026-06-02T19:20:27.454643+08:00"", ""order"": 941}",,9741072,DINE_IN,CASH,"[{""productId"": 9, ""name"": ""BBQ - Unli"", ""price"": 149, ""quantity"": 1, ""discount"": 0}, {""productId"": 5, ""name"": ""Sprite - Mismo"", ""price"": 25, ""quantity"": 1, ""discount"": 0}]",174.00,COMPLETED,walk-in,2,,False,REGULAR,2026-06-04T03:46:23.443541+08:00,2026-06-04T03:46:23.443541+08:00
942,"{""id"": 888, ""order_detail"": {""id"": 942, ""slip_number"": ""9741073"", ""order_type"": ""DINE_IN"", ""payment_method"": ""CASH"", ""table_number"": ""1"", ""items_json"": [{""productId"": 7, ""name"": ""Pechopak - Only"", ""price"": 159, ""quantity"": 1, ""discount"": 0}], ""order_mode"": ""REGULAR""}, ""android_id"": null, ""total"": ""159.00"", ""completed_at"": ""2026-06-02T19:13:58.540836+08:00"", ""order"": 942}",,9741073,DINE_IN,CASH,"[{""productId"": 7, ""name"": ""Pechopak - Only"", ""price"": 159, ""quantity"": 1, ""discount"": 0}]",159.00,COMPLETED,walk-in,1,,False,REGULAR,2026-06-04T03:46:23.436031+08:00,2026-06-04T03:46:23.436031+08:00
943,"{""id"": 890, ""order_detail"": {""id"": 943, ""slip_number"": ""9741074"", ""order_type"": ""DELIVERY"", ""payment_method"": ""GCASH"", ""table_number"": """", ""items_json"": [{""productId"": 10, ""name"": ""Leg - Meal"", ""price"": 149, ""quantity"": 1, ""discount"": 0}, {""productId"": -1, ""name"": ""Delivery Fee"", ""price"": 30, ""quantity"": 1, ""discount"": 0}], ""order_mode"": ""REGULAR""}, ""android_id"": null, ""total"": ""179.00"", ""completed_at"": ""2026-06-02T19:20:28.156047+08:00"", ""order"": 943}",,9741074,DELIVERY,GCASH,"[{""productId"": 10, ""name"": ""Leg - Meal"", ""price"": 149, ""quantity"": 1, ""discount"": 0}, {""productId"": -1, ""name"": ""Delivery Fee"", ""price"": 30, ""quantity"": 1, ""discount"": 0}]",179.00,COMPLETED,walk-in,,,False,REGULAR,2026-06-04T03:46:23.434032+08:00,2026-06-04T03:46:23.434032+08:00
944,"{""id"": 891, ""order_detail"": {""id"": 944, ""slip_number"": ""9741075"", ""order_type"": ""DINE_IN"", ""payment_method"": ""CASH"", ""table_number"": ""2"", ""items_json"": [{""productId"": 7, ""name"": ""Pechopak - Unli"", ""price"": 179, ""quantity"": 1, ""discount"": 0}, {""productId"": 11, ""name"": ""Wings - One Piece Meal"", ""price"": 79, ""quantity"": 1, ""discount"": 0}, {""productId"": 3, ""name"": ""Icetea - Icetea Glass"", ""price"": 39, ""quantity"": 1, ""discount"": 0}], ""order_mode"": ""REGULAR""}, ""android_id"": null, ""total"": ""297.00"", ""completed_at"": ""2026-06-02T19:57:50.716568+08:00"", ""order"": 944}",,9741075,DINE_IN,CASH,"[{""productId"": 7, ""name"": ""Pechopak - Unli"", ""price"": 179, ""quantity"": 1, ""discount"": 0}, {""productId"": 11, ""name"": ""Wings - One Piece Meal"", ""price"": 79, ""quantity"": 1, ""discount"": 0}, {""productId"": 3, ""name"": ""Icetea - Icetea Glass"", ""price"": 39, ""quantity"": 1, ""discount"": 0}]",297.00,COMPLETED,walk-in,2,,False,REGULAR,2026-06-04T03:46:23.428002+08:00,2026-06-04T03:46:23.428002+08:00
945,"{""id"": 893, ""order_detail"": {""id"": 945, ""slip_number"": ""9741076"", ""order_type"": ""DINE_IN"", ""payment_method"": ""GCASH"", ""table_number"": """", ""items_json"": [{""productId"": 7, ""name"": ""Pechopak - Only"", ""price"": 159, ""quantity"": 1, ""discount"": 0}], ""order_mode"": ""REGULAR""}, ""android_id"": null, ""total"": ""159.00"", ""completed_at"": ""2026-06-02T20:56:40.025674+08:00"", ""order"": 945}",,9741076,DINE_IN,GCASH,"[{""productId"": 7, ""name"": ""Pechopak - Only"", ""price"": 159, ""quantity"": 1, ""discount"": 0}]",159.00,COMPLETED,walk-in,,,False,REGULAR,2026-06-04T03:46:23.416404+08:00,2026-06-04T03:46:23.416404+08:00
946,"{""id"": 892, ""order_detail"": {""id"": 946, ""slip_number"": ""9741077"", ""order_type"": ""DINE_IN"", ""payment_method"": ""CASH"", ""table_number"": ""3"", ""items_json"": [{""productId"": 7, ""name"": ""Pechopak - Unli"", ""price"": 179, ""quantity"": 2, ""discount"": 0}, {""productId"": 1, ""name"": ""Coke - Mismo"", ""price"": 25, ""quantity"": 1}], ""order_mode"": ""REGULAR""}, ""android_id"": null, ""total"": ""383.00"", ""completed_at"": ""2026-06-02T20:56:36.118916+08:00"", ""order"": 946}",,9741077,DINE_IN,CASH,"[{""productId"": 7, ""name"": ""Pechopak - Unli"", ""price"": 179, ""quantity"": 2, ""discount"": 0}, {""productId"": 1, ""name"": ""Coke - Mismo"", ""price"": 25, ""quantity"": 1}]",383.00,COMPLETED,walk-in,3,,False,REGULAR,2026-06-04T03:46:23.413398+08:00,2026-06-04T03:46:23.413398+08:00
947,"{""id"": 895, ""order_detail"": {""id"": 947, ""slip_number"": ""9741078"", ""order_type"": ""DINE_IN"", ""payment_method"": ""CASH"", ""table_number"": ""5"", ""items_json"": [{""productId"": 8, ""name"": ""Liempo - Unli"", ""price"": 199, ""quantity"": 1, ""discount"": 0}, {""productId"": 10, ""name"": ""Leg - Unli"", ""price"": 159, ""quantity"": 1, ""discount"": 0}, {""productId"": 9, ""name"": ""BBQ - One Piece Only"", ""price"": 79, ""quantity"": 1, ""discount"": 0}, {""productId"": 3, ""name"": ""Icetea - Icetea Glass"", ""price"": 39, ""quantity"": 1, ""discount"": 0}], ""order_mode"": ""REGULAR""}, ""android_id"": null, ""total"": ""476.00"", ""completed_at"": ""2026-06-02T22:16:14.390634+08:00"", ""order"": 947}",,9741078,DINE_IN,CASH,"[{""productId"": 8, ""name"": ""Liempo - Unli"", ""price"": 199, ""quantity"": 1, ""discount"": 0}, {""productId"": 10, ""name"": ""Leg - Unli"", ""price"": 159, ""quantity"": 1, ""discount"": 0}, {""productId"": 9, ""name"": ""BBQ - One Piece Only"", ""price"": 79, ""quantity"": 1, ""discount"": 0}, {""productId"": 3, ""name"": ""Icetea - Icetea Glass"", ""price"": 39, ""quantity"": 1, ""discount"": 0}]",476.00,COMPLETED,walk-in,5,,False,REGULAR,2026-06-04T03:46:23.406379+08:00,2026-06-04T03:46:23.406379+08:00
948,"{""id"": 894, ""order_detail"": {""id"": 948, ""slip_number"": ""9741079"", ""order_type"": ""DINE_IN"", ""payment_method"": ""GCASH"", ""table_number"": """", ""items_json"": [{""productId"": 3, ""name"": ""Icetea - Icetea Glass"", ""price"": 39, ""quantity"": 1, ""discount"": 0}], ""order_mode"": ""REGULAR""}, ""android_id"": null, ""total"": ""39.00"", ""completed_at"": ""2026-06-02T22:16:10.698524+08:00"", ""order"": 948}",,9741079,DINE_IN,GCASH,"[{""productId"": 3, ""name"": ""Icetea - Icetea Glass"", ""price"": 39, ""quantity"": 1, ""discount"": 0}]",39.00,COMPLETED,walk-in,,,False,REGULAR,2026-06-04T03:46:23.403571+08:00,2026-06-04T03:46:23.403571+08:00
949,"{""id"": 897, ""order_detail"": {""id"": 949, ""slip_number"": ""9741080"", ""order_type"": ""TAKE_OUT"", ""payment_method"": ""CASH"", ""table_number"": ""5"", ""items_json"": [{""productId"": 10, ""name"": ""Leg - Meal"", ""price"": 149, ""quantity"": 2, ""discount"": 0}, {""productId"": 11, ""name"": ""Wings - Meal"", ""price"": 129, ""quantity"": 2, ""discount"": 0}], ""order_mode"": ""REGULAR""}, ""android_id"": null, ""total"": ""556.00"", ""completed_at"": ""2026-06-02T23:06:45.860879+08:00"", ""order"": 949}",,9741080,TAKE_OUT,CASH,"[{""productId"": 10, ""name"": ""Leg - Meal"", ""price"": 149, ""quantity"": 2, ""discount"": 0}, {""productId"": 11, ""name"": ""Wings - Meal"", ""price"": 129, ""quantity"": 2, ""discount"": 0}]",556.00,COMPLETED,walk-in,5,,False,REGULAR,2026-06-04T03:46:23.395043+08:00,2026-06-04T03:46:23.395043+08:00
950,"{""id"": 896, ""order_detail"": {""id"": 950, ""slip_number"": ""9741081"", ""order_type"": ""DINE_IN"", ""payment_method"": ""CASH"", ""table_number"": ""3"", ""items_json"": [{""productId"": 11, ""name"": ""Wings - One Piece Meal"", ""price"": 79, ""quantity"": 1, ""discount"": 0}], ""order_mode"": ""REGULAR""}, ""android_id"": null, ""total"": ""79.00"", ""completed_at"": ""2026-06-02T23:00:30.736490+08:00"", ""order"": 950}",,9741081,DINE_IN,CASH,"[{""productId"": 11, ""name"": ""Wings - One Piece Meal"", ""price"": 79, ""quantity"": 1, ""discount"": 0}]",79.00,COMPLETED,walk-in,3,,False,REGULAR,2026-06-04T03:46:23.393042+08:00,2026-06-04T03:46:23.393042+08:00
951,"{""id"": 898, ""order_detail"": {""id"": 951, ""slip_number"": ""9741082"", ""order_type"": ""DINE_IN"", ""payment_method"": ""CASH"", ""table_number"": """", ""items_json"": [{""productId"": 4, ""name"": ""Royal - Mismo"", ""price"": 25, ""quantity"": 1, ""discount"": 0}, {""productId"": 3, ""name"": ""Icetea - Icetea Glass"", ""price"": 39, ""quantity"": 1, ""discount"": 0}], ""order_mode"": ""REGULAR""}, ""android_id"": null, ""total"": ""64.00"", ""completed_at"": ""2026-06-03T14:22:12.591712+08:00"", ""order"": 951}",,9741082,DINE_IN,CASH,"[{""productId"": 4, ""name"": ""Royal - Mismo"", ""price"": 25, ""quantity"": 1, ""discount"": 0}, {""productId"": 3, ""name"": ""Icetea - Icetea Glass"", ""price"": 39, ""quantity"": 1, ""discount"": 0}]",64.00,COMPLETED,walk-in,,,False,REGULAR,2026-06-04T03:46:23.383517+08:00,2026-06-04T03:46:23.383517+08:00
952,"{""id"": 899, ""order_detail"": {""id"": 952, ""slip_number"": ""9741083"", ""order_type"": ""TAKE_OUT"", ""payment_method"": ""CASH"", ""table_number"": """", ""items_json"": [{""productId"": 7, ""name"": ""Pechopak - Meal"", ""price"": 169, ""quantity"": 2, ""discount"": 0}], ""order_mode"": ""REGULAR""}, ""android_id"": null, ""total"": ""338.00"", ""completed_at"": ""2026-06-03T15:31:24.921094+08:00"", ""order"": 952}",,9741083,TAKE_OUT,CASH,"[{""productId"": 7, ""name"": ""Pechopak - Meal"", ""price"": 169, ""quantity"": 2, ""discount"": 0}]",338.00,COMPLETED,walk-in,,,False,REGULAR,2026-06-04T03:46:23.377224+08:00,2026-06-04T03:46:23.377224+08:00
953,"{""id"": 900, ""order_detail"": {""id"": 953, ""slip_number"": ""9741084"", ""order_type"": ""DINE_IN"", ""payment_method"": ""CASH"", ""table_number"": """", ""items_json"": [{""productId"": 10, ""name"": ""Leg - Unli"", ""price"": 159, ""quantity"": 1, ""discount"": 0}, {""productId"": 1, ""name"": ""Coke - Mismo"", ""price"": 25, ""quantity"": 1, ""discount"": 0}, {""productId"": 12, ""name"": ""Water - Bottled"", ""price"": 20, ""quantity"": 1, ""discount"": 0}], ""order_mode"": ""REGULAR""}, ""android_id"": null, ""total"": ""204.00"", ""completed_at"": ""2026-06-03T15:37:33.445798+08:00"", ""order"": 953}",,9741084,DINE_IN,CASH,"[{""productId"": 10, ""name"": ""Leg - Unli"", ""price"": 159, ""quantity"": 1, ""discount"": 0}, {""productId"": 1, ""name"": ""Coke - Mismo"", ""price"": 25, ""quantity"": 1, ""discount"": 0}, {""productId"": 12, ""name"": ""Water - Bottled"", ""price"": 20, ""quantity"": 1, ""discount"": 0}]",204.00,COMPLETED,walk-in,,,False,REGULAR,2026-06-04T03:46:23.373224+08:00,2026-06-04T03:46:23.373224+08:00
954,"{""id"": 901, ""order_detail"": {""id"": 954, ""slip_number"": ""9741085"", ""order_type"": ""DINE_IN"", ""payment_method"": ""CASH"", ""table_number"": """", ""items_json"": [{""productId"": 1, ""name"": ""Coke - Mismo"", ""price"": 25, ""quantity"": 1, ""discount"": 0}], ""order_mode"": ""REGULAR""}, ""android_id"": null, ""total"": ""25.00"", ""completed_at"": ""2026-06-03T16:00:53.135773+08:00"", ""order"": 954}",,9741085,DINE_IN,CASH,"[{""productId"": 1, ""name"": ""Coke - Mismo"", ""price"": 25, ""quantity"": 1, ""discount"": 0}]",25.00,COMPLETED,walk-in,,,False,REGULAR,2026-06-04T03:46:23.366079+08:00,2026-06-04T03:46:23.366079+08:00
955,"{""id"": 902, ""order_detail"": {""id"": 955, ""slip_number"": ""9741086"", ""order_type"": ""TAKE_OUT"", ""payment_method"": ""CASH"", ""table_number"": ""1"", ""items_json"": [{""productId"": 7, ""name"": ""Pechopak - Unli"", ""price"": 179, ""quantity"": 2, ""discount"": 0}], ""order_mode"": ""REGULAR""}, ""android_id"": null, ""total"": ""358.00"", ""completed_at"": ""2026-06-03T16:30:39.264912+08:00"", ""order"": 955}",,9741086,TAKE_OUT,CASH,"[{""productId"": 7, ""name"": ""Pechopak - Unli"", ""price"": 179, ""quantity"": 2, ""discount"": 0}]",358.00,COMPLETED,walk-in,1,,False,REGULAR,2026-06-04T03:46:23.364076+08:00,2026-06-04T03:46:23.364076+08:00
956,"{""id"": 903, ""order_detail"": {""id"": 956, ""slip_number"": ""9741087"", ""order_type"": ""TAKE_OUT"", ""payment_method"": ""CASH"", ""table_number"": """", ""items_json"": [{""productId"": 3, ""name"": ""Icetea - Icetea Glass"", ""price"": 39, ""quantity"": 2, ""discount"": 0}], ""order_mode"": ""REGULAR""}, ""android_id"": null, ""total"": ""78.00"", ""completed_at"": ""2026-06-03T16:30:42.337687+08:00"", ""order"": 956}",,9741087,TAKE_OUT,CASH,"[{""productId"": 3, ""name"": ""Icetea - Icetea Glass"", ""price"": 39, ""quantity"": 2, ""discount"": 0}]",78.00,COMPLETED,walk-in,,,False,REGULAR,2026-06-04T03:46:23.361890+08:00,2026-06-04T03:46:23.361890+08:00
957,"{""id"": 906, ""order_detail"": {""id"": 957, ""slip_number"": ""9741088"", ""order_type"": ""DINE_IN"", ""payment_method"": ""CASH"", ""table_number"": ""1"", ""items_json"": [{""productId"": 8, ""name"": ""Liempo - Unli"", ""price"": 199, ""quantity"": 2, ""discount"": 0}], ""order_mode"": ""REGULAR""}, ""android_id"": null, ""total"": ""398.00"", ""completed_at"": ""2026-06-03T18:15:09.479244+08:00"", ""order"": 957}",,9741088,DINE_IN,CASH,"[{""productId"": 8, ""name"": ""Liempo - Unli"", ""price"": 199, ""quantity"": 2, ""discount"": 0}]",398.00,COMPLETED,walk-in,1,,False,REGULAR,2026-06-04T03:46:23.354884+08:00,2026-06-04T03:46:23.354884+08:00
958,"{""id"": 905, ""order_detail"": {""id"": 958, ""slip_number"": ""9741089"", ""order_type"": ""DINE_IN"", ""payment_method"": ""CASH"", ""table_number"": ""5"", ""items_json"": [{""productId"": 7, ""name"": ""Pechopak - Unli"", ""price"": 179, ""quantity"": 1, ""discount"": 0}, {""productId"": 7, ""name"": ""Pechopak - Meal"", ""price"": 169, ""quantity"": 1, ""discount"": 0}, {""productId"": 4, ""name"": ""Royal - Mismo"", ""price"": 25, ""quantity"": 1, ""discount"": 0}, {""productId"": 1, ""name"": ""Coke - Mismo"", ""price"": 25, ""quantity"": 1, ""discount"": 0}], ""order_mode"": ""REGULAR""}, ""android_id"": null, ""total"": ""398.00"", ""completed_at"": ""2026-06-03T18:15:06.534677+08:00"", ""order"": 958}",,9741089,DINE_IN,CASH,"[{""productId"": 7, ""name"": ""Pechopak - Unli"", ""price"": 179, ""quantity"": 1, ""discount"": 0}, {""productId"": 7, ""name"": ""Pechopak - Meal"", ""price"": 169, ""quantity"": 1, ""discount"": 0}, {""productId"": 4, ""name"": ""Royal - Mismo"", ""price"": 25, ""quantity"": 1, ""discount"": 0}, {""productId"": 1, ""name"": ""Coke - Mismo"", ""price"": 25, ""quantity"": 1, ""discount"": 0}]",398.00,COMPLETED,walk-in,5,,False,REGULAR,2026-06-04T03:46:23.351805+08:00,2026-06-04T03:46:23.351805+08:00
959,"{""id"": 904, ""order_detail"": {""id"": 959, ""slip_number"": ""9741090"", ""order_type"": ""TAKE_OUT"", ""payment_method"": ""CASH"", ""table_number"": """", ""items_json"": [{""productId"": 7, ""name"": ""Pechopak - Unli"", ""price"": 179, ""quantity"": 1, ""discount"": 0}], ""order_mode"": ""REGULAR""}, ""android_id"": null, ""total"": ""179.00"", ""completed_at"": ""2026-06-03T18:15:03.103796+08:00"", ""order"": 959}",,9741090,TAKE_OUT,CASH,"[{""productId"": 7, ""name"": ""Pechopak - Unli"", ""price"": 179, ""quantity"": 1, ""discount"": 0}]",179.00,COMPLETED,walk-in,,,False,REGULAR,2026-06-04T03:46:23.345464+08:00,2026-06-04T03:46:23.345464+08:00
960,"{""id"": 907, ""order_detail"": {""id"": 960, ""slip_number"": ""9741091"", ""order_type"": ""DINE_IN"", ""payment_method"": ""CASH"", ""table_number"": ""4"", ""items_json"": [{""productId"": 8, ""name"": ""Liempo - Meal"", ""price"": 189, ""quantity"": 1, ""discount"": 0}, {""productId"": 7, ""name"": ""Pechopak - Meal"", ""price"": 169, ""quantity"": 1, ""discount"": 0}, {""productId"": 7, ""name"": ""Pechopak - Unli"", ""price"": 179, ""quantity"": 1}], ""order_mode"": ""REGULAR""}, ""android_id"": null, ""total"": ""537.00"", ""completed_at"": ""2026-06-03T18:46:16.201950+08:00"", ""order"": 960}",,9741091,DINE_IN,CASH,"[{""productId"": 8, ""name"": ""Liempo - Meal"", ""price"": 189, ""quantity"": 1, ""discount"": 0}, {""productId"": 7, ""name"": ""Pechopak - Meal"", ""price"": 169, ""quantity"": 1, ""discount"": 0}, {""productId"": 7, ""name"": ""Pechopak - Unli"", ""price"": 179, ""quantity"": 1}]",537.00,COMPLETED,walk-in,4,,False,REGULAR,2026-06-04T03:46:23.342461+08:00,2026-06-04T03:46:23.342461+08:00
961,"{""id"": 908, ""order_detail"": {""id"": 961, ""slip_number"": ""9741092"", ""order_type"": ""TAKE_OUT"", ""payment_method"": ""CASH"", ""table_number"": """", ""items_json"": [{""productId"": 8, ""name"": ""Liempo - Meal"", ""price"": 189, ""quantity"": 1}], ""order_mode"": ""REGULAR""}, ""android_id"": null, ""total"": ""189.00"", ""completed_at"": ""2026-06-03T18:46:17.585447+08:00"", ""order"": 961}",,9741092,TAKE_OUT,CASH,"[{""productId"": 8, ""name"": ""Liempo - Meal"", ""price"": 189, ""quantity"": 1}]",189.00,COMPLETED,walk-in,,,False,REGULAR,2026-06-04T03:46:23.339948+08:00,2026-06-04T03:46:23.339948+08:00
962,"{""id"": 909, ""order_detail"": {""id"": 962, ""slip_number"": ""9741093"", ""order_type"": ""DINE_IN"", ""payment_method"": ""CASH"", ""table_number"": ""4"", ""items_json"": [{""productId"": 8, ""name"": ""Liempo - Meal"", ""price"": 189, ""quantity"": 1, ""discount"": 0}, {""productId"": 9, ""name"": ""BBQ - Unli"", ""price"": 149, ""quantity"": 1, ""discount"": 0}, {""productId"": 1, ""name"": ""Coke - 1 Glass"", ""price"": 30, ""quantity"": 1, ""discount"": 0}], ""order_mode"": ""REGULAR""}, ""android_id"": null, ""total"": ""368.00"", ""completed_at"": ""2026-06-03T20:23:54.248359+08:00"", ""order"": 962}",,9741093,DINE_IN,CASH,"[{""productId"": 8, ""name"": ""Liempo - Meal"", ""price"": 189, ""quantity"": 1, ""discount"": 0}, {""productId"": 9, ""name"": ""BBQ - Unli"", ""price"": 149, ""quantity"": 1, ""discount"": 0}, {""productId"": 1, ""name"": ""Coke - 1 Glass"", ""price"": 30, ""quantity"": 1, ""discount"": 0}]",368.00,COMPLETED,walk-in,4,,False,REGULAR,2026-06-04T03:46:23.337948+08:00,2026-06-04T03:46:23.337948+08:00
963,"{""id"": 910, ""order_detail"": {""id"": 963, ""slip_number"": ""9741094"", ""order_type"": ""DINE_IN"", ""payment_method"": ""GCASH"", ""table_number"": """", ""items_json"": [{""productId"": 10, ""name"": ""Leg - Unli"", ""price"": 159, ""quantity"": 1, ""discount"": 0}, {""productId"": 8, ""name"": ""Liempo - Unli"", ""price"": 199, ""quantity"": 1, ""discount"": 0}], ""order_mode"": ""REGULAR""}, ""android_id"": null, ""total"": ""358.00"", ""completed_at"": ""2026-06-03T20:34:37.497236+08:00"", ""order"": 963}",,9741094,DINE_IN,GCASH,"[{""productId"": 10, ""name"": ""Leg - Unli"", ""price"": 159, ""quantity"": 1, ""discount"": 0}, {""productId"": 8, ""name"": ""Liempo - Unli"", ""price"": 199, ""quantity"": 1, ""discount"": 0}]",358.00,COMPLETED,walk-in,,,False,REGULAR,2026-06-04T03:46:23.335942+08:00,2026-06-04T03:46:23.335942+08:00
964,"{""id"": 912, ""order_detail"": {""id"": 964, ""slip_number"": ""9741095"", ""order_type"": ""DINE_IN"", ""payment_method"": ""CASH"", ""table_number"": """", ""items_json"": [{""productId"": 8, ""name"": ""Liempo - Only"", ""price"": 179, ""quantity"": 1, ""discount"": 0}], ""order_mode"": ""REGULAR""}, ""android_id"": null, ""total"": ""179.00"", ""completed_at"": ""2026-06-03T23:58:00+08:00"", ""order"": 964}",,9741095,DINE_IN,CASH,"[{""productId"": 8, ""name"": ""Liempo - Only"", ""price"": 179, ""quantity"": 1, ""discount"": 0}]",179.00,COMPLETED,walk-in,,MARK WARREN PANTAS,False,REGULAR,2026-06-04T03:46:23.332436+08:00,2026-06-04T03:46:23.332436+08:00
965,"{""id"": 911, ""order_detail"": {""id"": 965, ""slip_number"": ""9741096"", ""order_type"": ""DINE_IN"", ""payment_method"": ""CASH"", ""table_number"": ""1"", ""items_json"": [{""productId"": 10, ""name"": ""Leg - Unli"", ""price"": 159, ""quantity"": 1, ""discount"": 0}], ""order_mode"": ""REGULAR""}, ""android_id"": null, ""total"": ""159.00"", ""completed_at"": ""2026-06-03T22:31:23.149635+08:00"", ""order"": 965}",,9741096,DINE_IN,CASH,"[{""productId"": 10, ""name"": ""Leg - Unli"", ""price"": 159, ""quantity"": 1, ""discount"": 0}]",159.00,COMPLETED,walk-in,1,,False,REGULAR,2026-06-04T03:46:23.329178+08:00,2026-06-04T03:46:23.329178+08:00
966,"{""id"": 913, ""order_detail"": {""id"": 966, ""slip_number"": ""3"", ""order_type"": ""DINE_IN"", ""payment_method"": """", ""table_number"": """", ""items_json"": [{""productId"": 11, ""name"": ""Wings - Bulk Wings per piece"", ""price"": 50, ""quantity"": 280, ""discount"": 0}], ""order_mode"": ""BULK""}, ""android_id"": null, ""total"": ""14000.00"", ""completed_at"": ""2026-05-26T02:59:00+08:00"", ""order"": 966}",,3,DINE_IN,,"[{""productId"": 11, ""name"": ""Wings - Bulk Wings per piece"", ""price"": 50, ""quantity"": 280, ""discount"": 0}]",14000.00,COMPLETED,walk-in,,Leny,False,BULK,2026-06-04T03:46:23.312097+08:00,2026-06-04T03:46:23.312097+08:00
