id,order_detail,android_id,total,completed_at,order
931,"{""id"": 985, ""slip_number"": ""9741114"", ""order_type"": ""DINE_IN"", ""payment_method"": ""CASH"", ""table_number"": ""1"", ""items_json"": [{""productId"": 9, ""name"": ""BBQ - Meal"", ""price"": 139, ""quantity"": 1, ""discount"": 0}, {""productId"": 7, ""name"": ""Pechopak - Meal"", ""price"": 169, ""quantity"": 1, ""discount"": 0}, {""productId"": 3, ""name"": ""Icetea - Icetea Glass"", ""price"": 39, ""quantity"": 1, ""discount"": 0}], ""order_mode"": ""REGULAR""}",,347.00,2026-06-04T22:26:58.196804+08:00,985
930,"{""id"": 986, ""slip_number"": ""9741115"", ""order_type"": ""DINE_IN"", ""payment_method"": ""CASH"", ""table_number"": """", ""items_json"": [{""productId"": 8, ""name"": ""Liempo - Unli"", ""price"": 199, ""quantity"": 1, ""discount"": 0}, {""productId"": 3, ""name"": ""Icetea - Icetea Glass"", ""price"": 39, ""quantity"": 1}], ""order_mode"": ""REGULAR""}",,238.00,2026-06-04T22:26:35.280723+08:00,986
929,"{""id"": 984, ""slip_number"": ""9741113"", ""order_type"": ""TAKE_OUT"", ""payment_method"": ""CASH"", ""table_number"": ""2"", ""items_json"": [{""productId"": 7, ""name"": ""Pechopak - Unli"", ""price"": 179, ""quantity"": 1, ""discount"": 0}], ""order_mode"": ""REGULAR""}",,179.00,2026-06-04T22:11:07.173300+08:00,984
928,"{""id"": 983, ""slip_number"": ""9741112"", ""order_type"": ""DINE_IN"", ""payment_method"": ""CASH"", ""table_number"": ""2"", ""items_json"": [{""productId"": 7, ""name"": ""Pechopak - Unli"", ""price"": 179, ""quantity"": 3, ""discount"": 0}], ""order_mode"": ""REGULAR""}",,537.00,2026-06-04T22:11:01.033552+08:00,983
927,"{""id"": 982, ""slip_number"": ""9741111"", ""order_type"": ""DINE_IN"", ""payment_method"": ""GCASH"", ""table_number"": ""1"", ""items_json"": [{""productId"": 7, ""name"": ""Pechopak - Unli"", ""price"": 179, ""quantity"": 2, ""discount"": 0}, {""productId"": 3, ""name"": ""Icetea - Icetea Pitcher"", ""price"": 129, ""quantity"": 1, ""discount"": 0}], ""order_mode"": ""REGULAR""}",,487.00,2026-06-04T21:26:05.879357+08:00,982
926,"{""id"": 981, ""slip_number"": ""9741110"", ""order_type"": ""DINE_IN"", ""payment_method"": ""CASH"", ""table_number"": ""5"", ""items_json"": [{""productId"": 10, ""name"": ""Leg - Unli"", ""price"": 159, ""quantity"": 3, ""discount"": 0}, {""productId"": 1, ""name"": ""Coke - 1.5"", ""price"": 120, ""quantity"": 1, ""discount"": 0}], ""order_mode"": ""REGULAR""}",,597.00,2026-06-04T21:26:01.010979+08:00,981
925,"{""id"": 980, ""slip_number"": ""9741109"", ""order_type"": ""DINE_IN"", ""payment_method"": ""CASH"", ""table_number"": ""2"", ""items_json"": [{""productId"": 10, ""name"": ""Leg - Meal"", ""price"": 149, ""quantity"": 1, ""discount"": 0}, {""productId"": 11, ""name"": ""Wings - One Piece Meal"", ""price"": 79, ""quantity"": 1, ""discount"": 0}, {""productId"": 9, ""name"": ""BBQ - One Piece Meal"", ""price"": 89, ""quantity"": 1, ""discount"": 0}], ""order_mode"": ""REGULAR""}",,317.00,2026-06-04T20:35:47.175264+08:00,980
924,"{""id"": 979, ""slip_number"": ""9741108"", ""order_type"": ""DINE_IN"", ""payment_method"": ""CASH"", ""table_number"": ""4"", ""items_json"": [{""productId"": 11, ""name"": ""Wings - One Piece Meal"", ""price"": 79, ""quantity"": 2, ""discount"": 0}], ""order_mode"": ""REGULAR""}",,158.00,2026-06-04T20:27:16.797560+08:00,979
923,"{""id"": 978, ""slip_number"": ""9741107"", ""order_type"": ""DINE_IN"", ""payment_method"": ""CASH"", ""table_number"": ""1"", ""items_json"": [{""productId"": 10, ""name"": ""Leg - Meal"", ""price"": 149, ""quantity"": 1, ""discount"": 0}, {""productId"": 7, ""name"": ""Pechopak - Unli"", ""price"": 179, ""quantity"": 1, ""discount"": 0}], ""order_mode"": ""REGULAR""}",,328.00,2026-06-04T20:27:13.918823+08:00,978
922,"{""id"": 977, ""slip_number"": ""9741106"", ""order_type"": ""TAKE_OUT"", ""payment_method"": ""CASH"", ""table_number"": ""1"", ""items_json"": [{""productId"": 7, ""name"": ""Pechopak - Meal"", ""price"": 169, ""quantity"": 1, ""discount"": 0}], ""order_mode"": ""REGULAR""}",,169.00,2026-06-04T19:37:07.694865+08:00,977
921,"{""id"": 976, ""slip_number"": ""9741105"", ""order_type"": ""DINE_IN"", ""payment_method"": ""CASH"", ""table_number"": ""1"", ""items_json"": [{""productId"": 9, ""name"": ""BBQ - Meal"", ""price"": 139, ""quantity"": 2, ""discount"": 0}, {""productId"": 10, ""name"": ""Leg - Meal"", ""price"": 149, ""quantity"": 2, ""discount"": 0}], ""order_mode"": ""REGULAR""}",,576.00,2026-06-04T19:04:40.356848+08:00,976
920,"{""id"": 975, ""slip_number"": ""9741104"", ""order_type"": ""DINE_IN"", ""payment_method"": ""CASH"", ""table_number"": ""1"", ""items_json"": [{""productId"": 13, ""name"": ""Choco Ice cream fudge"", ""price"": 149, ""quantity"": 1, ""discount"": 0}], ""order_mode"": ""REGULAR""}",,149.00,2026-06-04T18:54:17.106560+08:00,975
919,"{""id"": 974, ""slip_number"": ""9741103"", ""order_type"": ""DINE_IN"", ""payment_method"": ""CASH"", ""table_number"": ""4"", ""items_json"": [{""productId"": 10, ""name"": ""Leg - Meal"", ""price"": 149, ""quantity"": 2, ""discount"": 0}, {""productId"": 9, ""name"": ""BBQ - Meal"", ""price"": 139, ""quantity"": 2, ""discount"": 0}], ""order_mode"": ""REGULAR""}",,576.00,2026-06-04T18:41:34.409960+08:00,974
918,"{""id"": 973, ""slip_number"": ""9741102"", ""order_type"": ""DINE_IN"", ""payment_method"": ""GCASH"", ""table_number"": ""1"", ""items_json"": [{""productId"": 7, ""name"": ""Pechopak - Unli"", ""price"": 179, ""quantity"": 2, ""discount"": 0}, {""productId"": 7, ""name"": ""Pechopak - Meal"", ""price"": 169, ""quantity"": 2, ""discount"": 0}, {""productId"": 10, ""name"": ""Leg - Unli"", ""price"": 159, ""quantity"": 1, ""discount"": 0}, {""productId"": 3, ""name"": ""Icetea - Icetea Pitcher"", ""price"": 129, ""quantity"": 1, ""discount"": 0}], ""order_mode"": ""REGULAR""}",,984.00,2026-06-04T18:20:39.653455+08:00,973
917,"{""id"": 972, ""slip_number"": ""9741101"", ""order_type"": ""DINE_IN"", ""payment_method"": ""CASH"", ""table_number"": ""4"", ""items_json"": [{""productId"": 10, ""name"": ""Leg - Unli"", ""price"": 159, ""quantity"": 2, ""discount"": 0}, {""productId"": 11, ""name"": ""Wings - Meal"", ""price"": 129, ""quantity"": 1, ""discount"": 0}], ""order_mode"": ""REGULAR""}",,447.00,2026-06-04T18:17:59.101130+08:00,972
916,"{""id"": 971, ""slip_number"": ""9741100"", ""order_type"": ""DINE_IN"", ""payment_method"": ""CASH"", ""table_number"": ""4"", ""items_json"": [{""productId"": 10, ""name"": ""Leg - Unli"", ""price"": 159, ""quantity"": 1, ""discount"": 0}, {""productId"": 10, ""name"": ""Leg - Meal"", ""price"": 149, ""quantity"": 1, ""discount"": 0}, {""productId"": 3, ""name"": ""Icetea - Icetea Glass"", ""price"": 39, ""quantity"": 2, ""discount"": 0}], ""order_mode"": ""REGULAR""}",,386.00,2026-06-04T17:55:29.513715+08:00,971
915,"{""id"": 970, ""slip_number"": ""9741099"", ""order_type"": ""DINE_IN"", ""payment_method"": ""CASH"", ""table_number"": ""1"", ""items_json"": [{""productId"": 11, ""name"": ""Wings - One Piece Meal"", ""price"": 79, ""quantity"": 2, ""discount"": 0}], ""order_mode"": ""REGULAR""}",,158.00,2026-06-04T14:54:17.236891+08:00,970
914,"{""id"": 967, ""slip_number"": ""9741097"", ""order_type"": ""DINE_IN"", ""payment_method"": ""CASH"", ""table_number"": """", ""items_json"": [{""productId"": 3, ""name"": ""Icetea - Icetea Pitcher"", ""price"": 129, ""quantity"": 1, ""discount"": 0}, {""productId"": 7, ""name"": ""Pechopak - Unli"", ""price"": 179, ""quantity"": 4, ""discount"": 0}], ""order_mode"": ""REGULAR""}",,845.00,2026-06-04T12:37:55.885376+08:00,967
912,"{""id"": 964, ""slip_number"": ""9741095"", ""order_type"": ""DINE_IN"", ""payment_method"": ""CASH"", ""table_number"": """", ""items_json"": [{""productId"": 8, ""name"": ""Liempo - Only"", ""price"": 179, ""quantity"": 1, ""discount"": 0}], ""order_mode"": ""REGULAR""}",,179.00,2026-06-03T23:58:00+08:00,964
911,"{""id"": 965, ""slip_number"": ""9741096"", ""order_type"": ""DINE_IN"", ""payment_method"": ""CASH"", ""table_number"": ""1"", ""items_json"": [{""productId"": 10, ""name"": ""Leg - Unli"", ""price"": 159, ""quantity"": 1, ""discount"": 0}], ""order_mode"": ""REGULAR""}",,159.00,2026-06-03T22:31:23.149635+08:00,965
910,"{""id"": 963, ""slip_number"": ""9741094"", ""order_type"": ""DINE_IN"", ""payment_method"": ""GCASH"", ""table_number"": """", ""items_json"": [{""productId"": 10, ""name"": ""Leg - Unli"", ""price"": 159, ""quantity"": 1, ""discount"": 0}, {""productId"": 8, ""name"": ""Liempo - Unli"", ""price"": 199, ""quantity"": 1, ""discount"": 0}], ""order_mode"": ""REGULAR""}",,358.00,2026-06-03T20:34:37.497236+08:00,963
909,"{""id"": 962, ""slip_number"": ""9741093"", ""order_type"": ""DINE_IN"", ""payment_method"": ""CASH"", ""table_number"": ""4"", ""items_json"": [{""productId"": 8, ""name"": ""Liempo - Meal"", ""price"": 189, ""quantity"": 1, ""discount"": 0}, {""productId"": 9, ""name"": ""BBQ - Unli"", ""price"": 149, ""quantity"": 1, ""discount"": 0}, {""productId"": 1, ""name"": ""Coke - 1 Glass"", ""price"": 30, ""quantity"": 1, ""discount"": 0}], ""order_mode"": ""REGULAR""}",,368.00,2026-06-03T20:23:54.248359+08:00,962
908,"{""id"": 961, ""slip_number"": ""9741092"", ""order_type"": ""TAKE_OUT"", ""payment_method"": ""CASH"", ""table_number"": """", ""items_json"": [{""productId"": 8, ""name"": ""Liempo - Meal"", ""price"": 189, ""quantity"": 1}], ""order_mode"": ""REGULAR""}",,189.00,2026-06-03T18:46:17.585447+08:00,961
907,"{""id"": 960, ""slip_number"": ""9741091"", ""order_type"": ""DINE_IN"", ""payment_method"": ""CASH"", ""table_number"": ""4"", ""items_json"": [{""productId"": 8, ""name"": ""Liempo - Meal"", ""price"": 189, ""quantity"": 1, ""discount"": 0}, {""productId"": 7, ""name"": ""Pechopak - Meal"", ""price"": 169, ""quantity"": 1, ""discount"": 0}, {""productId"": 7, ""name"": ""Pechopak - Unli"", ""price"": 179, ""quantity"": 1}], ""order_mode"": ""REGULAR""}",,537.00,2026-06-03T18:46:16.201950+08:00,960
906,"{""id"": 957, ""slip_number"": ""9741088"", ""order_type"": ""DINE_IN"", ""payment_method"": ""CASH"", ""table_number"": ""1"", ""items_json"": [{""productId"": 8, ""name"": ""Liempo - Unli"", ""price"": 199, ""quantity"": 2, ""discount"": 0}], ""order_mode"": ""REGULAR""}",,398.00,2026-06-03T18:15:09.479244+08:00,957
905,"{""id"": 958, ""slip_number"": ""9741089"", ""order_type"": ""DINE_IN"", ""payment_method"": ""CASH"", ""table_number"": ""5"", ""items_json"": [{""productId"": 7, ""name"": ""Pechopak - Unli"", ""price"": 179, ""quantity"": 1, ""discount"": 0}, {""productId"": 7, ""name"": ""Pechopak - Meal"", ""price"": 169, ""quantity"": 1, ""discount"": 0}, {""productId"": 4, ""name"": ""Royal - Mismo"", ""price"": 25, ""quantity"": 1, ""discount"": 0}, {""productId"": 1, ""name"": ""Coke - Mismo"", ""price"": 25, ""quantity"": 1, ""discount"": 0}], ""order_mode"": ""REGULAR""}",,398.00,2026-06-03T18:15:06.534677+08:00,958
904,"{""id"": 959, ""slip_number"": ""9741090"", ""order_type"": ""TAKE_OUT"", ""payment_method"": ""CASH"", ""table_number"": """", ""items_json"": [{""productId"": 7, ""name"": ""Pechopak - Unli"", ""price"": 179, ""quantity"": 1, ""discount"": 0}], ""order_mode"": ""REGULAR""}",,179.00,2026-06-03T18:15:03.103796+08:00,959
903,"{""id"": 956, ""slip_number"": ""9741087"", ""order_type"": ""TAKE_OUT"", ""payment_method"": ""CASH"", ""table_number"": """", ""items_json"": [{""productId"": 3, ""name"": ""Icetea - Icetea Glass"", ""price"": 39, ""quantity"": 2, ""discount"": 0}], ""order_mode"": ""REGULAR""}",,78.00,2026-06-03T16:30:42.337687+08:00,956
902,"{""id"": 955, ""slip_number"": ""9741086"", ""order_type"": ""TAKE_OUT"", ""payment_method"": ""CASH"", ""table_number"": ""1"", ""items_json"": [{""productId"": 7, ""name"": ""Pechopak - Unli"", ""price"": 179, ""quantity"": 2, ""discount"": 0}], ""order_mode"": ""REGULAR""}",,358.00,2026-06-03T16:30:39.264912+08:00,955
901,"{""id"": 954, ""slip_number"": ""9741085"", ""order_type"": ""DINE_IN"", ""payment_method"": ""CASH"", ""table_number"": """", ""items_json"": [{""productId"": 1, ""name"": ""Coke - Mismo"", ""price"": 25, ""quantity"": 1, ""discount"": 0}], ""order_mode"": ""REGULAR""}",,25.00,2026-06-03T16:00:53.135773+08:00,954
900,"{""id"": 953, ""slip_number"": ""9741084"", ""order_type"": ""DINE_IN"", ""payment_method"": ""CASH"", ""table_number"": """", ""items_json"": [{""productId"": 10, ""name"": ""Leg - Unli"", ""price"": 159, ""quantity"": 1, ""discount"": 0}, {""productId"": 1, ""name"": ""Coke - Mismo"", ""price"": 25, ""quantity"": 1, ""discount"": 0}, {""productId"": 12, ""name"": ""Water - Bottled"", ""price"": 20, ""quantity"": 1, ""discount"": 0}], ""order_mode"": ""REGULAR""}",,204.00,2026-06-03T15:37:33.445798+08:00,953
899,"{""id"": 952, ""slip_number"": ""9741083"", ""order_type"": ""TAKE_OUT"", ""payment_method"": ""CASH"", ""table_number"": """", ""items_json"": [{""productId"": 7, ""name"": ""Pechopak - Meal"", ""price"": 169, ""quantity"": 2, ""discount"": 0}], ""order_mode"": ""REGULAR""}",,338.00,2026-06-03T15:31:24.921094+08:00,952
898,"{""id"": 951, ""slip_number"": ""9741082"", ""order_type"": ""DINE_IN"", ""payment_method"": ""CASH"", ""table_number"": """", ""items_json"": [{""productId"": 4, ""name"": ""Royal - Mismo"", ""price"": 25, ""quantity"": 1, ""discount"": 0}, {""productId"": 3, ""name"": ""Icetea - Icetea Glass"", ""price"": 39, ""quantity"": 1, ""discount"": 0}], ""order_mode"": ""REGULAR""}",,64.00,2026-06-03T14:22:12.591712+08:00,951
897,"{""id"": 949, ""slip_number"": ""9741080"", ""order_type"": ""TAKE_OUT"", ""payment_method"": ""CASH"", ""table_number"": ""5"", ""items_json"": [{""productId"": 10, ""name"": ""Leg - Meal"", ""price"": 149, ""quantity"": 2, ""discount"": 0}, {""productId"": 11, ""name"": ""Wings - Meal"", ""price"": 129, ""quantity"": 2, ""discount"": 0}], ""order_mode"": ""REGULAR""}",,556.00,2026-06-02T23:06:45.860879+08:00,949
896,"{""id"": 950, ""slip_number"": ""9741081"", ""order_type"": ""DINE_IN"", ""payment_method"": ""CASH"", ""table_number"": ""3"", ""items_json"": [{""productId"": 11, ""name"": ""Wings - One Piece Meal"", ""price"": 79, ""quantity"": 1, ""discount"": 0}], ""order_mode"": ""REGULAR""}",,79.00,2026-06-02T23:00:30.736490+08:00,950
895,"{""id"": 947, ""slip_number"": ""9741078"", ""order_type"": ""DINE_IN"", ""payment_method"": ""CASH"", ""table_number"": ""5"", ""items_json"": [{""productId"": 8, ""name"": ""Liempo - Unli"", ""price"": 199, ""quantity"": 1, ""discount"": 0}, {""productId"": 10, ""name"": ""Leg - Unli"", ""price"": 159, ""quantity"": 1, ""discount"": 0}, {""productId"": 9, ""name"": ""BBQ - One Piece Only"", ""price"": 79, ""quantity"": 1, ""discount"": 0}, {""productId"": 3, ""name"": ""Icetea - Icetea Glass"", ""price"": 39, ""quantity"": 1, ""discount"": 0}], ""order_mode"": ""REGULAR""}",,476.00,2026-06-02T22:16:14.390634+08:00,947
894,"{""id"": 948, ""slip_number"": ""9741079"", ""order_type"": ""DINE_IN"", ""payment_method"": ""GCASH"", ""table_number"": """", ""items_json"": [{""productId"": 3, ""name"": ""Icetea - Icetea Glass"", ""price"": 39, ""quantity"": 1, ""discount"": 0}], ""order_mode"": ""REGULAR""}",,39.00,2026-06-02T22:16:10.698524+08:00,948
893,"{""id"": 945, ""slip_number"": ""9741076"", ""order_type"": ""DINE_IN"", ""payment_method"": ""GCASH"", ""table_number"": """", ""items_json"": [{""productId"": 7, ""name"": ""Pechopak - Only"", ""price"": 159, ""quantity"": 1, ""discount"": 0}], ""order_mode"": ""REGULAR""}",,159.00,2026-06-02T20:56:40.025674+08:00,945
892,"{""id"": 946, ""slip_number"": ""9741077"", ""order_type"": ""DINE_IN"", ""payment_method"": ""CASH"", ""table_number"": ""3"", ""items_json"": [{""productId"": 7, ""name"": ""Pechopak - Unli"", ""price"": 179, ""quantity"": 2, ""discount"": 0}, {""productId"": 1, ""name"": ""Coke - Mismo"", ""price"": 25, ""quantity"": 1}], ""order_mode"": ""REGULAR""}",,383.00,2026-06-02T20:56:36.118916+08:00,946
891,"{""id"": 944, ""slip_number"": ""9741075"", ""order_type"": ""DINE_IN"", ""payment_method"": ""CASH"", ""table_number"": ""2"", ""items_json"": [{""productId"": 7, ""name"": ""Pechopak - Unli"", ""price"": 179, ""quantity"": 1, ""discount"": 0}, {""productId"": 11, ""name"": ""Wings - One Piece Meal"", ""price"": 79, ""quantity"": 1, ""discount"": 0}, {""productId"": 3, ""name"": ""Icetea - Icetea Glass"", ""price"": 39, ""quantity"": 1, ""discount"": 0}], ""order_mode"": ""REGULAR""}",,297.00,2026-06-02T19:57:50.716568+08:00,944
890,"{""id"": 943, ""slip_number"": ""9741074"", ""order_type"": ""DELIVERY"", ""payment_method"": ""GCASH"", ""table_number"": """", ""items_json"": [{""productId"": 10, ""name"": ""Leg - Meal"", ""price"": 149, ""quantity"": 1, ""discount"": 0}, {""productId"": -1, ""name"": ""Delivery Fee"", ""price"": 30, ""quantity"": 1, ""discount"": 0}], ""order_mode"": ""REGULAR""}",,179.00,2026-06-02T19:20:28.156047+08:00,943
889,"{""id"": 941, ""slip_number"": ""9741072"", ""order_type"": ""DINE_IN"", ""payment_method"": ""CASH"", ""table_number"": ""2"", ""items_json"": [{""productId"": 9, ""name"": ""BBQ - Unli"", ""price"": 149, ""quantity"": 1, ""discount"": 0}, {""productId"": 5, ""name"": ""Sprite - Mismo"", ""price"": 25, ""quantity"": 1, ""discount"": 0}], ""order_mode"": ""REGULAR""}",,174.00,2026-06-02T19:20:27.454643+08:00,941
888,"{""id"": 942, ""slip_number"": ""9741073"", ""order_type"": ""DINE_IN"", ""payment_method"": ""CASH"", ""table_number"": ""1"", ""items_json"": [{""productId"": 7, ""name"": ""Pechopak - Only"", ""price"": 159, ""quantity"": 1, ""discount"": 0}], ""order_mode"": ""REGULAR""}",,159.00,2026-06-02T19:13:58.540836+08:00,942
887,"{""id"": 940, ""slip_number"": ""9741071"", ""order_type"": ""DINE_IN"", ""payment_method"": ""CASH"", ""table_number"": ""5"", ""items_json"": [{""productId"": 7, ""name"": ""Pechopak - Unli"", ""price"": 179, ""quantity"": 2, ""discount"": 0}, {""productId"": 3, ""name"": ""Icetea - Icetea Pitcher"", ""price"": 129, ""quantity"": 1, ""discount"": 0}], ""order_mode"": ""REGULAR""}",,487.00,2026-06-02T19:11:51.735311+08:00,940
886,"{""id"": 939, ""slip_number"": ""9741070"", ""order_type"": ""DINE_IN"", ""payment_method"": ""CASH"", ""table_number"": ""1"", ""items_json"": [{""productId"": 10, ""name"": ""Leg - Meal"", ""price"": 149, ""quantity"": 1, ""discount"": 0}, {""productId"": 10, ""name"": ""Leg - Unli"", ""price"": 159, ""quantity"": 1, ""discount"": 0}, {""productId"": 3, ""name"": ""Icetea - Icetea Glass"", ""price"": 39, ""quantity"": 2, ""discount"": 0}], ""order_mode"": ""REGULAR""}",,386.00,2026-06-02T18:54:27.417540+08:00,939
885,"{""id"": 938, ""slip_number"": ""9741069"", ""order_type"": ""DINE_IN"", ""payment_method"": ""CASH"", ""table_number"": ""3"", ""items_json"": [{""productId"": 10, ""name"": ""Leg - Unli"", ""price"": 159, ""quantity"": 1, ""discount"": 0}, {""productId"": 9, ""name"": ""BBQ - Meal"", ""price"": 139, ""quantity"": 1, ""discount"": 0}, {""productId"": 1, ""name"": ""Coke - Mismo"", ""price"": 25, ""quantity"": 2, ""discount"": 0}], ""order_mode"": ""REGULAR""}",,348.00,2026-06-02T18:46:19.109646+08:00,938
884,"{""id"": 937, ""slip_number"": ""9741068"", ""order_type"": ""DINE_IN"", ""payment_method"": ""CASH"", ""table_number"": """", ""items_json"": [{""productId"": 10, ""name"": ""Leg - Unli"", ""price"": 159, ""quantity"": 2, ""discount"": 0}, {""productId"": 4, ""name"": ""Royal - Mismo"", ""price"": 25, ""quantity"": 2, ""discount"": 0}], ""order_mode"": ""REGULAR""}",,368.00,2026-06-02T16:51:11.382762+08:00,937
883,"{""id"": 936, ""slip_number"": ""9741067"", ""order_type"": ""DINE_IN"", ""payment_method"": ""CASH"", ""table_number"": """", ""items_json"": [{""productId"": 7, ""name"": ""Pechopak - Unli"", ""price"": 179, ""quantity"": 1, ""discount"": 0}, {""productId"": 11, ""name"": ""Wings - Meal"", ""price"": 129, ""quantity"": 1, ""discount"": 0}], ""order_mode"": ""REGULAR""}",,308.00,2026-06-02T15:43:18.704693+08:00,936
882,"{""id"": 935, ""slip_number"": ""9741066"", ""order_type"": ""DINE_IN"", ""payment_method"": ""CASH"", ""table_number"": """", ""items_json"": [{""productId"": 8, ""name"": ""Liempo - Unli"", ""price"": 199, ""quantity"": 1, ""discount"": 0}, {""productId"": 9, ""name"": ""BBQ - Unli"", ""price"": 149, ""quantity"": 1, ""discount"": 0}, {""productId"": 1, ""name"": ""Coke - 1.5"", ""price"": 120, ""quantity"": 1, ""discount"": 0}], ""order_mode"": ""REGULAR""}",,468.00,2026-06-02T14:43:19.935414+08:00,935
881,"{""id"": 934, ""slip_number"": ""9741065"", ""order_type"": ""DINE_IN"", ""payment_method"": ""CASH"", ""table_number"": """", ""items_json"": [{""productId"": 11, ""name"": ""Wings - One Piece Only"", ""price"": 69, ""quantity"": 1, ""discount"": 0}], ""order_mode"": ""REGULAR""}",,69.00,2026-06-02T14:36:19.445000+08:00,934
880,"{""id"": 933, ""slip_number"": ""9741064"", ""order_type"": ""DINE_IN"", ""payment_method"": ""CASH"", ""table_number"": """", ""items_json"": [{""productId"": 10, ""name"": ""Leg - Only"", ""price"": 139, ""quantity"": 1, ""discount"": 0}], ""order_mode"": ""REGULAR""}",,139.00,2026-06-02T11:57:51.449628+08:00,933
879,"{""id"": 932, ""slip_number"": null, ""order_type"": ""DINE_IN"", ""payment_method"": """", ""table_number"": """", ""items_json"": [{""productId"": 7, ""name"": ""Pechopak - Only"", ""price"": 159, ""quantity"": 1, ""discount"": 0}], ""order_mode"": ""WASTE""}",,159.00,2026-06-02T00:43:44.772979+08:00,932
878,"{""id"": 931, ""slip_number"": null, ""order_type"": ""DINE_IN"", ""payment_method"": """", ""table_number"": """", ""items_json"": [{""productId"": 11, ""name"": ""Wings - One Piece Only"", ""price"": 69, ""quantity"": 3, ""discount"": 0}], ""order_mode"": ""WASTE""}",,207.00,2026-06-02T00:41:57.275819+08:00,931
877,"{""id"": 930, ""slip_number"": ""22"", ""order_type"": ""DINE_IN"", ""payment_method"": """", ""table_number"": """", ""items_json"": [{""productId"": 1, ""name"": ""Coke - Mismo"", ""price"": 25, ""quantity"": 1, ""discount"": 0}], ""order_mode"": ""EMPLOYEE""}",,25.00,2026-06-02T00:38:45.425248+08:00,930
876,"{""id"": 929, ""slip_number"": ""9741063"", ""order_type"": ""DINE_IN"", ""payment_method"": ""CASH"", ""table_number"": ""1"", ""items_json"": [{""productId"": 7, ""name"": ""Pechopak - Unli"", ""price"": 179, ""quantity"": 3, ""discount"": 0}, {""productId"": 8, ""name"": ""Liempo - Unli"", ""price"": 199, ""quantity"": 1, ""discount"": 0}, {""productId"": 3, ""name"": ""Icetea - Icetea Pitcher"", ""price"": 129, ""quantity"": 1, ""discount"": 0}], ""order_mode"": ""REGULAR""}",,865.00,2026-06-01T22:48:26.128059+08:00,929
875,"{""id"": 928, ""slip_number"": ""9741062"", ""order_type"": ""DINE_IN"", ""payment_method"": ""CASH"", ""table_number"": ""3"", ""items_json"": [{""productId"": 10, ""name"": ""Leg - Meal"", ""price"": 149, ""quantity"": 2, ""discount"": 0}, {""productId"": 7, ""name"": ""Pechopak - Meal"", ""price"": 169, ""quantity"": 1, ""discount"": 0}], ""order_mode"": ""REGULAR""}",,467.00,2026-06-01T22:38:23.686681+08:00,928
874,"{""id"": 927, ""slip_number"": ""9741061"", ""order_type"": ""DINE_IN"", ""payment_method"": ""GCASH"", ""table_number"": ""3"", ""items_json"": [{""productId"": 11, ""name"": ""Wings - Unli"", ""price"": 139, ""quantity"": 1, ""discount"": 0}, {""productId"": 7, ""name"": ""Pechopak - Unli"", ""price"": 179, ""quantity"": 1, ""discount"": 0}], ""order_mode"": ""REGULAR""}",,318.00,2026-06-01T20:54:40.429919+08:00,927
873,"{""id"": 926, ""slip_number"": ""9741060"", ""order_type"": ""DINE_IN"", ""payment_method"": ""CASH"", ""table_number"": ""3"", ""items_json"": [{""productId"": 9, ""name"": ""BBQ - Unli"", ""price"": 149, ""quantity"": 1, ""discount"": 0}, {""productId"": 3, ""name"": ""Icetea - Icetea Glass"", ""price"": 39, ""quantity"": 1, ""discount"": 0}], ""order_mode"": ""REGULAR""}",,188.00,2026-06-01T20:01:28.348802+08:00,926
872,"{""id"": 925, ""slip_number"": ""9741059"", ""order_type"": ""DINE_IN"", ""payment_method"": ""CASH"", ""table_number"": ""5"", ""items_json"": [{""productId"": 7, ""name"": ""Pechopak - Meal"", ""price"": 169, ""quantity"": 1, ""discount"": 0}], ""order_mode"": ""REGULAR""}",,169.00,2026-06-01T19:52:12.181567+08:00,925
871,"{""id"": 924, ""slip_number"": ""9741058"", ""order_type"": ""DINE_IN"", ""payment_method"": ""CASH"", ""table_number"": ""5"", ""items_json"": [{""productId"": 7, ""name"": ""Pechopak - Meal"", ""price"": 169, ""quantity"": 1, ""discount"": 0}, {""productId"": 5, ""name"": ""Sprite - Mismo"", ""price"": 25, ""quantity"": 1, ""discount"": 0}], ""order_mode"": ""REGULAR""}",,194.00,2026-06-01T19:25:56.211615+08:00,924
870,"{""id"": 922, ""slip_number"": ""9741056"", ""order_type"": ""DINE_IN"", ""payment_method"": ""CASH"", ""table_number"": ""3"", ""items_json"": [{""productId"": 7, ""name"": ""Pechopak - Meal"", ""price"": 169, ""quantity"": 1, ""discount"": 0}], ""order_mode"": ""REGULAR""}",,169.00,2026-06-01T19:25:49.793645+08:00,922
869,"{""id"": 921, ""slip_number"": ""9741055"", ""order_type"": ""TAKE_OUT"", ""payment_method"": ""CASH"", ""table_number"": ""1"", ""items_json"": [{""productId"": 9, ""name"": ""BBQ - Unli"", ""price"": 149, ""quantity"": 1}, {""productId"": 10, ""name"": ""Leg - Unli"", ""price"": 159, ""quantity"": 1, ""discount"": 0}], ""order_mode"": ""REGULAR""}",,308.00,2026-06-01T19:25:46.374553+08:00,921
868,"{""id"": 923, ""slip_number"": ""9741057"", ""order_type"": ""DINE_IN"", ""payment_method"": ""CASH"", ""table_number"": ""2"", ""items_json"": [{""productId"": 7, ""name"": ""Pechopak - Unli"", ""price"": 179, ""quantity"": 1, ""discount"": 0}, {""productId"": 1, ""name"": ""Coke - Mismo"", ""price"": 25, ""quantity"": 1, ""discount"": 0}], ""order_mode"": ""REGULAR""}",,204.00,2026-06-01T19:24:46.851915+08:00,923
867,"{""id"": 920, ""slip_number"": ""9741054"", ""order_type"": ""TAKE_OUT"", ""payment_method"": ""CASH"", ""table_number"": """", ""items_json"": [{""productId"": 2, ""name"": ""Rice - Extra"", ""price"": 20, ""quantity"": 1, ""discount"": 0}], ""order_mode"": ""REGULAR""}",,20.00,2026-06-01T18:32:38.521434+08:00,920
866,"{""id"": 919, ""slip_number"": ""9741054"", ""order_type"": ""DINE_IN"", ""payment_method"": ""CASH"", ""table_number"": ""5"", ""items_json"": [{""productId"": 10, ""name"": ""Leg - Unli"", ""price"": 159, ""quantity"": 2, ""discount"": 0}, {""productId"": 10, ""name"": ""Leg - Meal"", ""price"": 149, ""quantity"": 1}], ""order_mode"": ""REGULAR""}",,467.00,2026-06-01T15:01:38.953167+08:00,919
865,"{""id"": 918, ""slip_number"": ""9741053"", ""order_type"": ""DINE_IN"", ""payment_method"": ""CASH"", ""table_number"": ""5"", ""items_json"": [{""productId"": 10, ""name"": ""Leg - Unli"", ""price"": 159, ""quantity"": 2, ""discount"": 0}, {""productId"": 3, ""name"": ""Icetea - Icetea Pitcher"", ""price"": 129, ""quantity"": 1, ""discount"": 0}], ""order_mode"": ""REGULAR""}",,447.00,2026-06-01T15:01:36.803287+08:00,918
864,"{""id"": 916, ""slip_number"": ""9741051"", ""order_type"": ""DINE_IN"", ""payment_method"": ""CASH"", ""table_number"": ""3"", ""items_json"": [{""productId"": 11, ""name"": ""Wings - Unli"", ""price"": 139, ""quantity"": 1, ""discount"": 0}, {""productId"": 9, ""name"": ""BBQ - One Piece Meal"", ""price"": 89, ""quantity"": 1, ""discount"": 0}, {""productId"": 1, ""name"": ""Coke - 1.5"", ""price"": 120, ""quantity"": 1, ""discount"": 0}], ""order_mode"": ""REGULAR""}",,348.00,2026-06-01T13:02:28.504363+08:00,916
863,"{""id"": 917, ""slip_number"": ""9741052"", ""order_type"": ""DELIVERY"", ""payment_method"": ""CASH"", ""table_number"": """", ""items_json"": [{""productId"": 10, ""name"": ""Leg - Meal"", ""price"": 149, ""quantity"": 1, ""discount"": 0}, {""productId"": 8, ""name"": ""Liempo - Meal"", ""price"": 189, ""quantity"": 1, ""discount"": 0}, {""productId"": -1, ""name"": ""Delivery Fee"", ""price"": 30, ""quantity"": 1, ""discount"": 0}], ""order_mode"": ""REGULAR""}",,368.00,2026-06-01T12:53:58.043285+08:00,917
862,"{""id"": 914, ""slip_number"": ""9741049"", ""order_type"": ""DINE_IN"", ""payment_method"": ""CASH"", ""table_number"": """", ""items_json"": [{""productId"": 11, ""name"": ""Wings - One Piece Meal"", ""price"": 79, ""quantity"": 2, ""discount"": 0}, {""productId"": 9, ""name"": ""BBQ - Meal"", ""price"": 139, ""quantity"": 1, ""discount"": 0}, {""productId"": 10, ""name"": ""Leg - Meal"", ""price"": 149, ""quantity"": 1, ""discount"": 0}], ""order_mode"": ""REGULAR""}",,446.00,2026-06-01T12:08:15.151465+08:00,914
861,"{""id"": 913, ""slip_number"": ""9741048"", ""order_type"": ""DINE_IN"", ""payment_method"": ""CASH"", ""table_number"": ""2"", ""items_json"": [{""productId"": 9, ""name"": ""BBQ - Only"", ""price"": 129, ""quantity"": 2, ""discount"": 0}], ""order_mode"": ""REGULAR""}",,258.00,2026-05-31T22:54:23.005509+08:00,913
860,"{""id"": 912, ""slip_number"": ""9741047"", ""order_type"": ""DINE_IN"", ""payment_method"": ""GCASH"", ""table_number"": """", ""items_json"": [{""productId"": 3, ""name"": ""Icetea - Icetea Glass"", ""price"": 39, ""quantity"": 1, ""discount"": 0}], ""order_mode"": ""REGULAR""}",,39.00,2026-05-31T22:54:19.724095+08:00,912
859,"{""id"": 911, ""slip_number"": ""9741046"", ""order_type"": ""DINE_IN"", ""payment_method"": ""CASH"", ""table_number"": ""3"", ""items_json"": [{""productId"": 7, ""name"": ""Pechopak - Meal"", ""price"": 169, ""quantity"": 1, ""discount"": 0}, {""productId"": 10, ""name"": ""Leg - Meal"", ""price"": 149, ""quantity"": 1, ""discount"": 0}], ""order_mode"": ""REGULAR""}",,318.00,2026-05-31T22:54:16.651248+08:00,911
858,"{""id"": 910, ""slip_number"": ""9741045"", ""order_type"": ""DINE_IN"", ""payment_method"": ""CASH"", ""table_number"": ""1"", ""items_json"": [{""productId"": 7, ""name"": ""Pechopak - Unli"", ""price"": 179, ""quantity"": 1, ""discount"": 0}, {""productId"": 8, ""name"": ""Liempo - Unli"", ""price"": 199, ""quantity"": 1, ""discount"": 0}, {""productId"": 9, ""name"": ""BBQ - One Piece Only"", ""price"": 79, ""quantity"": 1, ""discount"": 0}, {""productId"": 9, ""name"": ""BBQ - Meal"", ""price"": 139, ""quantity"": 1, ""discount"": 0}, {""productId"": 1, ""name"": ""Coke - Mismo"", ""price"": 25, ""quantity"": 2, ""discount"": 0}], ""order_mode"": ""REGULAR""}",,646.00,2026-05-31T21:10:57.355518+08:00,910
857,"{""id"": 909, ""slip_number"": ""9741044"", ""order_type"": ""DINE_IN"", ""payment_method"": ""CASH"", ""table_number"": ""3"", ""items_json"": [{""productId"": 3, ""name"": ""Icetea - Icetea Pitcher"", ""price"": 129, ""quantity"": 1, ""discount"": 0}, {""productId"": 7, ""name"": ""Pechopak - Meal"", ""price"": 169, ""quantity"": 2, ""discount"": 0}, {""productId"": 8, ""name"": ""Liempo - Unli"", ""price"": 199, ""quantity"": 1, ""discount"": 0}, {""productId"": 9, ""name"": ""BBQ - One Piece Only"", ""price"": 79, ""quantity"": 1, ""discount"": 0}, {""productId"": 9, ""name"": ""BBQ - Only"", ""price"": 129, ""quantity"": 1, ""discount"": 0}], ""order_mode"": ""REGULAR""}",,874.00,2026-05-31T20:56:08.354944+08:00,909
856,"{""id"": 908, ""slip_number"": ""9741043"", ""order_type"": ""DINE_IN"", ""payment_method"": ""CASH"", ""table_number"": ""1"", ""items_json"": [{""productId"": 7, ""name"": ""Pechopak - Unli"", ""price"": 179, ""quantity"": 1, ""discount"": 0}, {""productId"": 8, ""name"": ""Liempo - Meal"", ""price"": 189, ""quantity"": 1, ""discount"": 0}, {""productId"": 5, ""name"": ""Sprite - Mismo"", ""price"": 25, ""quantity"": 1, ""discount"": 0}], ""order_mode"": ""REGULAR""}",,393.00,2026-05-31T20:40:07.451238+08:00,908
855,"{""id"": 907, ""slip_number"": ""9741042"", ""order_type"": ""DINE_IN"", ""payment_method"": ""CASH"", ""table_number"": ""3"", ""items_json"": [{""productId"": 7, ""name"": ""Pechopak - Unli"", ""price"": 179, ""quantity"": 2, ""discount"": 0}, {""productId"": 3, ""name"": ""Icetea - Icetea Glass"", ""price"": 39, ""quantity"": 2, ""discount"": 0}], ""order_mode"": ""REGULAR""}",,436.00,2026-05-31T20:16:53.587529+08:00,907
854,"{""id"": 906, ""slip_number"": ""9741041"", ""order_type"": ""DINE_IN"", ""payment_method"": ""CASH"", ""table_number"": ""3"", ""items_json"": [{""productId"": 2, ""name"": ""Rice - Extra"", ""price"": 20, ""quantity"": 1, ""discount"": 0}], ""order_mode"": ""REGULAR""}",,20.00,2026-05-31T19:59:13.403952+08:00,906
853,"{""id"": 905, ""slip_number"": ""9741040"", ""order_type"": ""TAKE_OUT"", ""payment_method"": ""CASH"", ""table_number"": ""3"", ""items_json"": [{""productId"": 10, ""name"": ""Leg - Meal"", ""price"": 149, ""quantity"": 4, ""discount"": 0}], ""order_mode"": ""REGULAR""}",,596.00,2026-05-31T19:59:10.849617+08:00,905
852,"{""id"": 903, ""slip_number"": ""9741038"", ""order_type"": ""DINE_IN"", ""payment_method"": ""CASH"", ""table_number"": ""2"", ""items_json"": [{""productId"": 9, ""name"": ""BBQ - Meal"", ""price"": 139, ""quantity"": 1, ""discount"": 0}, {""productId"": 3, ""name"": ""Icetea - Icetea Glass"", ""price"": 39, ""quantity"": 1, ""discount"": 0}], ""order_mode"": ""REGULAR""}",,178.00,2026-05-31T19:50:02.470124+08:00,903
849,"{""id"": 904, ""slip_number"": ""9741039"", ""order_type"": ""DINE_IN"", ""payment_method"": ""GCASH"", ""table_number"": ""1"", ""items_json"": [{""productId"": 3, ""name"": ""Icetea - Icetea Pitcher"", ""price"": 129, ""quantity"": 1, ""discount"": 0}, {""productId"": 7, ""name"": ""Pechopak - Meal"", ""price"": 169, ""quantity"": 1, ""discount"": 0}, {""productId"": 7, ""name"": ""Pechopak - Unli"", ""price"": 179, ""quantity"": 1, ""discount"": 0}], ""order_mode"": ""REGULAR""}",,477.00,2026-05-31T19:45:55.791359+08:00,904
848,"{""id"": 902, ""slip_number"": ""9741037"", ""order_type"": ""DINE_IN"", ""payment_method"": ""CASH"", ""table_number"": ""3"", ""items_json"": [{""productId"": 11, ""name"": ""Wings - Meal"", ""price"": 129, ""quantity"": 1, ""discount"": 0}, {""productId"": 7, ""name"": ""Pechopak - Unli"", ""price"": 179, ""quantity"": 2, ""discount"": 0}, {""productId"": 8, ""name"": ""Liempo - Unli"", ""price"": 199, ""quantity"": 1, ""discount"": 0}, {""productId"": 1, ""name"": ""Coke - 1.5"", ""price"": 120, ""quantity"": 1, ""discount"": 0}], ""order_mode"": ""REGULAR""}",,806.00,2026-05-31T19:25:28.867081+08:00,902
847,"{""id"": 901, ""slip_number"": ""9741036"", ""order_type"": ""DINE_IN"", ""payment_method"": ""CASH"", ""table_number"": ""1"", ""items_json"": [{""productId"": 7, ""name"": ""Pechopak - Unli"", ""price"": 179, ""quantity"": 1, ""discount"": 0}, {""productId"": 11, ""name"": ""Wings - Meal"", ""price"": 129, ""quantity"": 1, ""discount"": 0}, {""productId"": 3, ""name"": ""Icetea - Icetea Glass"", ""price"": 39, ""quantity"": 2, ""discount"": 0}], ""order_mode"": ""REGULAR""}",,386.00,2026-05-31T19:22:58.006374+08:00,901
846,"{""id"": 898, ""slip_number"": ""9741033"", ""order_type"": ""DINE_IN"", ""payment_method"": ""CASH"", ""table_number"": ""3"", ""items_json"": [{""productId"": 10, ""name"": ""Leg - Meal"", ""price"": 149, ""quantity"": 2, ""discount"": 0}, {""productId"": 10, ""name"": ""Leg - Unli"", ""price"": 159, ""quantity"": 1, ""discount"": 0}, {""productId"": 9, ""name"": ""BBQ - Unli"", ""price"": 149, ""quantity"": 1, ""discount"": 0}, {""productId"": 3, ""name"": ""Icetea - Icetea Pitcher"", ""price"": 129, ""quantity"": 1, ""discount"": 0}], ""order_mode"": ""REGULAR""}",,735.00,2026-05-31T19:15:24.254972+08:00,898
845,"{""id"": 899, ""slip_number"": ""9741034"", ""order_type"": ""DINE_IN"", ""payment_method"": ""CASH"", ""table_number"": """", ""items_json"": [{""productId"": 9, ""name"": ""BBQ - Only"", ""price"": 129, ""quantity"": 1, ""discount"": 0}], ""order_mode"": ""REGULAR""}",,129.00,2026-05-31T19:08:14.397344+08:00,899
844,"{""id"": 900, ""slip_number"": ""9741035"", ""order_type"": ""DINE_IN"", ""payment_method"": ""GCASH"", ""table_number"": ""2"", ""items_json"": [{""productId"": 7, ""name"": ""Pechopak - Unli"", ""price"": 179, ""quantity"": 2, ""discount"": 0}, {""productId"": 1, ""name"": ""Coke - 1.5"", ""price"": 120, ""quantity"": 1, ""discount"": 0}], ""order_mode"": ""REGULAR""}",,478.00,2026-05-31T19:08:03.491751+08:00,900
843,"{""id"": 897, ""slip_number"": ""9741032"", ""order_type"": ""DINE_IN"", ""payment_method"": ""CASH"", ""table_number"": ""1"", ""items_json"": [{""productId"": 10, ""name"": ""Leg - Unli"", ""price"": 159, ""quantity"": 3, ""discount"": 0}], ""order_mode"": ""REGULAR""}",,477.00,2026-05-31T18:58:29.833328+08:00,897
842,"{""id"": 896, ""slip_number"": ""9741031"", ""order_type"": ""TAKE_OUT"", ""payment_method"": ""CASH"", ""table_number"": """", ""items_json"": [{""productId"": 7, ""name"": ""Pechopak - Only"", ""price"": 159, ""quantity"": 4, ""discount"": 0}, {""productId"": 9, ""name"": ""BBQ - Only"", ""price"": 129, ""quantity"": 1, ""discount"": 0}], ""order_mode"": ""REGULAR""}",,765.00,2026-05-31T18:37:22.792387+08:00,896
841,"{""id"": 895, ""slip_number"": ""9741030"", ""order_type"": ""TAKE_OUT"", ""payment_method"": ""CASH"", ""table_number"": """", ""items_json"": [{""productId"": 11, ""name"": ""Wings - Meal"", ""price"": 129, ""quantity"": 2, ""discount"": 0}], ""order_mode"": ""REGULAR""}",,258.00,2026-05-31T17:54:51.255324+08:00,895
840,"{""id"": 894, ""slip_number"": ""9741029"", ""order_type"": ""DINE_IN"", ""payment_method"": ""CASH"", ""table_number"": """", ""items_json"": [{""productId"": 7, ""name"": ""Pechopak - Only"", ""price"": 159, ""quantity"": 3, ""discount"": 0}, {""productId"": 11, ""name"": ""Wings - Only"", ""price"": 119, ""quantity"": 1, ""discount"": 0}, {""productId"": 8, ""name"": ""Liempo - Only"", ""price"": 179, ""quantity"": 1, ""discount"": 0}, {""productId"": 9, ""name"": ""BBQ - Only"", ""price"": 129, ""quantity"": 1, ""discount"": 0}], ""order_mode"": ""REGULAR""}",,904.00,2026-05-31T17:11:34.582194+08:00,894
839,"{""id"": 893, ""slip_number"": ""9741028"", ""order_type"": ""DINE_IN"", ""payment_method"": ""CASH"", ""table_number"": """", ""items_json"": [{""productId"": 1, ""name"": ""Coke - 1.5"", ""price"": 120, ""quantity"": 1, ""discount"": 0}], ""order_mode"": ""REGULAR""}",,120.00,2026-05-31T16:10:40.090205+08:00,893
838,"{""id"": 892, ""slip_number"": ""9741027"", ""order_type"": ""DINE_IN"", ""payment_method"": ""CASH"", ""table_number"": """", ""items_json"": [{""productId"": 7, ""name"": ""Pechopak - Unli"", ""price"": 179, ""quantity"": 3, ""discount"": 0}, {""productId"": 1, ""name"": ""Coke - 1.5"", ""price"": 120, ""quantity"": 1, ""discount"": 0}], ""order_mode"": ""REGULAR""}",,657.00,2026-05-31T16:02:22.064105+08:00,892
837,"{""id"": 891, ""slip_number"": ""9741026"", ""order_type"": ""DINE_IN"", ""payment_method"": ""CASH"", ""table_number"": """", ""items_json"": [{""productId"": 10, ""name"": ""Leg - Meal"", ""price"": 149, ""quantity"": 1, ""discount"": 0}, {""productId"": 9, ""name"": ""BBQ - Meal"", ""price"": 139, ""quantity"": 1, ""discount"": 0}, {""productId"": 5, ""name"": ""Sprite - Mismo"", ""price"": 25, ""quantity"": 2, ""discount"": 0}], ""order_mode"": ""REGULAR""}",,338.00,2026-05-31T15:01:09.892594+08:00,891
836,"{""id"": 890, ""slip_number"": ""9741025"", ""order_type"": ""DINE_IN"", ""payment_method"": ""CASH"", ""table_number"": """", ""items_json"": [{""productId"": 12, ""name"": ""Water - Bottled"", ""price"": 20, ""quantity"": 1, ""discount"": 0}], ""order_mode"": ""REGULAR""}",,20.00,2026-05-31T14:16:21.003787+08:00,890
835,"{""id"": 889, ""slip_number"": ""9741024"", ""order_type"": ""DINE_IN"", ""payment_method"": ""CASH"", ""table_number"": ""1"", ""items_json"": [{""productId"": 7, ""name"": ""Pechopak - Meal"", ""price"": 169, ""quantity"": 1, ""discount"": 0}, {""productId"": 12, ""name"": ""Water - Bottled"", ""price"": 20, ""quantity"": 1, ""discount"": 0}], ""order_mode"": ""REGULAR""}",,189.00,2026-05-31T13:53:59.133520+08:00,889
834,"{""id"": 888, ""slip_number"": ""9741023"", ""order_type"": ""DINE_IN"", ""payment_method"": ""CASH"", ""table_number"": """", ""items_json"": [{""productId"": 7, ""name"": ""Pechopak - Meal"", ""price"": 169, ""quantity"": 1, ""discount"": 0}, {""productId"": 7, ""name"": ""Pechopak - Unli"", ""price"": 179, ""quantity"": 2, ""discount"": 0}], ""order_mode"": ""REGULAR""}",,527.00,2026-05-31T13:35:49.374030+08:00,888
833,"{""id"": 887, ""slip_number"": ""9741022"", ""order_type"": ""DINE_IN"", ""payment_method"": ""CASH"", ""table_number"": """", ""items_json"": [{""productId"": 1, ""name"": ""Coke - 1.5"", ""price"": 120, ""quantity"": 1, ""discount"": 0}], ""order_mode"": ""REGULAR""}",,120.00,2026-05-31T13:35:44.897463+08:00,887
832,"{""id"": 886, ""slip_number"": ""9741021"", ""order_type"": ""DINE_IN"", ""payment_method"": ""CASH"", ""table_number"": """", ""items_json"": [{""productId"": 9, ""name"": ""BBQ - One Piece Meal"", ""price"": 89, ""quantity"": 1, ""discount"": 0}, {""productId"": 10, ""name"": ""Leg - Unli"", ""price"": 159, ""quantity"": 1, ""discount"": 0}, {""productId"": 3, ""name"": ""Icetea - Icetea Pitcher"", ""price"": 129, ""quantity"": 1, ""discount"": 0}], ""order_mode"": ""REGULAR""}",,377.00,2026-05-31T13:35:42.461117+08:00,886
831,"{""id"": 885, ""slip_number"": ""9741020"", ""order_type"": ""DINE_IN"", ""payment_method"": ""CASH"", ""table_number"": """", ""items_json"": [{""productId"": 1, ""name"": ""Coke - Mismo"", ""price"": 25, ""quantity"": 1, ""discount"": 0}, {""productId"": 7, ""name"": ""Pechopak - Unli"", ""price"": 179, ""quantity"": 1, ""discount"": 0}], ""order_mode"": ""REGULAR""}",,204.00,2026-05-31T13:35:40.272050+08:00,885
830,"{""id"": 884, ""slip_number"": ""9741019"", ""order_type"": ""DINE_IN"", ""payment_method"": ""CASH"", ""table_number"": """", ""items_json"": [{""productId"": 10, ""name"": ""Leg - Meal"", ""price"": 149, ""quantity"": 1, ""discount"": 0}, {""productId"": 9, ""name"": ""BBQ - One Piece Meal"", ""price"": 89, ""quantity"": 1, ""discount"": 0}], ""order_mode"": ""REGULAR""}",,238.00,2026-05-31T13:35:35.048721+08:00,884
829,"{""id"": 883, ""slip_number"": ""9741018"", ""order_type"": ""DINE_IN"", ""payment_method"": ""CASH"", ""table_number"": """", ""items_json"": [{""productId"": 7, ""name"": ""Pechopak - Only"", ""price"": 159, ""quantity"": 2, ""discount"": 0}], ""order_mode"": ""REGULAR""}",,318.00,2026-05-31T13:35:30.653775+08:00,883
828,"{""id"": 878, ""slip_number"": ""9741013"", ""order_type"": ""DINE_IN"", ""payment_method"": ""CASH"", ""table_number"": ""3"", ""items_json"": [{""productId"": 9, ""name"": ""BBQ - One Piece Meal"", ""price"": 89, ""quantity"": 1, ""discount"": 0}, {""productId"": 11, ""name"": ""Wings - One Piece Meal"", ""price"": 79, ""quantity"": 1, ""discount"": 0}, {""productId"": 10, ""name"": ""Leg - Unli"", ""price"": 159, ""quantity"": 1, ""discount"": 0}, {""productId"": 3, ""name"": ""Icetea - Icetea Glass"", ""price"": 39, ""quantity"": 1}], ""order_mode"": ""REGULAR""}",,366.00,2026-05-30T23:27:55.555672+08:00,878
827,"{""id"": 879, ""slip_number"": ""9741014"", ""order_type"": ""DINE_IN"", ""payment_method"": ""GCASH"", ""table_number"": """", ""items_json"": [{""productId"": 7, ""name"": ""Pechopak - Unli"", ""price"": 179, ""quantity"": 4, ""discount"": 0}, {""productId"": 7, ""name"": ""Pechopak - Meal"", ""price"": 169, ""quantity"": 1, ""discount"": 0}, {""productId"": 3, ""name"": ""Icetea - Icetea Pitcher"", ""price"": 129, ""quantity"": 1, ""discount"": 0}], ""order_mode"": ""REGULAR""}",,1014.00,2026-05-30T23:27:41.789676+08:00,879
826,"{""id"": 880, ""slip_number"": ""9741015"", ""order_type"": ""DINE_IN"", ""payment_method"": ""CASH"", ""table_number"": ""1"", ""items_json"": [{""productId"": 8, ""name"": ""Liempo - Meal"", ""price"": 189, ""quantity"": 1, ""discount"": 0}, {""productId"": 3, ""name"": ""Icetea - Icetea Glass"", ""price"": 39, ""quantity"": 1, ""discount"": 0}], ""order_mode"": ""REGULAR""}",,228.00,2026-05-30T23:27:32.388279+08:00,880
825,"{""id"": 828, ""slip_number"": ""9740968"", ""order_type"": ""DINE_IN"", ""payment_method"": ""GCASH"", ""table_number"": """", ""items_json"": [{""productId"": 9, ""name"": ""BBQ - Only"", ""price"": 129, ""quantity"": 2, ""discount"": 0}, {""productId"": 10, ""name"": ""Leg - Only"", ""price"": 139, ""quantity"": 1}], ""order_mode"": ""REGULAR""}",,397.00,2026-05-30T22:35:52.422100+08:00,828
824,"{""id"": 877, ""slip_number"": ""9741012"", ""order_type"": ""TAKE_OUT"", ""payment_method"": ""CASH"", ""table_number"": ""3"", ""items_json"": [{""productId"": 7, ""name"": ""Pechopak - Only"", ""price"": 159, ""quantity"": 1, ""discount"": 0}], ""order_mode"": ""REGULAR""}",,159.00,2026-05-30T22:35:38.142805+08:00,877
823,"{""id"": 876, ""slip_number"": ""9741011"", ""order_type"": ""DINE_IN"", ""payment_method"": ""CASH"", ""table_number"": ""2"", ""items_json"": [{""productId"": 9, ""name"": ""BBQ - Unli"", ""price"": 149, ""quantity"": 4, ""discount"": 0}], ""order_mode"": ""REGULAR""}",,596.00,2026-05-30T22:35:35.897361+08:00,876
822,"{""id"": 875, ""slip_number"": ""21"", ""order_type"": ""DINE_IN"", ""payment_method"": """", ""table_number"": """", ""items_json"": [{""productId"": 9, ""name"": ""BBQ - One Piece Only"", ""price"": 79, ""quantity"": 3, ""discount"": 0}], ""order_mode"": ""EMPLOYEE""}",,237.00,2026-05-30T21:13:08.673162+08:00,875
821,"{""id"": 874, ""slip_number"": ""9741010"", ""order_type"": ""DINE_IN"", ""payment_method"": ""CASH"", ""table_number"": ""2"", ""items_json"": [{""productId"": 10, ""name"": ""Leg - Meal"", ""price"": 149, ""quantity"": 1, ""discount"": 0}, {""productId"": 9, ""name"": ""BBQ - Meal"", ""price"": 139, ""quantity"": 1, ""discount"": 0}, {""productId"": 3, ""name"": ""Icetea - Icetea Glass"", ""price"": 39, ""quantity"": 2, ""discount"": 0}], ""order_mode"": ""REGULAR""}",,366.00,2026-05-30T20:51:19.522951+08:00,874
820,"{""id"": 873, ""slip_number"": ""9741009"", ""order_type"": ""DINE_IN"", ""payment_method"": ""CASH"", ""table_number"": ""3"", ""items_json"": [{""productId"": 7, ""name"": ""Pechopak - Unli"", ""price"": 179, ""quantity"": 1, ""discount"": 0}, {""productId"": 9, ""name"": ""BBQ - Unli"", ""price"": 149, ""quantity"": 1, ""discount"": 0}, {""productId"": 3, ""name"": ""Icetea - Icetea Pitcher"", ""price"": 129, ""quantity"": 1, ""discount"": 0}], ""order_mode"": ""REGULAR""}",,457.00,2026-05-30T20:45:48.185221+08:00,873
819,"{""id"": 872, ""slip_number"": ""9741008"", ""order_type"": ""TAKE_OUT"", ""payment_method"": ""CASH"", ""table_number"": ""2"", ""items_json"": [{""productId"": 10, ""name"": ""Leg - Only"", ""price"": 139, ""quantity"": 2, ""discount"": 0}], ""order_mode"": ""REGULAR""}",,278.00,2026-05-30T19:49:36.518342+08:00,872
850,"{""id"": 881, ""slip_number"": ""9741016"", ""order_type"": ""TAKE_OUT"", ""payment_method"": ""CASH"", ""table_number"": ""1"", ""items_json"": [{""productId"": 7, ""name"": ""Pechopak - Unli"", ""price"": 179, ""quantity"": 1, ""discount"": 0}], ""order_mode"": ""REGULAR""}",,179.00,2026-05-30T19:46:00+08:00,881
851,"{""id"": 882, ""slip_number"": ""9741017"", ""order_type"": ""DINE_IN"", ""payment_method"": ""GCASH"", ""table_number"": ""2"", ""items_json"": [{""productId"": 7, ""name"": ""Pechopak - Unli"", ""price"": 179, ""quantity"": 1, ""discount"": 0}], ""order_mode"": ""REGULAR""}",,179.00,2026-05-30T19:46:00+08:00,882
818,"{""id"": 871, ""slip_number"": ""9741007"", ""order_type"": ""DINE_IN"", ""payment_method"": ""CASH"", ""table_number"": ""1"", ""items_json"": [{""productId"": 3, ""name"": ""Icetea - Icetea Glass"", ""price"": 39, ""quantity"": 2, ""discount"": 0}], ""order_mode"": ""REGULAR""}",,78.00,2026-05-30T19:37:33.360548+08:00,871
817,"{""id"": 870, ""slip_number"": ""9741006"", ""order_type"": ""DINE_IN"", ""payment_method"": ""CASH"", ""table_number"": ""1"", ""items_json"": [{""productId"": 10, ""name"": ""Leg - Meal"", ""price"": 149, ""quantity"": 1, ""discount"": 0}, {""productId"": 8, ""name"": ""Liempo - Unli"", ""price"": 199, ""quantity"": 1, ""discount"": 0}, {""productId"": 7, ""name"": ""Pechopak - Unli"", ""price"": 179, ""quantity"": 1}], ""order_mode"": ""REGULAR""}",,527.00,2026-05-30T19:37:00+08:00,870
816,"{""id"": 869, ""slip_number"": ""9741005"", ""order_type"": ""TAKE_OUT"", ""payment_method"": ""CASH"", ""table_number"": ""2"", ""items_json"": [{""productId"": 7, ""name"": ""Pechopak - Unli"", ""price"": 179, ""quantity"": 3, ""discount"": 0}], ""order_mode"": ""REGULAR""}",,537.00,2026-05-30T19:23:02.705161+08:00,869
815,"{""id"": 868, ""slip_number"": ""9741004"", ""order_type"": ""DINE_IN"", ""payment_method"": ""CASH"", ""table_number"": ""1"", ""items_json"": [{""productId"": 10, ""name"": ""Leg - Meal"", ""price"": 149, ""quantity"": 1, ""discount"": 0}, {""productId"": 10, ""name"": ""Leg - Unli"", ""price"": 159, ""quantity"": 1, ""discount"": 0}, {""productId"": 3, ""name"": ""Icetea - Icetea Pitcher"", ""price"": 129, ""quantity"": 1, ""discount"": 0}], ""order_mode"": ""REGULAR""}",,437.00,2026-05-30T19:10:54.228649+08:00,868
814,"{""id"": 867, ""slip_number"": ""9741003"", ""order_type"": ""DINE_IN"", ""payment_method"": ""CASH"", ""table_number"": ""1"", ""items_json"": [{""productId"": 7, ""name"": ""Pechopak - Unli"", ""price"": 179, ""quantity"": 2, ""discount"": 0}], ""order_mode"": ""REGULAR""}",,358.00,2026-05-30T16:41:40.878214+08:00,867
813,"{""id"": 866, ""slip_number"": ""9741002"", ""order_type"": ""DINE_IN"", ""payment_method"": ""CASH"", ""table_number"": """", ""items_json"": [{""productId"": 9, ""name"": ""BBQ - Meal"", ""price"": 139, ""quantity"": 2, ""discount"": 0}, {""productId"": 5, ""name"": ""Sprite - Mismo"", ""price"": 25, ""quantity"": 1, ""discount"": 0}], ""order_mode"": ""REGULAR""}",,303.00,2026-05-30T15:13:23.561523+08:00,866
812,"{""id"": 865, ""slip_number"": ""9741001"", ""order_type"": ""TAKE_OUT"", ""payment_method"": ""CASH"", ""table_number"": """", ""items_json"": [{""productId"": 8, ""name"": ""Liempo - Meal"", ""price"": 189, ""quantity"": 1, ""discount"": 0}], ""order_mode"": ""REGULAR""}",,189.00,2026-05-30T14:31:44.649016+08:00,865
811,"{""id"": 864, ""slip_number"": ""9741000"", ""order_type"": ""DINE_IN"", ""payment_method"": ""CASH"", ""table_number"": ""2"", ""items_json"": [{""productId"": 7, ""name"": ""Pechopak - Unli"", ""price"": 179, ""quantity"": 2, ""discount"": 0}], ""order_mode"": ""REGULAR""}",,358.00,2026-05-30T13:25:51.890675+08:00,864
810,"{""id"": 863, ""slip_number"": ""9740999"", ""order_type"": ""DINE_IN"", ""payment_method"": ""CASH"", ""table_number"": ""1"", ""items_json"": [{""productId"": 8, ""name"": ""Liempo - Unli"", ""price"": 199, ""quantity"": 1, ""discount"": 0}, {""productId"": 3, ""name"": ""Icetea - Icetea Glass"", ""price"": 39, ""quantity"": 1, ""discount"": 0}], ""order_mode"": ""REGULAR""}",,238.00,2026-05-30T11:57:17.119404+08:00,863
809,"{""id"": 862, ""slip_number"": ""9740998"", ""order_type"": ""PICK_UP"", ""payment_method"": ""CASH"", ""table_number"": """", ""items_json"": [{""productId"": 10, ""name"": ""Leg - Meal"", ""price"": 149, ""quantity"": 1, ""discount"": 0}], ""order_mode"": ""REGULAR""}",,149.00,2026-05-30T11:57:14.451825+08:00,862
808,"{""id"": 861, ""slip_number"": null, ""order_type"": ""DINE_IN"", ""payment_method"": """", ""table_number"": """", ""items_json"": [{""productId"": 10, ""name"": ""Leg - Only"", ""price"": 139, ""quantity"": 7, ""discount"": 0}], ""order_mode"": ""WASTE""}",,973.00,2026-05-30T00:06:18.238925+08:00,861
807,"{""id"": 860, ""slip_number"": ""9740997"", ""order_type"": ""DINE_IN"", ""payment_method"": ""CASH"", ""table_number"": ""2"", ""items_json"": [{""productId"": 8, ""name"": ""Liempo - Meal"", ""price"": 189, ""quantity"": 1, ""discount"": 0}, {""productId"": 5, ""name"": ""Sprite - Mismo"", ""price"": 25, ""quantity"": 1, ""discount"": 0}], ""order_mode"": ""REGULAR""}",,214.00,2026-05-29T23:03:01.566958+08:00,860
806,"{""id"": 858, ""slip_number"": ""9740995"", ""order_type"": ""DINE_IN"", ""payment_method"": ""CASH"", ""table_number"": ""1"", ""items_json"": [{""productId"": 8, ""name"": ""Liempo - Unli"", ""price"": 199, ""quantity"": 1, ""discount"": 0}, {""productId"": 7, ""name"": ""Pechopak - Unli"", ""price"": 179, ""quantity"": 1, ""discount"": 0}, {""productId"": 3, ""name"": ""Icetea - Icetea Pitcher"", ""price"": 129, ""quantity"": 1, ""discount"": 0}], ""order_mode"": ""REGULAR""}",,507.00,2026-05-29T22:53:36.689800+08:00,858
805,"{""id"": 859, ""slip_number"": ""9740996"", ""order_type"": ""TAKE_OUT"", ""payment_method"": ""CASH"", ""table_number"": ""3"", ""items_json"": [{""productId"": 7, ""name"": ""Pechopak - Unli"", ""price"": 179, ""quantity"": 1}], ""order_mode"": ""REGULAR""}",,179.00,2026-05-29T22:53:30.127450+08:00,859
804,"{""id"": 857, ""slip_number"": ""9740994"", ""order_type"": ""TAKE_OUT"", ""payment_method"": ""CASH"", ""table_number"": ""1"", ""items_json"": [{""productId"": 9, ""name"": ""BBQ - Meal"", ""price"": 139, ""quantity"": 1, ""discount"": 0}], ""order_mode"": ""REGULAR""}",,139.00,2026-05-29T22:29:52.813054+08:00,857
803,"{""id"": 856, ""slip_number"": ""9740993"", ""order_type"": ""DINE_IN"", ""payment_method"": ""CASH"", ""table_number"": ""1"", ""items_json"": [{""productId"": 9, ""name"": ""BBQ - One Piece Meal"", ""price"": 89, ""quantity"": 1, ""discount"": 0}, {""productId"": 11, ""name"": ""Wings - Unli"", ""price"": 139, ""quantity"": 1, ""discount"": 0}], ""order_mode"": ""REGULAR""}",,228.00,2026-05-29T22:07:05.157546+08:00,856
802,"{""id"": 855, ""slip_number"": ""9740992"", ""order_type"": ""DINE_IN"", ""payment_method"": ""CASH"", ""table_number"": ""1"", ""items_json"": [{""productId"": 10, ""name"": ""Leg - Meal"", ""price"": 149, ""quantity"": 1, ""discount"": 0}, {""productId"": 8, ""name"": ""Liempo - Unli"", ""price"": 199, ""quantity"": 1, ""discount"": 0}, {""productId"": 5, ""name"": ""Sprite - Mismo"", ""price"": 25, ""quantity"": 1, ""discount"": 0}, {""productId"": 3, ""name"": ""Icetea - Icetea Glass"", ""price"": 39, ""quantity"": 1, ""discount"": 0}], ""order_mode"": ""REGULAR""}",,412.00,2026-05-29T21:43:08.705580+08:00,855
801,"{""id"": 854, ""slip_number"": ""9740992"", ""order_type"": ""DINE_IN"", ""payment_method"": ""GCASH"", ""table_number"": ""3"", ""items_json"": [{""productId"": 7, ""name"": ""Pechopak - Unli"", ""price"": 179, ""quantity"": 2, ""discount"": 0}, {""productId"": 5, ""name"": ""Sprite - Mismo"", ""price"": 25, ""quantity"": 1, ""discount"": 0}, {""productId"": 4, ""name"": ""Royal - Mismo"", ""price"": 25, ""quantity"": 1, ""discount"": 0}], ""order_mode"": ""REGULAR""}",,408.00,2026-05-29T21:27:19.699101+08:00,854
800,"{""id"": 853, ""slip_number"": ""9740991"", ""order_type"": ""DINE_IN"", ""payment_method"": ""CASH"", ""table_number"": ""3"", ""items_json"": [{""productId"": 10, ""name"": ""Leg - Unli"", ""price"": 159, ""quantity"": 2, ""discount"": 0}, {""productId"": 3, ""name"": ""Icetea - Icetea Pitcher"", ""price"": 129, ""quantity"": 1, ""discount"": 0}], ""order_mode"": ""REGULAR""}",,447.00,2026-05-29T20:43:33.431027+08:00,853
799,"{""id"": 852, ""slip_number"": ""9740990"", ""order_type"": ""DINE_IN"", ""payment_method"": ""CASH"", ""table_number"": ""1"", ""items_json"": [{""productId"": 9, ""name"": ""BBQ - Meal"", ""price"": 139, ""quantity"": 1, ""discount"": 0}, {""productId"": 9, ""name"": ""BBQ - One Piece Meal"", ""price"": 89, ""quantity"": 2, ""discount"": 0}, {""productId"": 4, ""name"": ""Royal - Mismo"", ""price"": 25, ""quantity"": 2, ""discount"": 0}, {""productId"": 3, ""name"": ""Icetea - Icetea Glass"", ""price"": 39, ""quantity"": 1, ""discount"": 0}], ""order_mode"": ""REGULAR""}",,406.00,2026-05-29T20:43:28.252436+08:00,852
798,"{""id"": 850, ""slip_number"": ""9740988"", ""order_type"": ""DINE_IN"", ""payment_method"": ""CASH"", ""table_number"": ""3"", ""items_json"": [{""productId"": 8, ""name"": ""Liempo - Unli"", ""price"": 199, ""quantity"": 1, ""discount"": 0}, {""productId"": 5, ""name"": ""Sprite - Mismo"", ""price"": 25, ""quantity"": 1, ""discount"": 0}], ""order_mode"": ""REGULAR""}",,224.00,2026-05-29T20:19:26.468353+08:00,850
797,"{""id"": 851, ""slip_number"": ""9740989"", ""order_type"": ""DINE_IN"", ""payment_method"": ""GCASH"", ""table_number"": ""4"", ""items_json"": [{""productId"": 10, ""name"": ""Leg - Unli"", ""price"": 159, ""quantity"": 2, ""discount"": 0}, {""productId"": 12, ""name"": ""Water - Bottled"", ""price"": 20, ""quantity"": 1, ""discount"": 0}], ""order_mode"": ""REGULAR""}",,338.00,2026-05-29T20:19:20.516493+08:00,851
796,"{""id"": 849, ""slip_number"": ""9740987"", ""order_type"": ""DINE_IN"", ""payment_method"": ""CASH"", ""table_number"": ""5"", ""items_json"": [{""productId"": 9, ""name"": ""BBQ - Meal"", ""price"": 139, ""quantity"": 1, ""discount"": 0}, {""productId"": 10, ""name"": ""Leg - Unli"", ""price"": 159, ""quantity"": 1, ""discount"": 0}, {""productId"": 4, ""name"": ""Royal - Mismo"", ""price"": 25, ""quantity"": 1, ""discount"": 0}, {""productId"": 5, ""name"": ""Sprite - Mismo"", ""price"": 25, ""quantity"": 1, ""discount"": 0}], ""order_mode"": ""REGULAR""}",,348.00,2026-05-29T19:56:48.002773+08:00,849
795,"{""id"": 848, ""slip_number"": ""9740986"", ""order_type"": ""DINE_IN"", ""payment_method"": ""GCASH"", ""table_number"": ""4"", ""items_json"": [{""productId"": 7, ""name"": ""Pechopak - Unli"", ""price"": 179, ""quantity"": 1, ""discount"": 0}, {""productId"": 9, ""name"": ""BBQ - Meal"", ""price"": 139, ""quantity"": 1, ""discount"": 0}, {""productId"": 1, ""name"": ""Coke - 1.5"", ""price"": 120, ""quantity"": 1, ""discount"": 0}], ""order_mode"": ""REGULAR""}",,438.00,2026-05-29T19:56:43.968237+08:00,848
794,"{""id"": 847, ""slip_number"": ""9740985"", ""order_type"": ""DINE_IN"", ""payment_method"": ""CASH"", ""table_number"": ""3"", ""items_json"": [{""productId"": 7, ""name"": ""Pechopak - Unli"", ""price"": 179, ""quantity"": 2, ""discount"": 0}], ""order_mode"": ""REGULAR""}",,358.00,2026-05-29T19:38:20.968450+08:00,847
793,"{""id"": 846, ""slip_number"": ""9740984"", ""order_type"": ""DINE_IN"", ""payment_method"": ""GCASH"", ""table_number"": ""5"", ""items_json"": [{""productId"": 10, ""name"": ""Leg - Unli"", ""price"": 159, ""quantity"": 2, ""discount"": 0}], ""order_mode"": ""REGULAR""}",,318.00,2026-05-29T19:31:25.217033+08:00,846
792,"{""id"": 845, ""slip_number"": ""9740983"", ""order_type"": ""DINE_IN"", ""payment_method"": ""CASH"", ""table_number"": ""4"", ""items_json"": [{""productId"": 10, ""name"": ""Leg - Only"", ""price"": 139, ""quantity"": 2, ""discount"": 0}], ""order_mode"": ""REGULAR""}",,278.00,2026-05-29T19:09:22.295522+08:00,845
791,"{""id"": 844, ""slip_number"": ""9740982"", ""order_type"": ""DINE_IN"", ""payment_method"": ""CASH"", ""table_number"": ""2"", ""items_json"": [{""productId"": 9, ""name"": ""BBQ - Meal"", ""price"": 139, ""quantity"": 1, ""discount"": 0}, {""productId"": 11, ""name"": ""Wings - Meal"", ""price"": 129, ""quantity"": 1, ""discount"": 0}], ""order_mode"": ""REGULAR""}",,268.00,2026-05-29T18:42:34.180457+08:00,844
790,"{""id"": 843, ""slip_number"": ""9740981"", ""order_type"": ""DINE_IN"", ""payment_method"": ""CASH"", ""table_number"": ""5"", ""items_json"": [{""productId"": 8, ""name"": ""Liempo - Meal"", ""price"": 189, ""quantity"": 1, ""discount"": 0}, {""productId"": 10, ""name"": ""Leg - Meal"", ""price"": 149, ""quantity"": 1, ""discount"": 0}], ""order_mode"": ""REGULAR""}",,338.00,2026-05-29T18:42:32.940720+08:00,843
789,"{""id"": 842, ""slip_number"": ""9740980"", ""order_type"": ""DINE_IN"", ""payment_method"": ""CASH"", ""table_number"": ""3"", ""items_json"": [{""productId"": 9, ""name"": ""BBQ - Meal"", ""price"": 139, ""quantity"": 1, ""discount"": 0}, {""productId"": 9, ""name"": ""BBQ - Unli"", ""price"": 149, ""quantity"": 1, ""discount"": 0}, {""productId"": 3, ""name"": ""Icetea - Icetea Pitcher"", ""price"": 129, ""quantity"": 1, ""discount"": 0}], ""order_mode"": ""REGULAR""}",,417.00,2026-05-29T18:24:58.993697+08:00,842
788,"{""id"": 841, ""slip_number"": ""9740979"", ""order_type"": ""TAKE_OUT"", ""payment_method"": ""CASH"", ""table_number"": ""3"", ""items_json"": [{""productId"": 7, ""name"": ""Pechopak - Meal"", ""price"": 169, ""quantity"": 2, ""discount"": 0}, {""productId"": 9, ""name"": ""BBQ - Meal"", ""price"": 139, ""quantity"": 2, ""discount"": 0}], ""order_mode"": ""REGULAR""}",,616.00,2026-05-29T16:54:09.512463+08:00,841
787,"{""id"": 840, ""slip_number"": ""9740978"", ""order_type"": ""DINE_IN"", ""payment_method"": ""CASH"", ""table_number"": """", ""items_json"": [{""productId"": 1, ""name"": ""Coke - Mismo"", ""price"": 25, ""quantity"": 1, ""discount"": 0}], ""order_mode"": ""REGULAR""}",,25.00,2026-05-29T16:04:36.138907+08:00,840
786,"{""id"": 839, ""slip_number"": ""9740977"", ""order_type"": ""DINE_IN"", ""payment_method"": ""CASH"", ""table_number"": ""1"", ""items_json"": [{""productId"": 7, ""name"": ""Pechopak - Unli"", ""price"": 179, ""quantity"": 1, ""discount"": 0}], ""order_mode"": ""REGULAR""}",,179.00,2026-05-29T14:49:44.870102+08:00,839
785,"{""id"": 838, ""slip_number"": ""9740976"", ""order_type"": ""DINE_IN"", ""payment_method"": ""CASH"", ""table_number"": ""1"", ""items_json"": [{""productId"": 11, ""name"": ""Wings - One Piece Only"", ""price"": 69, ""quantity"": 1, ""discount"": 0}, {""productId"": 9, ""name"": ""BBQ - One Piece Meal"", ""price"": 79, ""quantity"": 1, ""discount"": 0}, {""productId"": 5, ""name"": ""Sprite - Mismo"", ""price"": 25, ""quantity"": 1, ""discount"": 0}], ""order_mode"": ""REGULAR""}",,173.00,2026-05-29T13:26:38.707681+08:00,838
784,"{""id"": 836, ""slip_number"": ""9740974"", ""order_type"": ""DINE_IN"", ""payment_method"": ""CASH"", ""table_number"": ""1"", ""items_json"": [{""productId"": 9, ""name"": ""BBQ - Meal"", ""price"": 139, ""quantity"": 1, ""discount"": 0}, {""productId"": 9, ""name"": ""BBQ - Meal"", ""price"": 139, ""quantity"": 1, ""discount"": 20}, {""productId"": 7, ""name"": ""Pechopak - Meal"", ""price"": 169, ""quantity"": 3, ""discount"": 20}, {""productId"": 7, ""name"": ""Pechopak - Unli"", ""price"": 179, ""quantity"": 1, ""discount"": 20}, {""productId"": 8, ""name"": ""Liempo - Meal"", ""price"": 189, ""quantity"": 1, ""discount"": 20}, {""productId"": 10, ""name"": ""Leg - Meal"", ""price"": 149, ""quantity"": 4, ""discount"": 0}, {""productId"": 3, ""name"": ""Icetea - Icetea Pitcher"", ""price"": 129, ""quantity"": 2, ""discount"": 20}], ""order_mode"": ""REGULAR""}",,1752.60,2026-05-29T11:20:28.984582+08:00,836
783,"{""id"": 837, ""slip_number"": ""9740975"", ""order_type"": ""TAKE_OUT"", ""payment_method"": ""CASH"", ""table_number"": ""1"", ""items_json"": [{""productId"": 10, ""name"": ""Leg - Meal"", ""price"": 149, ""quantity"": 1, ""discount"": 0}], ""order_mode"": ""REGULAR""}",,149.00,2026-05-29T11:20:27.071287+08:00,837
782,"{""id"": 835, ""slip_number"": ""9740973"", ""order_type"": ""DINE_IN"", ""payment_method"": ""CASH"", ""table_number"": ""1"", ""items_json"": [{""productId"": 8, ""name"": ""Liempo - Unli"", ""price"": 199, ""quantity"": 2, ""discount"": 20}, {""productId"": 9, ""name"": ""BBQ - Unli"", ""price"": 149, ""quantity"": 1, ""discount"": 0}, {""productId"": 7, ""name"": ""Pechopak - Unli"", ""price"": 179, ""quantity"": 1, ""discount"": 0}], ""order_mode"": ""REGULAR""}",,646.40,2026-05-29T11:20:26.186333+08:00,835
781,"{""id"": 833, ""slip_number"": ""9740972"", ""order_type"": ""DINE_IN"", ""payment_method"": ""CASH"", ""table_number"": ""1"", ""items_json"": [{""productId"": 7, ""name"": ""Pechopak - Meal"", ""price"": 169, ""quantity"": 2, ""discount"": 0}, {""productId"": 8, ""name"": ""Liempo - Meal"", ""price"": 189, ""quantity"": 1, ""discount"": 0}], ""order_mode"": ""REGULAR""}",,527.00,2026-05-28T23:17:59.362900+08:00,833
780,"{""id"": 832, ""slip_number"": ""9740971"", ""order_type"": ""DINE_IN"", ""payment_method"": ""GCASH"", ""table_number"": ""2"", ""items_json"": [{""productId"": 7, ""name"": ""Pechopak - Unli"", ""price"": 179, ""quantity"": 2, ""discount"": 0}, {""productId"": 3, ""name"": ""Icetea - Icetea Glass"", ""price"": 39, ""quantity"": 1, ""discount"": 0}], ""order_mode"": ""REGULAR""}",,397.00,2026-05-28T22:33:55.612079+08:00,832
779,"{""id"": 831, ""slip_number"": ""9740970"", ""order_type"": ""DINE_IN"", ""payment_method"": ""CASH"", ""table_number"": """", ""items_json"": [{""productId"": 1, ""name"": ""Coke - Mismo"", ""price"": 25, ""quantity"": 1, ""discount"": 0}], ""order_mode"": ""REGULAR""}",,25.00,2026-05-28T22:20:44.839189+08:00,831
778,"{""id"": 830, ""slip_number"": ""9740970"", ""order_type"": ""DINE_IN"", ""payment_method"": ""CASH"", ""table_number"": ""1"", ""items_json"": [{""productId"": 7, ""name"": ""Pechopak - Meal"", ""price"": 169, ""quantity"": 1, ""discount"": 0}, {""productId"": 9, ""name"": ""BBQ - Meal"", ""price"": 139, ""quantity"": 1, ""discount"": 0}], ""order_mode"": ""REGULAR""}",,308.00,2026-05-28T22:05:46.329995+08:00,830
777,"{""id"": 829, ""slip_number"": ""9740969"", ""order_type"": ""DINE_IN"", ""payment_method"": ""CASH"", ""table_number"": ""2"", ""items_json"": [{""productId"": 9, ""name"": ""BBQ - Unli"", ""price"": 149, ""quantity"": 2, ""discount"": 0}], ""order_mode"": ""REGULAR""}",,298.00,2026-05-28T22:05:41.872998+08:00,829
776,"{""id"": 823, ""slip_number"": ""9740963"", ""order_type"": ""DINE_IN"", ""payment_method"": ""GCASH"", ""table_number"": ""5"", ""items_json"": [{""productId"": 7, ""name"": ""Pechopak - Unli"", ""price"": 179, ""quantity"": 1, ""discount"": 0}, {""productId"": 3, ""name"": ""Icetea - Icetea Pitcher"", ""price"": 129, ""quantity"": 1, ""discount"": 0}], ""order_mode"": ""REGULAR""}",,308.00,2026-05-28T20:39:00+08:00,823
775,"{""id"": 826, ""slip_number"": ""9740966"", ""order_type"": ""DINE_IN"", ""payment_method"": ""CASH"", ""table_number"": ""1"", ""items_json"": [{""productId"": 10, ""name"": ""Leg - Meal"", ""price"": 149, ""quantity"": 1, ""discount"": 0}], ""order_mode"": ""REGULAR""}",,149.00,2026-05-28T20:18:32.359165+08:00,826
774,"{""id"": 827, ""slip_number"": ""9740967"", ""order_type"": ""DINE_IN"", ""payment_method"": ""CASH"", ""table_number"": """", ""items_json"": [{""productId"": 2, ""name"": ""Rice - Extra"", ""price"": 20, ""quantity"": 2, ""discount"": 0}], ""order_mode"": ""REGULAR""}",,40.00,2026-05-28T20:15:58.583352+08:00,827
773,"{""id"": 825, ""slip_number"": ""9740965"", ""order_type"": ""DINE_IN"", ""payment_method"": ""CASH"", ""table_number"": ""4"", ""items_json"": [{""productId"": 7, ""name"": ""Pechopak - Unli"", ""price"": 179, ""quantity"": 1, ""discount"": 0}, {""productId"": 1, ""name"": ""Coke - Mismo"", ""price"": 25, ""quantity"": 1}], ""order_mode"": ""REGULAR""}",,204.00,2026-05-28T20:10:42.086524+08:00,825
772,"{""id"": 824, ""slip_number"": ""9740964"", ""order_type"": ""DINE_IN"", ""payment_method"": ""GCASH"", ""table_number"": ""3"", ""items_json"": [{""productId"": 8, ""name"": ""Liempo - Meal"", ""price"": 189, ""quantity"": 1, ""discount"": 0}, {""productId"": 9, ""name"": ""BBQ - Meal"", ""price"": 139, ""quantity"": 2, ""discount"": 0}, {""productId"": 7, ""name"": ""Pechopak - Meal"", ""price"": 169, ""quantity"": 1, ""discount"": 0}, {""productId"": 3, ""name"": ""Icetea - Icetea Pitcher"", ""price"": 129, ""quantity"": 1, ""discount"": 0}], ""order_mode"": ""REGULAR""}",,765.00,2026-05-28T20:10:37.357562+08:00,824
771,"{""id"": 818, ""slip_number"": ""9740958"", ""order_type"": ""DINE_IN"", ""payment_method"": ""CASH"", ""table_number"": ""1"", ""items_json"": [{""productId"": 10, ""name"": ""Leg - Unli"", ""price"": 159, ""quantity"": 1, ""discount"": 0}, {""productId"": 8, ""name"": ""Liempo - Unli"", ""price"": 199, ""quantity"": 1, ""discount"": 0}, {""productId"": 3, ""name"": ""Icetea - Icetea Pitcher"", ""price"": 129, ""quantity"": 1}], ""order_mode"": ""REGULAR""}",,487.00,2026-05-28T19:53:04.205152+08:00,818
770,"{""id"": 819, ""slip_number"": ""9740959"", ""order_type"": ""DINE_IN"", ""payment_method"": ""GCASH"", ""table_number"": ""2"", ""items_json"": [{""productId"": 10, ""name"": ""Leg - Meal"", ""price"": 149, ""quantity"": 1, ""discount"": 0}, {""productId"": 8, ""name"": ""Liempo - Meal"", ""price"": 189, ""quantity"": 1, ""discount"": 0}, {""productId"": 3, ""name"": ""Icetea - Icetea Glass"", ""price"": 39, ""quantity"": 1, ""discount"": 0}, {""productId"": 5, ""name"": ""Sprite - Mismo"", ""price"": 25, ""quantity"": 1, ""discount"": 0}], ""order_mode"": ""REGULAR""}",,402.00,2026-05-28T19:52:06.595633+08:00,819
769,"{""id"": 820, ""slip_number"": ""9740960"", ""order_type"": ""DINE_IN"", ""payment_method"": ""GCASH"", ""table_number"": ""5"", ""items_json"": [{""productId"": 8, ""name"": ""Liempo - Meal"", ""price"": 189, ""quantity"": 1, ""discount"": 0}], ""order_mode"": ""REGULAR""}",,189.00,2026-05-28T19:46:29.704904+08:00,820
768,"{""id"": 817, ""slip_number"": ""9740957"", ""order_type"": ""DINE_IN"", ""payment_method"": ""CASH"", ""table_number"": ""3"", ""items_json"": [{""productId"": 7, ""name"": ""Pechopak - Meal"", ""price"": 169, ""quantity"": 4, ""discount"": 0}, {""productId"": 3, ""name"": ""Icetea - Icetea Pitcher"", ""price"": 129, ""quantity"": 1, ""discount"": 0}], ""order_mode"": ""REGULAR""}",,805.00,2026-05-28T19:30:16.970498+08:00,817
767,"{""id"": 822, ""slip_number"": ""9740962"", ""order_type"": ""DINE_IN"", ""payment_method"": ""CASH"", ""table_number"": """", ""items_json"": [{""productId"": 1, ""name"": ""Coke - Mismo"", ""price"": 25, ""quantity"": 1, ""discount"": 0}], ""order_mode"": ""REGULAR""}",,25.00,2026-05-28T19:29:41.957222+08:00,822
766,"{""id"": 821, ""slip_number"": ""9740961"", ""order_type"": ""DINE_IN"", ""payment_method"": ""GCASH"", ""table_number"": """", ""items_json"": [{""productId"": 1, ""name"": ""Coke - Mismo"", ""price"": 25, ""quantity"": 1, ""discount"": 0}], ""order_mode"": ""REGULAR""}",,25.00,2026-05-28T19:29:17.203458+08:00,821
765,"{""id"": 816, ""slip_number"": ""9740956"", ""order_type"": ""DINE_IN"", ""payment_method"": ""CASH"", ""table_number"": ""5"", ""items_json"": [{""productId"": 10, ""name"": ""Leg - Unli"", ""price"": 159, ""quantity"": 1, ""discount"": 0}, {""productId"": 7, ""name"": ""Pechopak - Unli"", ""price"": 179, ""quantity"": 1, ""discount"": 0}, {""productId"": 1, ""name"": ""Coke - Mismo"", ""price"": 25, ""quantity"": 2, ""discount"": 0}], ""order_mode"": ""REGULAR""}",,388.00,2026-05-28T18:48:41.243910+08:00,816
764,"{""id"": 815, ""slip_number"": ""9740955"", ""order_type"": ""TAKE_OUT"", ""payment_method"": ""CASH"", ""table_number"": ""2"", ""items_json"": [{""productId"": 7, ""name"": ""Pechopak - Meal"", ""price"": 169, ""quantity"": 3, ""discount"": 0}], ""order_mode"": ""REGULAR""}",,507.00,2026-05-28T18:40:18.547476+08:00,815
763,"{""id"": 814, ""slip_number"": ""9740954"", ""order_type"": ""DINE_IN"", ""payment_method"": ""CASH"", ""table_number"": ""5"", ""items_json"": [{""productId"": 7, ""name"": ""Pechopak - Unli"", ""price"": 179, ""quantity"": 1, ""discount"": 0}], ""order_mode"": ""REGULAR""}",,179.00,2026-05-28T17:47:23.399564+08:00,814
762,"{""id"": 813, ""slip_number"": ""9740953"", ""order_type"": ""DINE_IN"", ""payment_method"": ""CASH"", ""table_number"": ""1"", ""items_json"": [{""productId"": 10, ""name"": ""Leg - Unli"", ""price"": 159, ""quantity"": 2, ""discount"": 0}, {""productId"": 5, ""name"": ""Sprite - Mismo"", ""price"": 25, ""quantity"": 1, ""discount"": 0}, {""productId"": 1, ""name"": ""Coke - Mismo"", ""price"": 25, ""quantity"": 1, ""discount"": 0}], ""order_mode"": ""REGULAR""}",,368.00,2026-05-28T17:05:24.303701+08:00,813
761,"{""id"": 812, ""slip_number"": ""9740952"", ""order_type"": ""DINE_IN"", ""payment_method"": ""CASH"", ""table_number"": ""3"", ""items_json"": [{""productId"": 10, ""name"": ""Leg - Unli"", ""price"": 159, ""quantity"": 1, ""discount"": 0}, {""productId"": 10, ""name"": ""Leg - Meal"", ""price"": 149, ""quantity"": 1, ""discount"": 0}, {""productId"": 3, ""name"": ""Icetea - Icetea Glass"", ""price"": 39, ""quantity"": 2, ""discount"": 0}], ""order_mode"": ""REGULAR""}",,386.00,2026-05-28T13:59:41.041195+08:00,812
760,"{""id"": 811, ""slip_number"": ""9740951"", ""order_type"": ""DINE_IN"", ""payment_method"": ""CASH"", ""table_number"": ""1"", ""items_json"": [{""productId"": 10, ""name"": ""Leg - Unli"", ""price"": 159, ""quantity"": 2, ""discount"": 0}], ""order_mode"": ""REGULAR""}",,318.00,2026-05-28T13:43:44.016371+08:00,811
759,"{""id"": 810, ""slip_number"": ""9740950"", ""order_type"": ""DINE_IN"", ""payment_method"": ""GCASH"", ""table_number"": ""3"", ""items_json"": [{""productId"": 10, ""name"": ""Leg - Unli"", ""price"": 159, ""quantity"": 1, ""discount"": 0}, {""productId"": 7, ""name"": ""Pechopak - Unli"", ""price"": 179, ""quantity"": 1, ""discount"": 0}], ""order_mode"": ""REGULAR""}",,338.00,2026-05-28T13:07:09.974591+08:00,810
758,"{""id"": 809, ""slip_number"": ""9740949"", ""order_type"": ""DINE_IN"", ""payment_method"": ""GCASH"", ""table_number"": """", ""items_json"": [{""productId"": 7, ""name"": ""Pechopak - Only"", ""price"": 159, ""quantity"": 1, ""discount"": 0}, {""productId"": 9, ""name"": ""BBQ - Only"", ""price"": 129, ""quantity"": 1, ""discount"": 0}], ""order_mode"": ""REGULAR""}",,288.00,2026-05-27T22:21:20.900380+08:00,809
757,"{""id"": 808, ""slip_number"": ""9740948"", ""order_type"": ""DINE_IN"", ""payment_method"": ""GCASH"", ""table_number"": ""5"", ""items_json"": [{""productId"": 7, ""name"": ""Pechopak - Unli"", ""price"": 179, ""quantity"": 1, ""discount"": 0}, {""productId"": 8, ""name"": ""Liempo - Unli"", ""price"": 199, ""quantity"": 1, ""discount"": 0}, {""productId"": 1, ""name"": ""Coke - Mismo"", ""price"": 25, ""quantity"": 2, ""discount"": 0}], ""order_mode"": ""REGULAR""}",,428.00,2026-05-27T22:20:59.361852+08:00,808
756,"{""id"": 806, ""slip_number"": ""9740946"", ""order_type"": ""DINE_IN"", ""payment_method"": ""CASH"", ""table_number"": ""3"", ""items_json"": [{""productId"": 1, ""name"": ""Coke - Mismo"", ""price"": 25, ""quantity"": 2, ""discount"": 0}, {""productId"": 7, ""name"": ""Pechopak - Unli"", ""price"": 179, ""quantity"": 2, ""discount"": 0}], ""order_mode"": ""REGULAR""}",,408.00,2026-05-27T21:50:55.597128+08:00,806
755,"{""id"": 807, ""slip_number"": ""9740947"", ""order_type"": ""DINE_IN"", ""payment_method"": ""CASH"", ""table_number"": ""1"", ""items_json"": [{""productId"": 7, ""name"": ""Pechopak - Unli"", ""price"": 179, ""quantity"": 1, ""discount"": 0}], ""order_mode"": ""REGULAR""}",,179.00,2026-05-27T21:50:08.460935+08:00,807
754,"{""id"": 805, ""slip_number"": ""9740945"", ""order_type"": ""DINE_IN"", ""payment_method"": ""CASH"", ""table_number"": ""3"", ""items_json"": [{""productId"": 8, ""name"": ""Liempo - Unli"", ""price"": 199, ""quantity"": 2, ""discount"": 0}], ""order_mode"": ""REGULAR""}",,398.00,2026-05-27T21:28:01.602303+08:00,805
753,"{""id"": 804, ""slip_number"": ""9740944"", ""order_type"": ""DINE_IN"", ""payment_method"": ""CASH"", ""table_number"": ""1"", ""items_json"": [{""productId"": 10, ""name"": ""Leg - Unli"", ""price"": 159, ""quantity"": 2, ""discount"": 0}], ""order_mode"": ""REGULAR""}",,318.00,2026-05-27T21:17:33.151995+08:00,804
752,"{""id"": 803, ""slip_number"": ""9740943"", ""order_type"": ""DINE_IN"", ""payment_method"": ""CASH"", ""table_number"": ""3"", ""items_json"": [{""productId"": 7, ""name"": ""Pechopak - Meal"", ""price"": 169, ""quantity"": 2, ""discount"": 0}, {""productId"": 7, ""name"": ""Pechopak - Unli"", ""price"": 179, ""quantity"": 1, ""discount"": 0}], ""order_mode"": ""REGULAR""}",,517.00,2026-05-27T20:38:43.264796+08:00,803
751,"{""id"": 802, ""slip_number"": ""9740942"", ""order_type"": ""DINE_IN"", ""payment_method"": ""CASH"", ""table_number"": ""1"", ""items_json"": [{""productId"": 10, ""name"": ""Leg - Unli"", ""price"": 159, ""quantity"": 9, ""discount"": 0}, {""productId"": 5, ""name"": ""Sprite - 1.5"", ""price"": 120, ""quantity"": 2, ""discount"": 0}], ""order_mode"": ""REGULAR""}",,1671.00,2026-05-27T20:38:39.453401+08:00,802
750,"{""id"": 801, ""slip_number"": ""9740941"", ""order_type"": ""DINE_IN"", ""payment_method"": ""CASH"", ""table_number"": ""1"", ""items_json"": [{""productId"": 7, ""name"": ""Pechopak - Unli"", ""price"": 179, ""quantity"": 2, ""discount"": 0}, {""productId"": 1, ""name"": ""Coke - 1.5"", ""price"": 120, ""quantity"": 1, ""discount"": 0}], ""order_mode"": ""REGULAR""}",,478.00,2026-05-27T20:38:37.016697+08:00,801
749,"{""id"": 800, ""slip_number"": ""9740940"", ""order_type"": ""DINE_IN"", ""payment_method"": ""CASH"", ""table_number"": ""3"", ""items_json"": [{""productId"": 11, ""name"": ""Wings - One Piece Meal"", ""price"": 79, ""quantity"": 1, ""discount"": 0}], ""order_mode"": ""REGULAR""}",,79.00,2026-05-27T19:43:44.321662+08:00,800
748,"{""id"": 799, ""slip_number"": ""9740939"", ""order_type"": ""TAKE_OUT"", ""payment_method"": ""CASH"", ""table_number"": ""4"", ""items_json"": [{""productId"": 10, ""name"": ""Leg - Meal"", ""price"": 149, ""quantity"": 3, ""discount"": 0}], ""order_mode"": ""REGULAR""}",,447.00,2026-05-27T18:15:34.380372+08:00,799
747,"{""id"": 798, ""slip_number"": ""9740938"", ""order_type"": ""DINE_IN"", ""payment_method"": ""GCASH"", ""table_number"": ""1"", ""items_json"": [{""productId"": 7, ""name"": ""Pechopak - Unli"", ""price"": 179, ""quantity"": 1, ""discount"": 0}], ""order_mode"": ""REGULAR""}",,179.00,2026-05-27T17:39:32.340406+08:00,798
746,"{""id"": 796, ""slip_number"": ""9740936"", ""order_type"": ""DINE_IN"", ""payment_method"": ""CASH"", ""table_number"": ""4"", ""items_json"": [{""productId"": 10, ""name"": ""Leg - Unli"", ""price"": 159, ""quantity"": 2, ""discount"": 0}], ""order_mode"": ""REGULAR""}",,318.00,2026-05-27T16:13:31.097923+08:00,796
745,"{""id"": 797, ""slip_number"": ""9740937"", ""order_type"": ""DINE_IN"", ""payment_method"": ""CASH"", ""table_number"": """", ""items_json"": [{""productId"": 3, ""name"": ""Icetea - Icetea Glass"", ""price"": 39, ""quantity"": 1, ""discount"": 0}], ""order_mode"": ""REGULAR""}",,39.00,2026-05-27T15:12:20.797076+08:00,797
744,"{""id"": 795, ""slip_number"": ""9740935"", ""order_type"": ""DINE_IN"", ""payment_method"": ""CASH"", ""table_number"": ""1"", ""items_json"": [{""productId"": 7, ""name"": ""Pechopak - Unli"", ""price"": 179, ""quantity"": 1, ""discount"": 0}, {""productId"": 8, ""name"": ""Liempo - Unli"", ""price"": 199, ""quantity"": 1, ""discount"": 0}, {""productId"": 1, ""name"": ""Coke - 1.5"", ""price"": 120, ""quantity"": 1, ""discount"": 0}], ""order_mode"": ""REGULAR""}",,498.00,2026-05-27T14:36:32.344099+08:00,795
743,"{""id"": 794, ""slip_number"": ""9740934"", ""order_type"": ""TAKE_OUT"", ""payment_method"": ""CASH"", ""table_number"": ""4"", ""items_json"": [{""productId"": 9, ""name"": ""BBQ - Only"", ""price"": 129, ""quantity"": 1, ""discount"": 0}, {""productId"": 10, ""name"": ""Leg - Only"", ""price"": 139, ""quantity"": 1, ""discount"": 0}], ""order_mode"": ""REGULAR""}",,268.00,2026-05-27T12:34:16.087739+08:00,794
742,"{""id"": 793, ""slip_number"": ""9740933"", ""order_type"": ""TAKE_OUT"", ""payment_method"": ""CASH"", ""table_number"": ""4"", ""items_json"": [{""productId"": 10, ""name"": ""Leg - Meal"", ""price"": 149, ""quantity"": 3, ""discount"": 0}], ""order_mode"": ""REGULAR""}",,447.00,2026-05-27T12:28:32.879993+08:00,793
741,"{""id"": 792, ""slip_number"": ""9740932"", ""order_type"": ""DINE_IN"", ""payment_method"": ""CASH"", ""table_number"": ""1"", ""items_json"": [{""productId"": 10, ""name"": ""Leg - Meal"", ""price"": 149, ""quantity"": 1, ""discount"": 20}, {""productId"": 9, ""name"": ""BBQ - One Piece Only"", ""price"": 69, ""quantity"": 1, ""discount"": 20}, {""productId"": 5, ""name"": ""Sprite - Mismo"", ""price"": 25, ""quantity"": 1, ""discount"": 20}], ""order_mode"": ""REGULAR""}",,194.40,2026-05-27T12:13:33.247407+08:00,792
740,"{""id"": 791, ""slip_number"": ""20"", ""order_type"": ""DINE_IN"", ""payment_method"": """", ""table_number"": """", ""items_json"": [{""productId"": 5, ""name"": ""Sprite - 1.5"", ""price"": 120, ""quantity"": 6, ""discount"": 0}], ""order_mode"": ""EMPLOYEE""}",,720.00,2026-05-27T02:43:14.851692+08:00,791
739,"{""id"": 789, ""slip_number"": ""9740930"", ""order_type"": ""DINE_IN"", ""payment_method"": ""CASH"", ""table_number"": ""4"", ""items_json"": [{""productId"": 11, ""name"": ""Wings - Unli"", ""price"": 139, ""quantity"": 2, ""discount"": 0}, {""productId"": 10, ""name"": ""Leg - Unli"", ""price"": 159, ""quantity"": 2, ""discount"": 0}, {""productId"": 9, ""name"": ""BBQ - Meal"", ""price"": 139, ""quantity"": 1, ""discount"": 0}, {""productId"": 3, ""name"": ""Icetea - Icetea Pitcher"", ""price"": 129, ""quantity"": 1, ""discount"": 0}], ""order_mode"": ""REGULAR""}",,864.00,2026-05-26T23:23:48.257261+08:00,789
738,"{""id"": 786, ""slip_number"": ""9740932"", ""order_type"": ""DINE_IN"", ""payment_method"": ""CASH"", ""table_number"": """", ""items_json"": [{""productId"": 9, ""name"": ""BBQ - Meal"", ""price"": 139, ""quantity"": 1, ""discount"": 0}, {""productId"": 3, ""name"": ""Icetea - Icetea Glass"", ""price"": 39, ""quantity"": 1}], ""order_mode"": ""REGULAR""}",,178.00,2026-05-26T21:06:43.156172+08:00,786
737,"{""id"": 788, ""slip_number"": ""9740929"", ""order_type"": ""DINE_IN"", ""payment_method"": ""CASH"", ""table_number"": """", ""items_json"": [{""productId"": 8, ""name"": ""Liempo - Only"", ""price"": 179, ""quantity"": 2, ""discount"": 0}], ""order_mode"": ""REGULAR""}",,358.00,2026-05-26T21:06:41.603462+08:00,788
736,"{""id"": 785, ""slip_number"": ""9740931"", ""order_type"": ""DINE_IN"", ""payment_method"": ""CASH"", ""table_number"": ""3"", ""items_json"": [{""productId"": 10, ""name"": ""Leg - Unli"", ""price"": 159, ""quantity"": 4, ""discount"": 0}], ""order_mode"": ""REGULAR""}",,636.00,2026-05-26T20:41:29.109291+08:00,785
735,"{""id"": 784, ""slip_number"": ""9740930"", ""order_type"": ""DINE_IN"", ""payment_method"": ""CASH"", ""table_number"": ""1"", ""items_json"": [{""productId"": 10, ""name"": ""Leg - Unli"", ""price"": 159, ""quantity"": 1, ""discount"": 0}, {""productId"": 8, ""name"": ""Liempo - Meal"", ""price"": 189, ""quantity"": 1, ""discount"": 0}, {""productId"": 1, ""name"": ""Coke - 1.5"", ""price"": 120, ""quantity"": 1, ""discount"": 0}], ""order_mode"": ""REGULAR""}",,468.00,2026-05-26T20:23:15.261806+08:00,784
734,"{""id"": 782, ""slip_number"": ""9740928"", ""order_type"": ""DINE_IN"", ""payment_method"": ""CASH"", ""table_number"": ""1"", ""items_json"": [{""productId"": 10, ""name"": ""Leg - Meal"", ""price"": 149, ""quantity"": 1, ""discount"": 0}, {""productId"": 8, ""name"": ""Liempo - Unli"", ""price"": 199, ""quantity"": 1, ""discount"": 0}], ""order_mode"": ""REGULAR""}",,348.00,2026-05-26T20:05:33.141117+08:00,782
732,"{""id"": 781, ""slip_number"": ""9740927"", ""order_type"": ""DINE_IN"", ""payment_method"": ""CASH"", ""table_number"": ""4"", ""items_json"": [{""productId"": 10, ""name"": ""Leg - Meal"", ""price"": 149, ""quantity"": 1, ""discount"": 0}, {""productId"": 10, ""name"": ""Leg - Unli"", ""price"": 159, ""quantity"": 1, ""discount"": 0}], ""order_mode"": ""REGULAR""}",,308.00,2026-05-26T19:43:40.310702+08:00,781
731,"{""id"": 780, ""slip_number"": ""9740926"", ""order_type"": ""DINE_IN"", ""payment_method"": ""CASH"", ""table_number"": ""1"", ""items_json"": [{""productId"": 10, ""name"": ""Leg - Meal"", ""price"": 149, ""quantity"": 2, ""discount"": 0}, {""productId"": 1, ""name"": ""Coke - Mismo"", ""price"": 25, ""quantity"": 1, ""discount"": 0}, {""productId"": 5, ""name"": ""Sprite - Mismo"", ""price"": 25, ""quantity"": 1}], ""order_mode"": ""REGULAR""}",,348.00,2026-05-26T19:41:12.730851+08:00,780
730,"{""id"": 779, ""slip_number"": ""9740925"", ""order_type"": ""TAKE_OUT"", ""payment_method"": ""CASH"", ""table_number"": ""3"", ""items_json"": [{""productId"": 7, ""name"": ""Pechopak - Meal"", ""price"": 169, ""quantity"": 2, ""discount"": 0}, {""productId"": 8, ""name"": ""Liempo - Meal"", ""price"": 189, ""quantity"": 1, ""discount"": 0}], ""order_mode"": ""REGULAR""}",,527.00,2026-05-26T19:34:55.279820+08:00,779
729,"{""id"": 778, ""slip_number"": ""9740924"", ""order_type"": ""DINE_IN"", ""payment_method"": ""CASH"", ""table_number"": """", ""items_json"": [{""productId"": 2, ""name"": ""Rice - Extra"", ""price"": 20, ""quantity"": 1, ""discount"": 0}], ""order_mode"": ""REGULAR""}",,20.00,2026-05-26T19:11:58.848730+08:00,778
728,"{""id"": 777, ""slip_number"": ""9740923"", ""order_type"": ""DINE_IN"", ""payment_method"": ""CASH"", ""table_number"": ""1"", ""items_json"": [{""productId"": 7, ""name"": ""Pechopak - Unli"", ""price"": 179, ""quantity"": 2, ""discount"": 0}, {""productId"": 1, ""name"": ""Coke - Mismo"", ""price"": 25, ""quantity"": 1, ""discount"": 0}, {""productId"": 3, ""name"": ""Icetea - Icetea Glass"", ""price"": 39, ""quantity"": 1}], ""order_mode"": ""REGULAR""}",,422.00,2026-05-26T19:11:55.696985+08:00,777
727,"{""id"": 776, ""slip_number"": ""9740922"", ""order_type"": ""DINE_IN"", ""payment_method"": ""CASH"", ""table_number"": ""1"", ""items_json"": [{""productId"": 7, ""name"": ""Pechopak - Unli"", ""price"": 179, ""quantity"": 2, ""discount"": 0}, {""productId"": 3, ""name"": ""Icetea - Icetea Pitcher"", ""price"": 129, ""quantity"": 1, ""discount"": 0}], ""order_mode"": ""REGULAR""}",,487.00,2026-05-26T16:30:22.635817+08:00,776
726,"{""id"": 775, ""slip_number"": ""9740921"", ""order_type"": ""DINE_IN"", ""payment_method"": ""GCASH"", ""table_number"": ""1"", ""items_json"": [{""productId"": 7, ""name"": ""Pechopak - Unli"", ""price"": 179, ""quantity"": 2, ""discount"": 0}, {""productId"": 1, ""name"": ""Coke - Mismo"", ""price"": 25, ""quantity"": 1, ""discount"": 0}, {""productId"": 3, ""name"": ""Icetea - Icetea Glass"", ""price"": 39, ""quantity"": 1, ""discount"": 0}], ""order_mode"": ""REGULAR""}",,422.00,2026-05-26T16:10:05.536950+08:00,775
725,"{""id"": 774, ""slip_number"": ""9740920"", ""order_type"": ""DINE_IN"", ""payment_method"": ""GCASH"", ""table_number"": ""4"", ""items_json"": [{""productId"": 7, ""name"": ""Pechopak - Meal"", ""price"": 169, ""quantity"": 1, ""discount"": 0}, {""productId"": 5, ""name"": ""Sprite - Mismo"", ""price"": 25, ""quantity"": 1, ""discount"": 0}], ""order_mode"": ""REGULAR""}",,194.00,2026-05-26T15:02:32.292651+08:00,774
724,"{""id"": 773, ""slip_number"": ""19"", ""order_type"": ""DINE_IN"", ""payment_method"": """", ""table_number"": """", ""items_json"": [{""productId"": 11, ""name"": ""Wings - Only"", ""price"": 119, ""quantity"": 1, ""discount"": 0}], ""order_mode"": ""EMPLOYEE""}",,119.00,2026-05-26T14:24:52.075157+08:00,773
723,"{""id"": 772, ""slip_number"": ""9740920"", ""order_type"": ""DINE_IN"", ""payment_method"": ""GCASH"", ""table_number"": ""4"", ""items_json"": [{""productId"": 10, ""name"": ""Leg - Meal"", ""price"": 149, ""quantity"": 1, ""discount"": 0}, {""productId"": 1, ""name"": ""Coke - 1.5"", ""price"": 120, ""quantity"": 1, ""discount"": 0}, {""productId"": 8, ""name"": ""Liempo - Unli"", ""price"": 199, ""quantity"": 1, ""discount"": 0}], ""order_mode"": ""REGULAR""}",,468.00,2026-05-26T14:18:33.530994+08:00,772
722,"{""id"": 771, ""slip_number"": ""9740919"", ""order_type"": ""DINE_IN"", ""payment_method"": ""CASH"", ""table_number"": """", ""items_json"": [{""productId"": 7, ""name"": ""Pechopak - Only"", ""price"": 159, ""quantity"": 1, ""discount"": 0}], ""order_mode"": ""REGULAR""}",,159.00,2026-05-26T13:59:26.364385+08:00,771
913,"{""id"": 966, ""slip_number"": ""3"", ""order_type"": ""DINE_IN"", ""payment_method"": """", ""table_number"": """", ""items_json"": [{""productId"": 11, ""name"": ""Wings - Bulk Wings per piece"", ""price"": 50, ""quantity"": 280, ""discount"": 0}], ""order_mode"": ""BULK""}",,14000.00,2026-05-26T02:59:00+08:00,966
721,"{""id"": 770, ""slip_number"": ""9740918"", ""order_type"": ""DINE_IN"", ""payment_method"": ""CASH"", ""table_number"": """", ""items_json"": [{""productId"": 7, ""name"": ""Pechopak - Unli"", ""price"": 179, ""quantity"": 1, ""discount"": 0}, {""productId"": 7, ""name"": ""Pechopak - Meal"", ""price"": 169, ""quantity"": 2, ""discount"": 0}, {""productId"": 1, ""name"": ""Coke - Mismo"", ""price"": 25, ""quantity"": 2, ""discount"": 0}], ""order_mode"": ""REGULAR""}",,567.00,2026-05-25T22:39:49.298436+08:00,770
720,"{""id"": 769, ""slip_number"": ""9740917"", ""order_type"": ""DINE_IN"", ""payment_method"": ""CASH"", ""table_number"": ""1"", ""items_json"": [{""productId"": 7, ""name"": ""Pechopak - Meal"", ""price"": 169, ""quantity"": 2, ""discount"": 0}, {""productId"": 8, ""name"": ""Liempo - Meal"", ""price"": 189, ""quantity"": 1, ""discount"": 0}, {""productId"": 1, ""name"": ""Coke - Mismo"", ""price"": 25, ""quantity"": 2, ""discount"": 0}], ""order_mode"": ""REGULAR""}",,577.00,2026-05-25T20:35:42.963158+08:00,769
719,"{""id"": 768, ""slip_number"": ""9740916"", ""order_type"": ""DINE_IN"", ""payment_method"": ""CASH"", ""table_number"": ""4"", ""items_json"": [{""productId"": 11, ""name"": ""Wings - Meal"", ""price"": 129, ""quantity"": 1, ""discount"": 0}, {""productId"": 11, ""name"": ""Wings - Unli"", ""price"": 139, ""quantity"": 1, ""discount"": 0}], ""order_mode"": ""REGULAR""}",,268.00,2026-05-25T20:18:35.278399+08:00,768
718,"{""id"": 767, ""slip_number"": ""9740915"", ""order_type"": ""DINE_IN"", ""payment_method"": ""CASH"", ""table_number"": ""1"", ""items_json"": [{""productId"": 8, ""name"": ""Liempo - Unli"", ""price"": 199, ""quantity"": 1, ""discount"": 0}, {""productId"": 10, ""name"": ""Leg - Unli"", ""price"": 159, ""quantity"": 1, ""discount"": 0}, {""productId"": 1, ""name"": ""Coke - Mismo"", ""price"": 25, ""quantity"": 2, ""discount"": 0}], ""order_mode"": ""REGULAR""}",,408.00,2026-05-25T20:12:44.636429+08:00,767
717,"{""id"": 766, ""slip_number"": ""9740914"", ""order_type"": ""DINE_IN"", ""payment_method"": ""CASH"", ""table_number"": """", ""items_json"": [{""productId"": 9, ""name"": ""BBQ - Meal"", ""price"": 139, ""quantity"": 1, ""discount"": 0}], ""order_mode"": ""REGULAR""}",,139.00,2026-05-25T20:12:39.706462+08:00,766
716,"{""id"": 765, ""slip_number"": ""9740913"", ""order_type"": ""DINE_IN"", ""payment_method"": ""CASH"", ""table_number"": ""3"", ""items_json"": [{""productId"": 1, ""name"": ""Coke - Mismo"", ""price"": 25, ""quantity"": 1, ""discount"": 0}, {""productId"": 5, ""name"": ""Sprite - Mismo"", ""price"": 25, ""quantity"": 1, ""discount"": 0}, {""productId"": 10, ""name"": ""Leg - Meal"", ""price"": 149, ""quantity"": 1, ""discount"": 0}, {""productId"": 7, ""name"": ""Pechopak - Unli"", ""price"": 179, ""quantity"": 1, ""discount"": 0}], ""order_mode"": ""REGULAR""}",,378.00,2026-05-25T19:56:15.724649+08:00,765
715,"{""id"": 764, ""slip_number"": ""9740912"", ""order_type"": ""TAKE_OUT"", ""payment_method"": ""CASH"", ""table_number"": ""3"", ""items_json"": [{""productId"": 10, ""name"": ""Leg - Meal"", ""price"": 149, ""quantity"": 1, ""discount"": 0}], ""order_mode"": ""REGULAR""}",,149.00,2026-05-25T19:38:00.195864+08:00,764
714,"{""id"": 763, ""slip_number"": ""9740911"", ""order_type"": ""DINE_IN"", ""payment_method"": ""CASH"", ""table_number"": ""1"", ""items_json"": [{""productId"": 10, ""name"": ""Leg - Meal"", ""price"": 149, ""quantity"": 1, ""discount"": 0}, {""productId"": 10, ""name"": ""Leg - Unli"", ""price"": 159, ""quantity"": 1, ""discount"": 0}, {""productId"": 12, ""name"": ""Water - Bottled"", ""price"": 20, ""quantity"": 1, ""discount"": 0}], ""order_mode"": ""REGULAR""}",,328.00,2026-05-25T19:05:50.158826+08:00,763
713,"{""id"": 762, ""slip_number"": ""9740910"", ""order_type"": ""DINE_IN"", ""payment_method"": ""CASH"", ""table_number"": ""3"", ""items_json"": [{""productId"": 10, ""name"": ""Leg - Unli"", ""price"": 159, ""quantity"": 3, ""discount"": 0}, {""productId"": 3, ""name"": ""Icetea - Icetea Pitcher"", ""price"": 129, ""quantity"": 1, ""discount"": 0}], ""order_mode"": ""REGULAR""}",,606.00,2026-05-25T18:55:56.014914+08:00,762
712,"{""id"": 761, ""slip_number"": ""9740909"", ""order_type"": ""DINE_IN"", ""payment_method"": ""CASH"", ""table_number"": ""1"", ""items_json"": [{""productId"": 5, ""name"": ""Sprite - Mismo"", ""price"": 25, ""quantity"": 1, ""discount"": 0}, {""productId"": 7, ""name"": ""Pechopak - Unli"", ""price"": 179, ""quantity"": 1, ""discount"": 0}], ""order_mode"": ""REGULAR""}",,204.00,2026-05-25T18:44:08.713086+08:00,761
711,"{""id"": 759, ""slip_number"": ""9740907"", ""order_type"": ""DINE_IN"", ""payment_method"": ""CASH"", ""table_number"": ""3"", ""items_json"": [{""productId"": 7, ""name"": ""Pechopak - Unli"", ""price"": 179, ""quantity"": 2, ""discount"": 0}, {""productId"": 3, ""name"": ""Icetea - Icetea Glass"", ""price"": 39, ""quantity"": 2, ""discount"": 0}], ""order_mode"": ""REGULAR""}",,436.00,2026-05-25T18:29:08.905813+08:00,759
710,"{""id"": 760, ""slip_number"": ""9740908"", ""order_type"": ""TAKE_OUT"", ""payment_method"": ""CASH"", ""table_number"": ""3"", ""items_json"": [{""productId"": 7, ""name"": ""Pechopak - Only"", ""price"": 159, ""quantity"": 1, ""discount"": 0}], ""order_mode"": ""REGULAR""}",,159.00,2026-05-25T18:29:06.030656+08:00,760
709,"{""id"": 756, ""slip_number"": ""9740904"", ""order_type"": ""DINE_IN"", ""payment_method"": ""GCASH"", ""table_number"": """", ""items_json"": [{""productId"": 9, ""name"": ""BBQ - Only"", ""price"": 129, ""quantity"": 1, ""discount"": 0}], ""order_mode"": ""REGULAR""}",,129.00,2026-05-25T18:11:11.263516+08:00,756
708,"{""id"": 758, ""slip_number"": ""9740906"", ""order_type"": ""DINE_IN"", ""payment_method"": ""GCASH"", ""table_number"": """", ""items_json"": [{""productId"": 3, ""name"": ""Icetea - Icetea Glass"", ""price"": 39, ""quantity"": 2, ""discount"": 0}], ""order_mode"": ""REGULAR""}",,78.00,2026-05-25T18:06:51.163248+08:00,758
707,"{""id"": 757, ""slip_number"": ""9740905"", ""order_type"": ""DINE_IN"", ""payment_method"": ""CASH"", ""table_number"": ""4"", ""items_json"": [{""productId"": 9, ""name"": ""BBQ - Meal"", ""price"": 139, ""quantity"": 1, ""discount"": 0}, {""productId"": 11, ""name"": ""Wings - Meal"", ""price"": 129, ""quantity"": 2, ""discount"": 0}], ""order_mode"": ""REGULAR""}",,397.00,2026-05-25T18:05:23.832765+08:00,757
706,"{""id"": 755, ""slip_number"": ""9740903"", ""order_type"": ""DINE_IN"", ""payment_method"": ""CASH"", ""table_number"": ""1"", ""items_json"": [{""productId"": 10, ""name"": ""Leg - Unli"", ""price"": 159, ""quantity"": 1, ""discount"": 0}, {""productId"": 9, ""name"": ""BBQ - Meal"", ""price"": 139, ""quantity"": 1, ""discount"": 0}, {""productId"": 1, ""name"": ""Coke - Mismo"", ""price"": 25, ""quantity"": 1, ""discount"": 0}], ""order_mode"": ""REGULAR""}",,323.00,2026-05-25T17:50:38.961906+08:00,755
705,"{""id"": 754, ""slip_number"": ""9740902"", ""order_type"": ""DINE_IN"", ""payment_method"": ""GCASH"", ""table_number"": ""4"", ""items_json"": [{""productId"": 8, ""name"": ""Liempo - Meal"", ""price"": 189, ""quantity"": 1, ""discount"": 0}, {""productId"": 8, ""name"": ""Liempo - Unli"", ""price"": 199, ""quantity"": 1, ""discount"": 0}], ""order_mode"": ""REGULAR""}",,388.00,2026-05-25T17:50:09.606893+08:00,754
704,"{""id"": 753, ""slip_number"": ""9740901"", ""order_type"": ""DINE_IN"", ""payment_method"": ""CASH"", ""table_number"": """", ""items_json"": [{""productId"": 3, ""name"": ""Icetea - Icetea Glass"", ""price"": 39, ""quantity"": 1, ""discount"": 0}], ""order_mode"": ""REGULAR""}",,39.00,2026-05-25T14:39:45.770852+08:00,753
703,"{""id"": 752, ""slip_number"": ""9740900"", ""order_type"": ""DINE_IN"", ""payment_method"": ""GCASH"", ""table_number"": ""4"", ""items_json"": [{""productId"": 7, ""name"": ""Pechopak - Unli"", ""price"": 179, ""quantity"": 1, ""discount"": 0}, {""productId"": 8, ""name"": ""Liempo - Unli"", ""price"": 199, ""quantity"": 1, ""discount"": 0}, {""productId"": 4, ""name"": ""Royal - 1.5"", ""price"": 120, ""quantity"": 1, ""discount"": 0}], ""order_mode"": ""REGULAR""}",,498.00,2026-05-25T13:28:45.808215+08:00,752
702,"{""id"": 750, ""slip_number"": ""9740898"", ""order_type"": ""TAKE_OUT"", ""payment_method"": ""CASH"", ""table_number"": """", ""items_json"": [{""productId"": 7, ""name"": ""Pechopak - Unli"", ""price"": 179, ""quantity"": 2, ""discount"": 0}, {""productId"": 8, ""name"": ""Liempo - Unli"", ""price"": 199, ""quantity"": 1, ""discount"": 0}], ""order_mode"": ""REGULAR""}",,557.00,2026-05-25T12:51:05.665320+08:00,750
701,"{""id"": 751, ""slip_number"": ""9740899"", ""order_type"": ""DINE_IN"", ""payment_method"": ""CASH"", ""table_number"": ""4"", ""items_json"": [{""productId"": 10, ""name"": ""Leg - Unli"", ""price"": 159, ""quantity"": 2, ""discount"": 0}, {""productId"": 1, ""name"": ""Coke - Mismo"", ""price"": 25, ""quantity"": 2, ""discount"": 0}], ""order_mode"": ""REGULAR""}",,368.00,2026-05-25T12:24:26.613064+08:00,751
700,"{""id"": 749, ""slip_number"": ""9740897"", ""order_type"": ""DINE_IN"", ""payment_method"": ""CASH"", ""table_number"": ""1"", ""items_json"": [{""productId"": 7, ""name"": ""Pechopak - Meal"", ""price"": 169, ""quantity"": 3, ""discount"": 0}, {""productId"": 7, ""name"": ""Pechopak - Unli"", ""price"": 179, ""quantity"": 2, ""discount"": 0}], ""order_mode"": ""REGULAR""}",,865.00,2026-05-25T11:58:12.201940+08:00,749
699,"{""id"": 748, ""slip_number"": ""9740896"", ""order_type"": ""DINE_IN"", ""payment_method"": ""CASH"", ""table_number"": ""3"", ""items_json"": [{""productId"": 10, ""name"": ""Leg - Meal"", ""price"": 149, ""quantity"": 1, ""discount"": 0}, {""productId"": 5, ""name"": ""Sprite - Mismo"", ""price"": 25, ""quantity"": 1}], ""order_mode"": ""REGULAR""}",,174.00,2026-05-24T21:57:02.467706+08:00,748
698,"{""id"": 747, ""slip_number"": ""9740895"", ""order_type"": ""DINE_IN"", ""payment_method"": ""GCASH"", ""table_number"": """", ""items_json"": [{""productId"": 10, ""name"": ""Leg - Only"", ""price"": 139, ""quantity"": 1, ""discount"": 0}], ""order_mode"": ""REGULAR""}",,139.00,2026-05-24T21:45:46.818286+08:00,747
697,"{""id"": 746, ""slip_number"": ""9740894"", ""order_type"": ""DINE_IN"", ""payment_method"": ""CASH"", ""table_number"": ""4"", ""items_json"": [{""productId"": 11, ""name"": ""Wings - Meal"", ""price"": 129, ""quantity"": 1, ""discount"": 0}, {""productId"": 11, ""name"": ""Wings - Unli"", ""price"": 139, ""quantity"": 1, ""discount"": 0}, {""productId"": 3, ""name"": ""Icetea - Icetea Glass"", ""price"": 39, ""quantity"": 1, ""discount"": 0}], ""order_mode"": ""REGULAR""}",,307.00,2026-05-24T21:41:46.604481+08:00,746
696,"{""id"": 745, ""slip_number"": ""9740893"", ""order_type"": ""DINE_IN"", ""payment_method"": ""CASH"", ""table_number"": ""4"", ""items_json"": [{""productId"": 8, ""name"": ""Liempo - Unli"", ""price"": 199, ""quantity"": 1, ""discount"": 0}, {""productId"": 7, ""name"": ""Pechopak - Unli"", ""price"": 179, ""quantity"": 1, ""discount"": 0}, {""productId"": 5, ""name"": ""Sprite - Mismo"", ""price"": 25, ""quantity"": 1, ""discount"": 0}], ""order_mode"": ""REGULAR""}",,403.00,2026-05-24T21:09:30.625112+08:00,745
695,"{""id"": 744, ""slip_number"": ""9740892"", ""order_type"": ""DINE_IN"", ""payment_method"": ""CASH"", ""table_number"": ""3"", ""items_json"": [{""productId"": 11, ""name"": ""Wings - Unli"", ""price"": 139, ""quantity"": 1, ""discount"": 20}], ""order_mode"": ""REGULAR""}",,111.20,2026-05-24T21:08:10.494846+08:00,744
694,"{""id"": 743, ""slip_number"": ""9740891"", ""order_type"": ""DINE_IN"", ""payment_method"": ""CASH"", ""table_number"": ""3"", ""items_json"": [{""productId"": 10, ""name"": ""Leg - Unli"", ""price"": 159, ""quantity"": 1, ""discount"": 20}], ""order_mode"": ""REGULAR""}",,127.20,2026-05-24T21:08:08.319381+08:00,743
693,"{""id"": 742, ""slip_number"": ""9740890"", ""order_type"": ""DINE_IN"", ""payment_method"": ""CASH"", ""table_number"": ""3"", ""items_json"": [{""productId"": 11, ""name"": ""Wings - Meal"", ""price"": 129, ""quantity"": 1, ""discount"": 20}], ""order_mode"": ""REGULAR""}",,103.20,2026-05-24T21:08:03.961198+08:00,742
692,"{""id"": 741, ""slip_number"": ""9740889"", ""order_type"": ""DINE_IN"", ""payment_method"": ""GCASH"", ""table_number"": ""3"", ""items_json"": [{""productId"": 10, ""name"": ""Leg - Unli"", ""price"": 159, ""quantity"": 1, ""discount"": 20}], ""order_mode"": ""REGULAR""}",,127.20,2026-05-24T21:07:51.263914+08:00,741
691,"{""id"": 740, ""slip_number"": ""9740888"", ""order_type"": ""DINE_IN"", ""payment_method"": ""CASH"", ""table_number"": ""3"", ""items_json"": [{""productId"": 10, ""name"": ""Leg - Unli"", ""price"": 159, ""quantity"": 1, ""discount"": 20}], ""order_mode"": ""REGULAR""}",,127.20,2026-05-24T21:07:48.746380+08:00,740
690,"{""id"": 739, ""slip_number"": ""9740887"", ""order_type"": ""DINE_IN"", ""payment_method"": ""CASH"", ""table_number"": ""1"", ""items_json"": [{""productId"": 10, ""name"": ""Leg - Meal"", ""price"": 149, ""quantity"": 1, ""discount"": 0}, {""productId"": 8, ""name"": ""Liempo - Unli"", ""price"": 199, ""quantity"": 1, ""discount"": 0}], ""order_mode"": ""REGULAR""}",,348.00,2026-05-24T21:06:15.926185+08:00,739
689,"{""id"": 738, ""slip_number"": ""9740886"", ""order_type"": ""DINE_IN"", ""payment_method"": ""CASH"", ""table_number"": ""1"", ""items_json"": [{""productId"": 10, ""name"": ""Leg - Meal"", ""price"": 149, ""quantity"": 1, ""discount"": 0}], ""order_mode"": ""REGULAR""}",,149.00,2026-05-24T20:09:41.206628+08:00,738
688,"{""id"": 736, ""slip_number"": ""9740884"", ""order_type"": ""DINE_IN"", ""payment_method"": ""CASH"", ""table_number"": ""3"", ""items_json"": [{""productId"": 11, ""name"": ""Wings - Unli"", ""price"": 139, ""quantity"": 1, ""discount"": 0}, {""productId"": 11, ""name"": ""Wings - Meal"", ""price"": 129, ""quantity"": 3, ""discount"": 0}], ""order_mode"": ""REGULAR""}",,526.00,2026-05-24T19:26:45.733165+08:00,736
687,"{""id"": 737, ""slip_number"": ""9740885"", ""order_type"": ""DINE_IN"", ""payment_method"": ""CASH"", ""table_number"": """", ""items_json"": [{""productId"": 2, ""name"": ""Rice - Extra"", ""price"": 20, ""quantity"": 4, ""discount"": 0}], ""order_mode"": ""REGULAR""}",,80.00,2026-05-24T19:21:17.286649+08:00,737
686,"{""id"": 735, ""slip_number"": ""9740883"", ""order_type"": ""DINE_IN"", ""payment_method"": ""CASH"", ""table_number"": ""3"", ""items_json"": [{""productId"": 11, ""name"": ""Wings - Meal"", ""price"": 129, ""quantity"": 3, ""discount"": 0}, {""productId"": 10, ""name"": ""Leg - Meal"", ""price"": 149, ""quantity"": 1, ""discount"": 0}, {""productId"": 12, ""name"": ""Water - Bottled"", ""price"": 20, ""quantity"": 2, ""discount"": 0}], ""order_mode"": ""REGULAR""}",,576.00,2026-05-24T18:39:44.796549+08:00,735
685,"{""id"": 734, ""slip_number"": ""9740882"", ""order_type"": ""DINE_IN"", ""payment_method"": ""GCASH"", ""table_number"": ""1"", ""items_json"": [{""productId"": 7, ""name"": ""Pechopak - Meal"", ""price"": 169, ""quantity"": 2, ""discount"": 0}], ""order_mode"": ""REGULAR""}",,338.00,2026-05-24T18:22:59.351279+08:00,734
684,"{""id"": 732, ""slip_number"": ""9740880"", ""order_type"": ""DINE_IN"", ""payment_method"": ""CASH"", ""table_number"": ""1"", ""items_json"": [{""productId"": 3, ""name"": ""Icetea - Icetea Pitcher"", ""price"": 129, ""quantity"": 2, ""discount"": 50}, {""productId"": 5, ""name"": ""Sprite - 1.5"", ""price"": 120, ""quantity"": 1, ""discount"": 0}], ""order_mode"": ""REGULAR""}",,249.00,2026-05-24T15:03:56.338579+08:00,732
683,"{""id"": 730, ""slip_number"": ""9740879"", ""order_type"": ""TAKE_OUT"", ""payment_method"": ""CASH"", ""table_number"": ""1"", ""items_json"": [{""productId"": 7, ""name"": ""Pechopak - Unli"", ""price"": 179, ""quantity"": 1, ""discount"": 0}], ""order_mode"": ""REGULAR""}",,179.00,2026-05-24T15:03:52.147423+08:00,730
682,"{""id"": 729, ""slip_number"": ""9740878"", ""order_type"": ""DINE_IN"", ""payment_method"": ""GCASH"", ""table_number"": ""1"", ""items_json"": [{""productId"": 7, ""name"": ""Pechopak - Unli"", ""price"": 179, ""quantity"": 7, ""discount"": 0}], ""order_mode"": ""REGULAR""}",,1253.00,2026-05-24T14:34:28.063289+08:00,729
680,"{""id"": 726, ""slip_number"": ""9740877"", ""order_type"": ""DINE_IN"", ""payment_method"": ""CASH"", ""table_number"": ""1"", ""items_json"": [{""productId"": 7, ""name"": ""Pechopak - Unli"", ""price"": 179, ""quantity"": 2}, {""productId"": 1, ""name"": ""Coke - Mismo"", ""price"": 25, ""quantity"": 2, ""discount"": 0}], ""order_mode"": ""REGULAR""}",,408.00,2026-05-24T13:59:32.426318+08:00,726
679,"{""id"": 725, ""slip_number"": ""9740876"", ""order_type"": ""DINE_IN"", ""payment_method"": ""CASH"", ""table_number"": """", ""items_json"": [{""productId"": 8, ""name"": ""Liempo - Meal"", ""price"": 189, ""quantity"": 1, ""discount"": 0}, {""productId"": 3, ""name"": ""Icetea - Icetea Pitcher"", ""price"": 129, ""quantity"": 1, ""discount"": 0}], ""order_mode"": ""REGULAR""}",,318.00,2026-05-24T13:33:27.319343+08:00,725
678,"{""id"": 722, ""slip_number"": ""9740873"", ""order_type"": ""DINE_IN"", ""payment_method"": ""CASH"", ""table_number"": ""4"", ""items_json"": [{""productId"": 11, ""name"": ""Wings - Meal"", ""price"": 129, ""quantity"": 1, ""discount"": 0}, {""productId"": 8, ""name"": ""Liempo - Meal"", ""price"": 189, ""quantity"": 1, ""discount"": 0}, {""productId"": 3, ""name"": ""Icetea - Icetea Pitcher"", ""price"": 129, ""quantity"": 1, ""discount"": 0}], ""order_mode"": ""REGULAR""}",,447.00,2026-05-24T12:25:10.235139+08:00,722
677,"{""id"": 721, ""slip_number"": ""9740872"", ""order_type"": ""DINE_IN"", ""payment_method"": ""CASH"", ""table_number"": ""3"", ""items_json"": [{""productId"": 10, ""name"": ""Leg - Unli"", ""price"": 159, ""quantity"": 1, ""discount"": 0}, {""productId"": 7, ""name"": ""Pechopak - Unli"", ""price"": 179, ""quantity"": 1, ""discount"": 0}, {""productId"": 3, ""name"": ""Icetea - Icetea Glass"", ""price"": 39, ""quantity"": 2, ""discount"": 0}], ""order_mode"": ""REGULAR""}",,416.00,2026-05-24T12:24:48.665989+08:00,721
676,"{""id"": 723, ""slip_number"": ""9740874"", ""order_type"": ""DINE_IN"", ""payment_method"": ""CASH"", ""table_number"": ""4"", ""items_json"": [{""productId"": 7, ""name"": ""Pechopak - Meal"", ""price"": 169, ""quantity"": 1, ""discount"": 0}], ""order_mode"": ""REGULAR""}",,169.00,2026-05-24T12:22:25.679635+08:00,723
675,"{""id"": 724, ""slip_number"": ""9740875"", ""order_type"": ""DINE_IN"", ""payment_method"": ""CASH"", ""table_number"": """", ""items_json"": [{""productId"": 2, ""name"": ""Rice - Extra"", ""price"": 20, ""quantity"": 1, ""discount"": 0}], ""order_mode"": ""REGULAR""}",,20.00,2026-05-24T12:21:38.740499+08:00,724
674,"{""id"": 720, ""slip_number"": ""9740871"", ""order_type"": ""DINE_IN"", ""payment_method"": ""CASH"", ""table_number"": """", ""items_json"": [{""productId"": 10, ""name"": ""Leg - Meal"", ""price"": 149, ""quantity"": 2, ""discount"": 0}, {""productId"": 1, ""name"": ""Coke - Mismo"", ""price"": 25, ""quantity"": 2}], ""order_mode"": ""REGULAR""}",,348.00,2026-05-24T11:32:15.628169+08:00,720
673,"{""id"": 719, ""slip_number"": ""9740870"", ""order_type"": ""TAKE_OUT"", ""payment_method"": ""CASH"", ""table_number"": ""1"", ""items_json"": [{""productId"": 7, ""name"": ""Pechopak - Meal"", ""price"": 169, ""quantity"": 2, ""discount"": 0}, {""productId"": 1, ""name"": ""Coke - Mismo"", ""price"": 25, ""quantity"": 1}], ""order_mode"": ""REGULAR""}",,363.00,2026-05-24T11:32:13.021529+08:00,719
672,"{""id"": 718, ""slip_number"": ""9740869"", ""order_type"": ""DINE_IN"", ""payment_method"": ""CASH"", ""table_number"": ""2"", ""items_json"": [{""productId"": 10, ""name"": ""Leg - Unli"", ""price"": 159, ""quantity"": 3, ""discount"": 0}, {""productId"": 8, ""name"": ""Liempo - Unli"", ""price"": 199, ""quantity"": 1, ""discount"": 0}], ""order_mode"": ""REGULAR""}",,676.00,2026-05-23T22:56:15.774302+08:00,718
671,"{""id"": 717, ""slip_number"": ""9740868"", ""order_type"": ""DINE_IN"", ""payment_method"": ""GCASH"", ""table_number"": ""3"", ""items_json"": [{""productId"": 10, ""name"": ""Leg - Unli"", ""price"": 159, ""quantity"": 2, ""discount"": 0}, {""productId"": 3, ""name"": ""Icetea - Icetea Glass"", ""price"": 39, ""quantity"": 2, ""discount"": 0}], ""order_mode"": ""REGULAR""}",,396.00,2026-05-23T22:31:44.649398+08:00,717
670,"{""id"": 716, ""slip_number"": ""9740867"", ""order_type"": ""DINE_IN"", ""payment_method"": ""CASH"", ""table_number"": ""3"", ""items_json"": [{""productId"": 10, ""name"": ""Leg - Meal"", ""price"": 149, ""quantity"": 1, ""discount"": 0}, {""productId"": 7, ""name"": ""Pechopak - Meal"", ""price"": 169, ""quantity"": 1, ""discount"": 0}, {""productId"": 3, ""name"": ""Icetea - Icetea Glass"", ""price"": 39, ""quantity"": 2, ""discount"": 0}], ""order_mode"": ""REGULAR""}",,396.00,2026-05-23T22:31:39.907608+08:00,716
669,"{""id"": 715, ""slip_number"": ""9740866"", ""order_type"": ""DINE_IN"", ""payment_method"": ""CASH"", ""table_number"": ""1"", ""items_json"": [{""productId"": 10, ""name"": ""Leg - Unli"", ""price"": 159, ""quantity"": 1, ""discount"": 0}, {""productId"": 3, ""name"": ""Icetea - Icetea Glass"", ""price"": 39, ""quantity"": 2, ""discount"": 0}, {""productId"": 8, ""name"": ""Liempo - Unli"", ""price"": 199, ""quantity"": 1, ""discount"": 0}], ""order_mode"": ""REGULAR""}",,436.00,2026-05-23T21:01:50.915122+08:00,715
668,"{""id"": 714, ""slip_number"": ""9740865"", ""order_type"": ""DINE_IN"", ""payment_method"": ""CASH"", ""table_number"": """", ""items_json"": [{""productId"": 8, ""name"": ""Liempo - Meal"", ""price"": 189, ""quantity"": 1, ""discount"": 0}, {""productId"": 3, ""name"": ""Icetea - Icetea Glass"", ""price"": 39, ""quantity"": 1}], ""order_mode"": ""REGULAR""}",,228.00,2026-05-23T20:51:33.721933+08:00,714
667,"{""id"": 711, ""slip_number"": ""9740862"", ""order_type"": ""DINE_IN"", ""payment_method"": ""CASH"", ""table_number"": ""3"", ""items_json"": [{""productId"": 10, ""name"": ""Leg - Meal"", ""price"": 149, ""quantity"": 2, ""discount"": 0}, {""productId"": 8, ""name"": ""Liempo - Meal"", ""price"": 189, ""quantity"": 1, ""discount"": 0}, {""productId"": 1, ""name"": ""Coke - Mismo"", ""price"": 25, ""quantity"": 2, ""discount"": 0}, {""productId"": 3, ""name"": ""Icetea - Icetea Glass"", ""price"": 39, ""quantity"": 1, ""discount"": 0}], ""order_mode"": ""REGULAR""}",,576.00,2026-05-23T20:51:11.695352+08:00,711
666,"{""id"": 713, ""slip_number"": ""9740864"", ""order_type"": ""DINE_IN"", ""payment_method"": ""CASH"", ""table_number"": ""3"", ""items_json"": [{""productId"": 7, ""name"": ""Pechopak - Unli"", ""price"": 179, ""quantity"": 1, ""discount"": 0}], ""order_mode"": ""REGULAR""}",,179.00,2026-05-23T20:40:13.045033+08:00,713
665,"{""id"": 712, ""slip_number"": ""9740863"", ""order_type"": ""DINE_IN"", ""payment_method"": ""CASH"", ""table_number"": ""1"", ""items_json"": [{""productId"": 8, ""name"": ""Liempo - Unli"", ""price"": 199, ""quantity"": 1, ""discount"": 0}, {""productId"": 7, ""name"": ""Pechopak - Unli"", ""price"": 179, ""quantity"": 1}, {""productId"": 3, ""name"": ""Icetea - Icetea Glass"", ""price"": 39, ""quantity"": 1}], ""order_mode"": ""REGULAR""}",,417.00,2026-05-23T20:27:00+08:00,712
664,"{""id"": 710, ""slip_number"": ""9740861"", ""order_type"": ""DINE_IN"", ""payment_method"": ""CASH"", ""table_number"": ""5"", ""items_json"": [{""productId"": 10, ""name"": ""Leg - Unli"", ""price"": 159, ""quantity"": 1, ""discount"": 0}, {""productId"": 7, ""name"": ""Pechopak - Unli"", ""price"": 179, ""quantity"": 1, ""discount"": 0}, {""productId"": 3, ""name"": ""Icetea - Icetea Glass"", ""price"": 39, ""quantity"": 2, ""discount"": 0}], ""order_mode"": ""REGULAR""}",,416.00,2026-05-23T20:16:30.761946+08:00,710
663,"{""id"": 709, ""slip_number"": ""9740860"", ""order_type"": ""TAKE_OUT"", ""payment_method"": ""CASH"", ""table_number"": ""1"", ""items_json"": [{""productId"": 7, ""name"": ""Pechopak - Unli"", ""price"": 179, ""quantity"": 2, ""discount"": 0}], ""order_mode"": ""REGULAR""}",,358.00,2026-05-23T19:33:54.794499+08:00,709
662,"{""id"": 708, ""slip_number"": ""9740859"", ""order_type"": ""DINE_IN"", ""payment_method"": ""CASH"", ""table_number"": ""1"", ""items_json"": [{""productId"": 11, ""name"": ""Wings - Unli"", ""price"": 139, ""quantity"": 1, ""discount"": 20}, {""productId"": 7, ""name"": ""Pechopak - Meal"", ""price"": 169, ""quantity"": 1, ""discount"": 20}, {""productId"": 3, ""name"": ""Icetea - Icetea Glass"", ""price"": 39, ""quantity"": 2, ""discount"": 20}], ""order_mode"": ""REGULAR""}",,308.80,2026-05-23T19:26:28.245526+08:00,708
661,"{""id"": 707, ""slip_number"": ""9740858"", ""order_type"": ""DINE_IN"", ""payment_method"": ""CASH"", ""table_number"": ""1"", ""items_json"": [{""productId"": 7, ""name"": ""Pechopak - Meal"", ""price"": 169, ""quantity"": 2, ""discount"": 0}], ""order_mode"": ""REGULAR""}",,338.00,2026-05-23T18:58:53.655879+08:00,707
660,"{""id"": 705, ""slip_number"": ""9740856"", ""order_type"": ""DINE_IN"", ""payment_method"": ""CASH"", ""table_number"": ""5"", ""items_json"": [{""productId"": 7, ""name"": ""Pechopak - Unli"", ""price"": 179, ""quantity"": 4, ""discount"": 0}, {""productId"": 4, ""name"": ""Royal - 1.5"", ""price"": 120, ""quantity"": 1, ""discount"": 0}], ""order_mode"": ""REGULAR""}",,836.00,2026-05-23T18:07:25.994621+08:00,705
659,"{""id"": 704, ""slip_number"": ""9740855"", ""order_type"": ""DINE_IN"", ""payment_method"": ""CASH"", ""table_number"": ""3"", ""items_json"": [{""productId"": 10, ""name"": ""Leg - Meal"", ""price"": 149, ""quantity"": 2, ""discount"": 0}], ""order_mode"": ""REGULAR""}",,298.00,2026-05-23T18:07:22.469608+08:00,704
658,"{""id"": 703, ""slip_number"": ""9740854"", ""order_type"": ""DINE_IN"", ""payment_method"": ""CASH"", ""table_number"": ""4"", ""items_json"": [{""productId"": 7, ""name"": ""Pechopak - Unli"", ""price"": 179, ""quantity"": 3, ""discount"": 0}], ""order_mode"": ""REGULAR""}",,537.00,2026-05-23T18:07:21.402184+08:00,703
657,"{""id"": 706, ""slip_number"": ""9740857"", ""order_type"": ""DINE_IN"", ""payment_method"": ""CASH"", ""table_number"": """", ""items_json"": [{""productId"": 3, ""name"": ""Icetea - Icetea Glass"", ""price"": 39, ""quantity"": 1, ""discount"": 0}], ""order_mode"": ""REGULAR""}",,39.00,2026-05-23T18:00:47.152183+08:00,706
656,"{""id"": 702, ""slip_number"": ""9740853"", ""order_type"": ""TAKE_OUT"", ""payment_method"": ""CASH"", ""table_number"": ""3"", ""items_json"": [{""productId"": 10, ""name"": ""Leg - Meal"", ""price"": 149, ""quantity"": 1, ""discount"": 0}], ""order_mode"": ""REGULAR""}",,149.00,2026-05-23T17:16:06.675201+08:00,702
655,"{""id"": 701, ""slip_number"": ""9740852"", ""order_type"": ""DINE_IN"", ""payment_method"": ""GCASH"", ""table_number"": ""1"", ""items_json"": [{""productId"": 7, ""name"": ""Pechopak - Unli"", ""price"": 179, ""quantity"": 2, ""discount"": 0}, {""productId"": 7, ""name"": ""Pechopak - Meal"", ""price"": 169, ""quantity"": 1, ""discount"": 0}, {""productId"": 3, ""name"": ""Icetea - Icetea Pitcher"", ""price"": 129, ""quantity"": 1, ""discount"": 0}], ""order_mode"": ""REGULAR""}",,656.00,2026-05-23T17:16:01.021350+08:00,701
654,"{""id"": 700, ""slip_number"": ""9740851"", ""order_type"": ""DINE_IN"", ""payment_method"": ""CASH"", ""table_number"": ""4"", ""items_json"": [{""productId"": 7, ""name"": ""Pechopak - Unli"", ""price"": 179, ""quantity"": 1, ""discount"": 0}, {""productId"": 8, ""name"": ""Liempo - Unli"", ""price"": 199, ""quantity"": 1, ""discount"": 0}, {""productId"": 3, ""name"": ""Icetea - Icetea Pitcher"", ""price"": 129, ""quantity"": 1, ""discount"": 0}], ""order_mode"": ""REGULAR""}",,507.00,2026-05-23T16:15:32.883635+08:00,700
653,"{""id"": 699, ""slip_number"": ""9740850"", ""order_type"": ""DINE_IN"", ""payment_method"": ""CASH"", ""table_number"": ""5"", ""items_json"": [{""productId"": 10, ""name"": ""Leg - Meal"", ""price"": 149, ""quantity"": 1, ""discount"": 0}, {""productId"": 5, ""name"": ""Sprite - Mismo"", ""price"": 25, ""quantity"": 1, ""discount"": 0}], ""order_mode"": ""REGULAR""}",,174.00,2026-05-23T14:27:20.776756+08:00,699
652,"{""id"": 698, ""slip_number"": ""9740849"", ""order_type"": ""DINE_IN"", ""payment_method"": ""CASH"", ""table_number"": """", ""items_json"": [{""productId"": 1, ""name"": ""Coke - Mismo"", ""price"": 25, ""quantity"": 1, ""discount"": 0}], ""order_mode"": ""REGULAR""}",,25.00,2026-05-23T14:00:41.503115+08:00,698
651,"{""id"": 697, ""slip_number"": ""9740848"", ""order_type"": ""DINE_IN"", ""payment_method"": ""CASH"", ""table_number"": ""1"", ""items_json"": [{""productId"": 7, ""name"": ""Pechopak - Unli"", ""price"": 179, ""quantity"": 1, ""discount"": 0}, {""productId"": 5, ""name"": ""Sprite - Mismo"", ""price"": 25, ""quantity"": 1, ""discount"": 0}], ""order_mode"": ""REGULAR""}",,204.00,2026-05-23T14:00:36.907620+08:00,697
650,"{""id"": 695, ""slip_number"": ""9740846"", ""order_type"": ""DINE_IN"", ""payment_method"": ""CASH"", ""table_number"": ""4"", ""items_json"": [{""productId"": 10, ""name"": ""Leg - Meal"", ""price"": 149, ""quantity"": 1, ""discount"": 0}, {""productId"": 7, ""name"": ""Pechopak - Meal"", ""price"": 169, ""quantity"": 1, ""discount"": 0}], ""order_mode"": ""REGULAR""}",,318.00,2026-05-23T14:00:35.827397+08:00,695
649,"{""id"": 693, ""slip_number"": ""9740844"", ""order_type"": ""DINE_IN"", ""payment_method"": ""GCASH"", ""table_number"": """", ""items_json"": [{""productId"": 8, ""name"": ""Liempo - Only"", ""price"": 179, ""quantity"": 1, ""discount"": 0}, {""productId"": 5, ""name"": ""Sprite - Mismo"", ""price"": 25, ""quantity"": 1}], ""order_mode"": ""REGULAR""}",,204.00,2026-05-23T12:51:15.444393+08:00,693
648,"{""id"": 696, ""slip_number"": ""9740847"", ""order_type"": ""DINE_IN"", ""payment_method"": ""CASH"", ""table_number"": ""5"", ""items_json"": [{""productId"": 10, ""name"": ""Leg - Meal"", ""price"": 149, ""quantity"": 1, ""discount"": 0}, {""productId"": 7, ""name"": ""Pechopak - Meal"", ""price"": 169, ""quantity"": 1, ""discount"": 0}, {""productId"": 8, ""name"": ""Liempo - Meal"", ""price"": 189, ""quantity"": 1, ""discount"": 0}, {""productId"": 3, ""name"": ""Icetea - Icetea Glass"", ""price"": 39, ""quantity"": 1}], ""order_mode"": ""REGULAR""}",,546.00,2026-05-23T12:36:10.128562+08:00,696
647,"{""id"": 694, ""slip_number"": ""9740845"", ""order_type"": ""DINE_IN"", ""payment_method"": ""CASH"", ""table_number"": ""1"", ""items_json"": [{""productId"": 10, ""name"": ""Leg - Unli"", ""price"": 159, ""quantity"": 3, ""discount"": 0}], ""order_mode"": ""REGULAR""}",,477.00,2026-05-23T12:06:10.744923+08:00,694
646,"{""id"": 691, ""slip_number"": ""9740843"", ""order_type"": ""TAKE_OUT"", ""payment_method"": ""CASH"", ""table_number"": """", ""items_json"": [{""productId"": 8, ""name"": ""Liempo - Meal"", ""price"": 189, ""quantity"": 3, ""discount"": 0}, {""productId"": 7, ""name"": ""Pechopak - Unli"", ""price"": 179, ""quantity"": 1}], ""order_mode"": ""REGULAR""}",,746.00,2026-05-23T11:06:24.338149+08:00,691
644,"{""id"": 690, ""slip_number"": ""9740842"", ""order_type"": ""DINE_IN"", ""payment_method"": ""CASH"", ""table_number"": ""1"", ""items_json"": [{""productId"": 8, ""name"": ""Liempo - Unli"", ""price"": 199, ""quantity"": 1, ""discount"": 0}, {""productId"": 11, ""name"": ""Wings - Meal"", ""price"": 129, ""quantity"": 1, ""discount"": 0}, {""productId"": 5, ""name"": ""Sprite - Mismo"", ""price"": 25, ""quantity"": 1, ""discount"": 0}], ""order_mode"": ""REGULAR""}",,353.00,2026-05-22T23:59:00+08:00,690
643,"{""id"": 689, ""slip_number"": ""9740841"", ""order_type"": ""DINE_IN"", ""payment_method"": ""CASH"", ""table_number"": ""4"", ""items_json"": [{""productId"": 7, ""name"": ""Pechopak - Unli"", ""price"": 179, ""quantity"": 3, ""discount"": 0}], ""order_mode"": ""REGULAR""}",,537.00,2026-05-22T21:57:33.997126+08:00,689
642,"{""id"": 686, ""slip_number"": ""9740838"", ""order_type"": ""DINE_IN"", ""payment_method"": ""CASH"", ""table_number"": ""3"", ""items_json"": [{""productId"": 10, ""name"": ""Leg - Meal"", ""price"": 149, ""quantity"": 1, ""discount"": 0}, {""productId"": 3, ""name"": ""Icetea - Icetea Glass"", ""price"": 39, ""quantity"": 2, ""discount"": 0}, {""productId"": 10, ""name"": ""Leg - Unli"", ""price"": 159, ""quantity"": 1, ""discount"": 0}, {""productId"": 7, ""name"": ""Pechopak - Meal"", ""price"": 169, ""quantity"": 1, ""discount"": 0}], ""order_mode"": ""REGULAR""}",,555.00,2026-05-22T21:31:45.336439+08:00,686
641,"{""id"": 687, ""slip_number"": ""9740839"", ""order_type"": ""DINE_IN"", ""payment_method"": ""CASH"", ""table_number"": ""3"", ""items_json"": [{""productId"": 7, ""name"": ""Pechopak - Meal"", ""price"": 169, ""quantity"": 1, ""discount"": 0}, {""productId"": 7, ""name"": ""Pechopak - Unli"", ""price"": 179, ""quantity"": 1, ""discount"": 0}], ""order_mode"": ""REGULAR""}",,348.00,2026-05-22T21:31:42.569648+08:00,687
640,"{""id"": 688, ""slip_number"": ""9740840"", ""order_type"": ""DINE_IN"", ""payment_method"": ""CASH"", ""table_number"": ""1"", ""items_json"": [{""productId"": 7, ""name"": ""Pechopak - Unli"", ""price"": 179, ""quantity"": 1, ""discount"": 0}, {""productId"": 8, ""name"": ""Liempo - Unli"", ""price"": 199, ""quantity"": 1, ""discount"": 0}, {""productId"": 3, ""name"": ""Icetea - Icetea Glass"", ""price"": 39, ""quantity"": 2, ""discount"": 0}], ""order_mode"": ""REGULAR""}",,456.00,2026-05-22T21:31:37.640591+08:00,688
639,"{""id"": 684, ""slip_number"": ""9740836"", ""order_type"": ""DINE_IN"", ""payment_method"": ""CASH"", ""table_number"": ""3"", ""items_json"": [{""productId"": 8, ""name"": ""Liempo - Meal"", ""price"": 189, ""quantity"": 1, ""discount"": 0}, {""productId"": 8, ""name"": ""Liempo - Unli"", ""price"": 199, ""quantity"": 1, ""discount"": 0}, {""productId"": 3, ""name"": ""Icetea - Icetea Glass"", ""price"": 39, ""quantity"": 2, ""discount"": 0}], ""order_mode"": ""REGULAR""}",,466.00,2026-05-22T21:31:18.067235+08:00,684
638,"{""id"": 685, ""slip_number"": ""9740837"", ""order_type"": ""DINE_IN"", ""payment_method"": ""CASH"", ""table_number"": """", ""items_json"": [{""productId"": 1, ""name"": ""Coke - Mismo"", ""price"": 25, ""quantity"": 1, ""discount"": 0}], ""order_mode"": ""REGULAR""}",,25.00,2026-05-22T20:16:10.894182+08:00,685
637,"{""id"": 682, ""slip_number"": ""9740834"", ""order_type"": ""DINE_IN"", ""payment_method"": ""CASH"", ""table_number"": ""3"", ""items_json"": [{""productId"": 7, ""name"": ""Pechopak - Unli"", ""price"": 179, ""quantity"": 1, ""discount"": 0}, {""productId"": 10, ""name"": ""Leg - Unli"", ""price"": 159, ""quantity"": 1, ""discount"": 0}, {""productId"": 10, ""name"": ""Leg - Meal"", ""price"": 149, ""quantity"": 1, ""discount"": 0}, {""productId"": 3, ""name"": ""Icetea - Icetea Glass"", ""price"": 39, ""quantity"": 2, ""discount"": 0}, {""productId"": 1, ""name"": ""Coke - Mismo"", ""price"": 25, ""quantity"": 1, ""discount"": 0}], ""order_mode"": ""REGULAR""}",,590.00,2026-05-22T19:09:55.021932+08:00,682
636,"{""id"": 683, ""slip_number"": ""9740835"", ""order_type"": ""DINE_IN"", ""payment_method"": ""CASH"", ""table_number"": ""4"", ""items_json"": [{""productId"": 8, ""name"": ""Liempo - Unli"", ""price"": 199, ""quantity"": 1, ""discount"": 0}], ""order_mode"": ""REGULAR""}",,199.00,2026-05-22T19:09:52.614295+08:00,683
635,"{""id"": 681, ""slip_number"": ""9740833"", ""order_type"": ""PICK_UP"", ""payment_method"": ""CASH"", ""table_number"": """", ""items_json"": [{""productId"": 10, ""name"": ""Leg - Meal"", ""price"": 149, ""quantity"": 1, ""discount"": 0}], ""order_mode"": ""REGULAR""}",,149.00,2026-05-22T18:31:58.926566+08:00,681
634,"{""id"": 674, ""slip_number"": ""9740830"", ""order_type"": ""DINE_IN"", ""payment_method"": ""GCASH"", ""table_number"": """", ""items_json"": [{""productId"": 11, ""name"": ""Wings - Only"", ""price"": 119, ""quantity"": 1, ""discount"": 0}, {""productId"": 3, ""name"": ""Icetea - Icetea Glass"", ""price"": 39, ""quantity"": 1}], ""order_mode"": ""REGULAR""}",,158.00,2026-05-22T17:09:03.165236+08:00,674
633,"{""id"": 677, ""slip_number"": null, ""order_type"": ""DINE_IN"", ""payment_method"": ""GCASH"", ""table_number"": ""2"", ""items_json"": [{""productId"": 3, ""name"": ""Icetea - Icetea Glass"", ""price"": 39, ""quantity"": 2}], ""order_mode"": ""REGULAR""}",,78.00,2026-05-22T17:03:50.226215+08:00,677
632,"{""id"": 676, ""slip_number"": ""9740831"", ""order_type"": ""DINE_IN"", ""payment_method"": ""CASH"", ""table_number"": ""3"", ""items_json"": [{""productId"": 7, ""name"": ""Pechopak - Unli"", ""price"": 179, ""quantity"": 1, ""discount"": 0}, {""productId"": 8, ""name"": ""Liempo - Unli"", ""price"": 199, ""quantity"": 1, ""discount"": 0}, {""productId"": 3, ""name"": ""Icetea - Icetea Glass"", ""price"": 39, ""quantity"": 2, ""discount"": 0}], ""order_mode"": ""REGULAR""}",,456.00,2026-05-22T16:59:10.538195+08:00,676
631,"{""id"": 673, ""slip_number"": ""9740829"", ""order_type"": ""DINE_IN"", ""payment_method"": ""CASH"", ""table_number"": ""3"", ""items_json"": [{""productId"": 10, ""name"": ""Leg - Meal"", ""price"": 149, ""quantity"": 2, ""discount"": 0}, {""productId"": 3, ""name"": ""Icetea - Icetea Glass"", ""price"": 39, ""quantity"": 1, ""discount"": 0}, {""productId"": 8, ""name"": ""Liempo - Meal"", ""price"": 189, ""quantity"": 1}], ""order_mode"": ""REGULAR""}",,526.00,2026-05-22T13:32:59.952684+08:00,673
630,"{""id"": 672, ""slip_number"": ""9740828"", ""order_type"": ""DINE_IN"", ""payment_method"": ""CASH"", ""table_number"": """", ""items_json"": [{""productId"": 10, ""name"": ""Leg - Meal"", ""price"": 149, ""quantity"": 2, ""discount"": 0}, {""productId"": 8, ""name"": ""Liempo - Meal"", ""price"": 189, ""quantity"": 2, ""discount"": 0}], ""order_mode"": ""REGULAR""}",,676.00,2026-05-22T11:22:45.398132+08:00,672
629,"{""id"": 671, ""slip_number"": ""9740827"", ""order_type"": ""DINE_IN"", ""payment_method"": ""CASH"", ""table_number"": ""4"", ""items_json"": [{""productId"": 7, ""name"": ""Pechopak - Meal"", ""price"": 169, ""quantity"": 1, ""discount"": 0}, {""productId"": 8, ""name"": ""Liempo - Meal"", ""price"": 189, ""quantity"": 1, ""discount"": 0}, {""productId"": 10, ""name"": ""Leg - Meal"", ""price"": 149, ""quantity"": 1, ""discount"": 0}, {""productId"": 2, ""name"": ""Rice - Extra"", ""price"": 20, ""quantity"": 1}], ""order_mode"": ""REGULAR""}",,527.00,2026-05-22T11:01:51.193819+08:00,671
645,"{""id"": 692, ""slip_number"": null, ""order_type"": ""DINE_IN"", ""payment_method"": """", ""table_number"": """", ""items_json"": [{""productId"": 11, ""name"": ""Wings - One Piece Only"", ""price"": 69, ""quantity"": 3, ""discount"": 0}], ""order_mode"": ""WASTE""}",,207.00,2026-05-22T10:54:00+08:00,692
628,"{""id"": 670, ""slip_number"": ""9740826"", ""order_type"": ""DINE_IN"", ""payment_method"": ""CASH"", ""table_number"": ""1"", ""items_json"": [{""productId"": 7, ""name"": ""Pechopak - Unli"", ""price"": 179, ""quantity"": 2, ""discount"": 0}, {""productId"": 3, ""name"": ""Icetea - Icetea Glass"", ""price"": 39, ""quantity"": 1, ""discount"": 0}, {""productId"": 5, ""name"": ""Sprite - Mismo"", ""price"": 25, ""quantity"": 1, ""discount"": 0}], ""order_mode"": ""REGULAR""}",,422.00,2026-05-21T22:45:48.793902+08:00,670
627,"{""id"": 663, ""slip_number"": ""9740819"", ""order_type"": ""DINE_IN"", ""payment_method"": ""GCASH"", ""table_number"": ""3"", ""items_json"": [{""productId"": 10, ""name"": ""Leg - Only"", ""price"": 139, ""quantity"": 1, ""discount"": 0}, {""productId"": 7, ""name"": ""Pechopak - Only"", ""price"": 159, ""quantity"": 1, ""discount"": 0}, {""productId"": 9, ""name"": ""BBQ - Only"", ""price"": 129, ""quantity"": 1, ""discount"": 0}, {""productId"": 5, ""name"": ""Sprite - Mismo"", ""price"": 25, ""quantity"": 1}], ""order_mode"": ""REGULAR""}",,452.00,2026-05-21T22:30:15.821080+08:00,663
626,"{""id"": 669, ""slip_number"": ""9740825"", ""order_type"": ""TAKE_OUT"", ""payment_method"": ""GCASH"", ""table_number"": ""2"", ""items_json"": [{""productId"": 10, ""name"": ""Leg - Meal"", ""price"": 149, ""quantity"": 1, ""discount"": 0}, {""productId"": 1, ""name"": ""Coke - Mismo"", ""price"": 25, ""quantity"": 1, ""discount"": 0}], ""order_mode"": ""REGULAR""}",,174.00,2026-05-21T22:13:36.240184+08:00,669
625,"{""id"": 668, ""slip_number"": ""9740824"", ""order_type"": ""DINE_IN"", ""payment_method"": ""CASH"", ""table_number"": ""4"", ""items_json"": [{""productId"": 7, ""name"": ""Pechopak - Unli"", ""price"": 179, ""quantity"": 1, ""discount"": 0}, {""productId"": 8, ""name"": ""Liempo - Meal"", ""price"": 189, ""quantity"": 1, ""discount"": 0}, {""productId"": 3, ""name"": ""Icetea - Icetea Glass"", ""price"": 39, ""quantity"": 1, ""discount"": 0}], ""order_mode"": ""REGULAR""}",,407.00,2026-05-21T21:05:47.793605+08:00,668
624,"{""id"": 667, ""slip_number"": ""9740823"", ""order_type"": ""DINE_IN"", ""payment_method"": ""CASH"", ""table_number"": ""5"", ""items_json"": [{""productId"": 10, ""name"": ""Leg - Meal"", ""price"": 149, ""quantity"": 2, ""discount"": 0}, {""productId"": 5, ""name"": ""Sprite - Mismo"", ""price"": 25, ""quantity"": 2, ""discount"": 0}], ""order_mode"": ""REGULAR""}",,348.00,2026-05-21T21:01:58.259105+08:00,667
623,"{""id"": 666, ""slip_number"": ""9740822"", ""order_type"": ""DINE_IN"", ""payment_method"": ""CASH"", ""table_number"": ""1"", ""items_json"": [{""productId"": 8, ""name"": ""Liempo - Meal"", ""price"": 189, ""quantity"": 1, ""discount"": 0}, {""productId"": 8, ""name"": ""Liempo - Unli"", ""price"": 199, ""quantity"": 1, ""discount"": 0}, {""productId"": 3, ""name"": ""Icetea - Icetea Glass"", ""price"": 39, ""quantity"": 1, ""discount"": 0}], ""order_mode"": ""REGULAR""}",,427.00,2026-05-21T20:49:56.473252+08:00,666
622,"{""id"": 665, ""slip_number"": ""9740821"", ""order_type"": ""DINE_IN"", ""payment_method"": ""CASH"", ""table_number"": ""1"", ""items_json"": [{""productId"": 10, ""name"": ""Leg - Unli"", ""price"": 159, ""quantity"": 1, ""discount"": 0}], ""order_mode"": ""REGULAR""}",,159.00,2026-05-21T20:35:41.796694+08:00,665
621,"{""id"": 664, ""slip_number"": ""9740820"", ""order_type"": ""DINE_IN"", ""payment_method"": ""CASH"", ""table_number"": ""1"", ""items_json"": [{""productId"": 10, ""name"": ""Leg - Unli"", ""price"": 159, ""quantity"": 2, ""discount"": 0}], ""order_mode"": ""REGULAR""}",,318.00,2026-05-21T20:15:57.476352+08:00,664
620,"{""id"": 662, ""slip_number"": ""9740818"", ""order_type"": ""DINE_IN"", ""payment_method"": ""CASH"", ""table_number"": ""5"", ""items_json"": [{""productId"": 11, ""name"": ""Wings - Meal"", ""price"": 129, ""quantity"": 1, ""discount"": 0}, {""productId"": 10, ""name"": ""Leg - Meal"", ""price"": 149, ""quantity"": 1, ""discount"": 0}], ""order_mode"": ""REGULAR""}",,278.00,2026-05-21T19:37:40.119500+08:00,662
619,"{""id"": 661, ""slip_number"": ""9740817"", ""order_type"": ""DINE_IN"", ""payment_method"": ""CASH"", ""table_number"": ""1"", ""items_json"": [{""productId"": 10, ""name"": ""Leg - Unli"", ""price"": 159, ""quantity"": 2, ""discount"": 0}, {""productId"": 3, ""name"": ""Icetea - Icetea Glass"", ""price"": 39, ""quantity"": 2, ""discount"": 0}], ""order_mode"": ""REGULAR""}",,396.00,2026-05-21T19:27:09.838489+08:00,661
618,"{""id"": 660, ""slip_number"": ""9740816"", ""order_type"": ""DINE_IN"", ""payment_method"": ""CASH"", ""table_number"": """", ""items_json"": [{""productId"": 8, ""name"": ""Liempo - Meal"", ""price"": 189, ""quantity"": 4, ""discount"": 0}], ""order_mode"": ""REGULAR""}",,756.00,2026-05-21T12:37:13.845012+08:00,660
617,"{""id"": 659, ""slip_number"": ""9740815"", ""order_type"": ""DINE_IN"", ""payment_method"": ""GCASH"", ""table_number"": ""4"", ""items_json"": [{""productId"": 10, ""name"": ""Leg - Unli"", ""price"": 159, ""quantity"": 1, ""discount"": 0}, {""productId"": 7, ""name"": ""Pechopak - Unli"", ""price"": 179, ""quantity"": 2, ""discount"": 0}], ""order_mode"": ""REGULAR""}",,517.00,2026-05-20T22:47:44.984737+08:00,659
616,"{""id"": 658, ""slip_number"": ""9740814"", ""order_type"": ""DINE_IN"", ""payment_method"": ""CASH"", ""table_number"": """", ""items_json"": [{""productId"": 11, ""name"": ""Wings - Only"", ""price"": 119, ""quantity"": 1, ""discount"": 0}, {""productId"": 1, ""name"": ""Coke - Mismo"", ""price"": 25, ""quantity"": 1}], ""order_mode"": ""REGULAR""}",,144.00,2026-05-20T22:13:13.863969+08:00,658
615,"{""id"": 657, ""slip_number"": ""9740813"", ""order_type"": ""DINE_IN"", ""payment_method"": ""CASH"", ""table_number"": ""4"", ""items_json"": [{""productId"": 7, ""name"": ""Pechopak - Unli"", ""price"": 179, ""quantity"": 1, ""discount"": 0}], ""order_mode"": ""REGULAR""}",,179.00,2026-05-20T21:23:00.987656+08:00,657
614,"{""id"": 656, ""slip_number"": ""9740812"", ""order_type"": ""DINE_IN"", ""payment_method"": ""CASH"", ""table_number"": """", ""items_json"": [{""productId"": 11, ""name"": ""Wings - Meal"", ""price"": 129, ""quantity"": 2, ""discount"": 0}, {""productId"": 2, ""name"": ""Rice - Extra"", ""price"": 20, ""quantity"": 1}], ""order_mode"": ""REGULAR""}",,278.00,2026-05-20T21:21:00+08:00,656
613,"{""id"": 655, ""slip_number"": ""9740811"", ""order_type"": ""DINE_IN"", ""payment_method"": ""GCASH"", ""table_number"": """", ""items_json"": [{""productId"": 3, ""name"": ""Icetea - Icetea Glass"", ""price"": 39, ""quantity"": 1, ""discount"": 0}], ""order_mode"": ""REGULAR""}",,39.00,2026-05-20T20:52:46.845807+08:00,655
612,"{""id"": 653, ""slip_number"": ""9740809"", ""order_type"": ""DINE_IN"", ""payment_method"": ""GCASH"", ""table_number"": """", ""items_json"": [{""productId"": 3, ""name"": ""Icetea - Icetea Glass"", ""price"": 39, ""quantity"": 1, ""discount"": 0}], ""order_mode"": ""REGULAR""}",,39.00,2026-05-20T20:50:01.708663+08:00,653
611,"{""id"": 654, ""slip_number"": ""9740810"", ""order_type"": ""TAKE_OUT"", ""payment_method"": ""CASH"", ""table_number"": ""4"", ""items_json"": [{""productId"": 10, ""name"": ""Leg - Meal"", ""price"": 149, ""quantity"": 1, ""discount"": 0}, {""productId"": 9, ""name"": ""BBQ - Unli"", ""price"": 149, ""quantity"": 1, ""discount"": 0}], ""order_mode"": ""REGULAR""}",,298.00,2026-05-20T20:45:48.270984+08:00,654
610,"{""id"": 652, ""slip_number"": ""9740808"", ""order_type"": ""DINE_IN"", ""payment_method"": ""CASH"", ""table_number"": """", ""items_json"": [{""productId"": 3, ""name"": ""Icetea - Icetea Glass"", ""price"": 39, ""quantity"": 1, ""discount"": 0}], ""order_mode"": ""REGULAR""}",,39.00,2026-05-20T20:07:33.701245+08:00,652
609,"{""id"": 651, ""slip_number"": ""9740807"", ""order_type"": ""DINE_IN"", ""payment_method"": ""CASH"", ""table_number"": ""4"", ""items_json"": [{""productId"": 7, ""name"": ""Pechopak - Unli"", ""price"": 179, ""quantity"": 2, ""discount"": 0}, {""productId"": 3, ""name"": ""Icetea - Icetea Glass"", ""price"": 39, ""quantity"": 2, ""discount"": 0}], ""order_mode"": ""REGULAR""}",,436.00,2026-05-20T20:02:28.450836+08:00,651
608,"{""id"": 650, ""slip_number"": ""9740806"", ""order_type"": ""TAKE_OUT"", ""payment_method"": ""CASH"", ""table_number"": """", ""items_json"": [{""productId"": 2, ""name"": ""Rice - Extra"", ""price"": 20, ""quantity"": 2, ""discount"": 0}], ""order_mode"": ""REGULAR""}",,40.00,2026-05-20T19:26:53.747602+08:00,650
607,"{""id"": 649, ""slip_number"": ""9740805"", ""order_type"": ""TAKE_OUT"", ""payment_method"": ""CASH"", ""table_number"": """", ""items_json"": [{""productId"": 10, ""name"": ""Leg - Meal"", ""price"": 149, ""quantity"": 3, ""discount"": 0}], ""order_mode"": ""REGULAR""}",,447.00,2026-05-20T19:26:44.499960+08:00,649
606,"{""id"": 648, ""slip_number"": ""9740804"", ""order_type"": ""DINE_IN"", ""payment_method"": ""CASH"", ""table_number"": ""4"", ""items_json"": [{""productId"": 7, ""name"": ""Pechopak - Unli"", ""price"": 179, ""quantity"": 1, ""discount"": 0}, {""productId"": 12, ""name"": ""Water - Bottled"", ""price"": 20, ""quantity"": 2, ""discount"": 0}, {""productId"": 8, ""name"": ""Liempo - Unli"", ""price"": 199, ""quantity"": 1, ""discount"": 0}], ""order_mode"": ""REGULAR""}",,418.00,2026-05-20T17:45:32.215312+08:00,648
605,"{""id"": 647, ""slip_number"": ""9740803"", ""order_type"": ""DINE_IN"", ""payment_method"": ""CASH"", ""table_number"": ""1"", ""items_json"": [{""productId"": 10, ""name"": ""Leg - Meal"", ""price"": 149, ""quantity"": 1, ""discount"": 0}, {""productId"": 8, ""name"": ""Liempo - Meal"", ""price"": 189, ""quantity"": 1, ""discount"": 0}, {""productId"": 3, ""name"": ""Icetea - Icetea Glass"", ""price"": 39, ""quantity"": 2, ""discount"": 0}], ""order_mode"": ""REGULAR""}",,416.00,2026-05-20T15:51:56.933198+08:00,647
604,"{""id"": 646, ""slip_number"": ""9740802"", ""order_type"": ""DINE_IN"", ""payment_method"": ""CASH"", ""table_number"": """", ""items_json"": [{""productId"": 3, ""name"": ""Icetea - Icetea Glass"", ""price"": 39, ""quantity"": 1, ""discount"": 0}, {""productId"": 7, ""name"": ""Pechopak - Only"", ""price"": 159, ""quantity"": 1, ""discount"": 0}, {""productId"": 8, ""name"": ""Liempo - Only"", ""price"": 179, ""quantity"": 1, ""discount"": 0}], ""order_mode"": ""REGULAR""}",,377.00,2026-05-20T15:32:48.822781+08:00,646
603,"{""id"": 642, ""slip_number"": ""9740798"", ""order_type"": ""TAKE_OUT"", ""payment_method"": ""CASH"", ""table_number"": """", ""items_json"": [{""productId"": 7, ""name"": ""Pechopak - Unli"", ""price"": 179, ""quantity"": 1, ""discount"": 0}], ""order_mode"": ""REGULAR""}",,179.00,2026-05-20T14:58:02.277179+08:00,642
602,"{""id"": 645, ""slip_number"": ""9740801"", ""order_type"": ""DELIVERY"", ""payment_method"": ""GCASH"", ""table_number"": """", ""items_json"": [{""productId"": 10, ""name"": ""Leg - Meal"", ""price"": 149, ""quantity"": 1, ""discount"": 0}, {""productId"": 3, ""name"": ""Icetea - Icetea Glass"", ""price"": 39, ""quantity"": 1, ""discount"": 0}, {""productId"": -1, ""name"": ""Delivery Fee"", ""price"": 30, ""quantity"": 1, ""discount"": 0}], ""order_mode"": ""REGULAR""}",,218.00,2026-05-20T13:57:50.902383+08:00,645
601,"{""id"": 644, ""slip_number"": ""9740800"", ""order_type"": ""DINE_IN"", ""payment_method"": ""CASH"", ""table_number"": """", ""items_json"": [{""productId"": 10, ""name"": ""Leg - Meal"", ""price"": 149, ""quantity"": 1, ""discount"": 20}, {""productId"": 10, ""name"": ""Leg - Meal"", ""price"": 149, ""quantity"": 1, ""discount"": 0}, {""productId"": 1, ""name"": ""Coke - Mismo"", ""price"": 25, ""quantity"": 1, ""discount"": 20}, {""productId"": 9, ""name"": ""BBQ - Only"", ""price"": 129, ""quantity"": 3, ""discount"": 0}], ""order_mode"": ""REGULAR""}",,675.20,2026-05-20T12:40:47.789194+08:00,644
600,"{""id"": 643, ""slip_number"": ""9740799"", ""order_type"": ""DINE_IN"", ""payment_method"": ""CASH"", ""table_number"": ""1"", ""items_json"": [{""productId"": 7, ""name"": ""Pechopak - Unli"", ""price"": 179, ""quantity"": 1, ""discount"": 0}], ""order_mode"": ""REGULAR""}",,179.00,2026-05-20T12:32:53.955320+08:00,643
599,"{""id"": 641, ""slip_number"": ""9740797"", ""order_type"": ""TAKE_OUT"", ""payment_method"": ""CASH"", ""table_number"": ""2"", ""items_json"": [{""productId"": 10, ""name"": ""Leg - Meal"", ""price"": 149, ""quantity"": 1, ""discount"": 0}], ""order_mode"": ""REGULAR""}",,149.00,2026-05-20T12:32:14.066195+08:00,641
598,"{""id"": 639, ""slip_number"": ""9740795"", ""order_type"": ""DINE_IN"", ""payment_method"": ""CASH"", ""table_number"": ""1"", ""items_json"": [{""productId"": 7, ""name"": ""Pechopak - Unli"", ""price"": 179, ""quantity"": 11, ""discount"": 0}, {""productId"": 3, ""name"": ""Icetea - Icetea Pitcher"", ""price"": 129, ""quantity"": 3, ""discount"": 0}], ""order_mode"": ""REGULAR""}",,2356.00,2026-05-20T12:02:31.043460+08:00,639
597,"{""id"": 638, ""slip_number"": ""9740794"", ""order_type"": ""DINE_IN"", ""payment_method"": ""CASH"", ""table_number"": ""1"", ""items_json"": [{""productId"": 10, ""name"": ""Leg - Unli"", ""price"": 159, ""quantity"": 1, ""discount"": 0}, {""productId"": 10, ""name"": ""Leg - Only"", ""price"": 139, ""quantity"": 1, ""discount"": 0}], ""order_mode"": ""REGULAR""}",,298.00,2026-05-20T10:59:59.755418+08:00,638
596,"{""id"": 637, ""slip_number"": ""9740793"", ""order_type"": ""DINE_IN"", ""payment_method"": ""CASH"", ""table_number"": """", ""items_json"": [{""productId"": 7, ""name"": ""Pechopak - Unli"", ""price"": 179, ""quantity"": 1, ""discount"": 0}, {""productId"": 9, ""name"": ""BBQ - Meal"", ""price"": 139, ""quantity"": 1, ""discount"": 0}], ""order_mode"": ""REGULAR""}",,318.00,2026-05-19T22:57:20.153601+08:00,637
595,"{""id"": 636, ""slip_number"": ""9740792"", ""order_type"": ""DINE_IN"", ""payment_method"": ""CASH"", ""table_number"": """", ""items_json"": [{""productId"": 3, ""name"": ""Icetea - Icetea Pitcher"", ""price"": 129, ""quantity"": 1, ""discount"": 0}, {""productId"": 7, ""name"": ""Pechopak - Unli"", ""price"": 179, ""quantity"": 1, ""discount"": 0}], ""order_mode"": ""REGULAR""}",,308.00,2026-05-19T22:57:13.674983+08:00,636
594,"{""id"": 635, ""slip_number"": ""9740791"", ""order_type"": ""DINE_IN"", ""payment_method"": ""CASH"", ""table_number"": """", ""items_json"": [{""productId"": 11, ""name"": ""Wings - Unli"", ""price"": 139, ""quantity"": 1, ""discount"": 0}, {""productId"": 3, ""name"": ""Icetea - Icetea Glass"", ""price"": 39, ""quantity"": 1, ""discount"": 0}, {""productId"": 11, ""name"": ""Wings - Meal"", ""price"": 129, ""quantity"": 1, ""discount"": 0}], ""order_mode"": ""REGULAR""}",,307.00,2026-05-19T22:57:06.962329+08:00,635
593,"{""id"": 634, ""slip_number"": ""9740790"", ""order_type"": ""DINE_IN"", ""payment_method"": ""CASH"", ""table_number"": """", ""items_json"": [{""productId"": 10, ""name"": ""Leg - Unli"", ""price"": 159, ""quantity"": 5, ""discount"": 0}, {""productId"": 7, ""name"": ""Pechopak - Meal"", ""price"": 169, ""quantity"": 1, ""discount"": 0}], ""order_mode"": ""REGULAR""}",,964.00,2026-05-19T22:56:37.958482+08:00,634
592,"{""id"": 633, ""slip_number"": ""9740789"", ""order_type"": ""DINE_IN"", ""payment_method"": ""CASH"", ""table_number"": ""1"", ""items_json"": [{""productId"": 9, ""name"": ""BBQ - Meal"", ""price"": 139, ""quantity"": 1, ""discount"": 0}, {""productId"": 11, ""name"": ""Wings - Meal"", ""price"": 129, ""quantity"": 1, ""discount"": 0}], ""order_mode"": ""REGULAR""}",,268.00,2026-05-19T22:49:55.505300+08:00,633
591,"{""id"": 632, ""slip_number"": ""9740788"", ""order_type"": ""DINE_IN"", ""payment_method"": ""CASH"", ""table_number"": ""5"", ""items_json"": [{""productId"": 7, ""name"": ""Pechopak - Meal"", ""price"": 169, ""quantity"": 4, ""discount"": 0}], ""order_mode"": ""REGULAR""}",,676.00,2026-05-19T22:40:26.860462+08:00,632
590,"{""id"": 630, ""slip_number"": ""9740786"", ""order_type"": ""DINE_IN"", ""payment_method"": ""CASH"", ""table_number"": ""3"", ""items_json"": [{""productId"": 7, ""name"": ""Pechopak - Unli"", ""price"": 179, ""quantity"": 1, ""discount"": 0}], ""order_mode"": ""REGULAR""}",,179.00,2026-05-19T22:16:28.078966+08:00,630
589,"{""id"": 631, ""slip_number"": ""9740787"", ""order_type"": ""DINE_IN"", ""payment_method"": ""GCASH"", ""table_number"": ""4"", ""items_json"": [{""productId"": 8, ""name"": ""Liempo - Unli"", ""price"": 199, ""quantity"": 1, ""discount"": 0}, {""productId"": 3, ""name"": ""Icetea - Icetea Glass"", ""price"": 39, ""quantity"": 1, ""discount"": 0}], ""order_mode"": ""REGULAR""}",,238.00,2026-05-19T22:11:18.170703+08:00,631
588,"{""id"": 629, ""slip_number"": ""9740785"", ""order_type"": ""TAKE_OUT"", ""payment_method"": ""CASH"", ""table_number"": ""5"", ""items_json"": [{""productId"": 10, ""name"": ""Leg - Meal"", ""price"": 149, ""quantity"": 1, ""discount"": 0}], ""order_mode"": ""REGULAR""}",,149.00,2026-05-19T20:48:13.377101+08:00,629
587,"{""id"": 627, ""slip_number"": ""9740784"", ""order_type"": ""DINE_IN"", ""payment_method"": ""CASH"", ""table_number"": ""1"", ""items_json"": [{""productId"": 7, ""name"": ""Pechopak - Unli"", ""price"": 179, ""quantity"": 1, ""discount"": 0}, {""productId"": 10, ""name"": ""Leg - Unli"", ""price"": 159, ""quantity"": 1, ""discount"": 0}], ""order_mode"": ""REGULAR""}",,338.00,2026-05-19T20:41:17.450377+08:00,627
586,"{""id"": 625, ""slip_number"": ""9740783"", ""order_type"": ""DINE_IN"", ""payment_method"": ""GCASH"", ""table_number"": ""1"", ""items_json"": [{""productId"": 7, ""name"": ""Pechopak - Unli"", ""price"": 179, ""quantity"": 1, ""discount"": 0}, {""productId"": 11, ""name"": ""Wings - Unli"", ""price"": 139, ""quantity"": 1, ""discount"": 0}], ""order_mode"": ""REGULAR""}",,318.00,2026-05-19T20:41:16.365035+08:00,625
585,"{""id"": 624, ""slip_number"": ""9740782"", ""order_type"": ""DINE_IN"", ""payment_method"": ""CASH"", ""table_number"": ""1"", ""items_json"": [{""productId"": 7, ""name"": ""Pechopak - Unli"", ""price"": 179, ""quantity"": 1, ""discount"": 0}, {""productId"": 1, ""name"": ""Coke - 1.5"", ""price"": 120, ""quantity"": 1}], ""order_mode"": ""REGULAR""}",,299.00,2026-05-19T20:41:15.013166+08:00,624
584,"{""id"": 623, ""slip_number"": ""9740781"", ""order_type"": ""DINE_IN"", ""payment_method"": ""CASH"", ""table_number"": ""5"", ""items_json"": [{""productId"": 7, ""name"": ""Pechopak - Unli"", ""price"": 179, ""quantity"": 1, ""discount"": 0}], ""order_mode"": ""REGULAR""}",,179.00,2026-05-19T20:41:13.142449+08:00,623
583,"{""id"": 622, ""slip_number"": ""9740780"", ""order_type"": ""DINE_IN"", ""payment_method"": ""CASH"", ""table_number"": ""4"", ""items_json"": [{""productId"": 10, ""name"": ""Leg - Meal"", ""price"": 149, ""quantity"": 2, ""discount"": 0}, {""productId"": 8, ""name"": ""Liempo - Unli"", ""price"": 199, ""quantity"": 1, ""discount"": 0}, {""productId"": 8, ""name"": ""Liempo - Meal"", ""price"": 189, ""quantity"": 1, ""discount"": 0}, {""productId"": 3, ""name"": ""Icetea - Icetea Pitcher"", ""price"": 129, ""quantity"": 1, ""discount"": 0}], ""order_mode"": ""REGULAR""}",,815.00,2026-05-19T20:11:57.997519+08:00,622
582,"{""id"": 621, ""slip_number"": ""18"", ""order_type"": ""DINE_IN"", ""payment_method"": """", ""table_number"": """", ""items_json"": [{""productId"": 2, ""name"": ""Rice - Extra"", ""price"": 20, ""quantity"": 3, ""discount"": 0}], ""order_mode"": ""EMPLOYEE""}",,60.00,2026-05-19T19:47:18.490258+08:00,621
581,"{""id"": 619, ""slip_number"": ""9740779"", ""order_type"": ""DINE_IN"", ""payment_method"": ""CASH"", ""table_number"": ""4"", ""items_json"": [{""productId"": 11, ""name"": ""Wings - Unli"", ""price"": 139, ""quantity"": 1, ""discount"": 20}, {""productId"": 8, ""name"": ""Liempo - Meal"", ""price"": 189, ""quantity"": 1, ""discount"": 20}, {""productId"": 3, ""name"": ""Icetea - Icetea Glass"", ""price"": 39, ""quantity"": 2, ""discount"": 20}], ""order_mode"": ""REGULAR""}",,324.80,2026-05-19T18:49:33.425811+08:00,619
580,"{""id"": 618, ""slip_number"": ""9740778"", ""order_type"": ""DINE_IN"", ""payment_method"": ""CASH"", ""table_number"": ""5"", ""items_json"": [{""productId"": 7, ""name"": ""Pechopak - Unli"", ""price"": 179, ""quantity"": 1, ""discount"": 0}], ""order_mode"": ""REGULAR""}",,179.00,2026-05-19T18:42:51.558776+08:00,618
579,"{""id"": 620, ""slip_number"": ""17"", ""order_type"": ""DINE_IN"", ""payment_method"": """", ""table_number"": """", ""items_json"": [{""productId"": 2, ""name"": ""Rice - Extra"", ""price"": 20, ""quantity"": 18, ""discount"": 0}], ""order_mode"": ""EMPLOYEE""}",,360.00,2026-05-19T18:41:05.720369+08:00,620
578,"{""id"": 617, ""slip_number"": ""9740777"", ""order_type"": ""DINE_IN"", ""payment_method"": ""CASH"", ""table_number"": """", ""items_json"": [{""productId"": 3, ""name"": ""Icetea - Icetea Glass"", ""price"": 39, ""quantity"": 1, ""discount"": 0}], ""order_mode"": ""REGULAR""}",,39.00,2026-05-19T18:19:12.066891+08:00,617
577,"{""id"": 616, ""slip_number"": ""9740776"", ""order_type"": ""TAKE_OUT"", ""payment_method"": ""CASH"", ""table_number"": ""5"", ""items_json"": [{""productId"": 10, ""name"": ""Leg - Unli"", ""price"": 159, ""quantity"": 1, ""discount"": 0}, {""productId"": 8, ""name"": ""Liempo - Meal"", ""price"": 189, ""quantity"": 1, ""discount"": 0}], ""order_mode"": ""REGULAR""}",,348.00,2026-05-19T18:19:08.909437+08:00,616
576,"{""id"": 609, ""slip_number"": ""9740769"", ""order_type"": ""DINE_IN"", ""payment_method"": ""CASH"", ""table_number"": ""4"", ""items_json"": [{""productId"": 7, ""name"": ""Pechopak - Unli"", ""price"": 179, ""quantity"": 2, ""discount"": 0}, {""productId"": 3, ""name"": ""Icetea - Icetea Glass"", ""price"": 39, ""quantity"": 2, ""discount"": 0}], ""order_mode"": ""REGULAR""}",,436.00,2026-05-19T18:03:11.790875+08:00,609
575,"{""id"": 612, ""slip_number"": ""9740772"", ""order_type"": ""DINE_IN"", ""payment_method"": ""CASH"", ""table_number"": ""3"", ""items_json"": [{""productId"": 7, ""name"": ""Pechopak - Unli"", ""price"": 179, ""quantity"": 1, ""discount"": 20}], ""order_mode"": ""REGULAR""}",,143.20,2026-05-19T18:03:04.796143+08:00,612
574,"{""id"": 613, ""slip_number"": ""9740773"", ""order_type"": ""DINE_IN"", ""payment_method"": ""CASH"", ""table_number"": ""3"", ""items_json"": [{""productId"": 7, ""name"": ""Pechopak - Unli"", ""price"": 179, ""quantity"": 1, ""discount"": 0}], ""order_mode"": ""REGULAR""}",,179.00,2026-05-19T18:03:01.830604+08:00,613
573,"{""id"": 615, ""slip_number"": ""9740775"", ""order_type"": ""DINE_IN"", ""payment_method"": ""CASH"", ""table_number"": ""1"", ""items_json"": [{""productId"": 10, ""name"": ""Leg - Unli"", ""price"": 159, ""quantity"": 1, ""discount"": 0}, {""productId"": 1, ""name"": ""Coke - Mismo"", ""price"": 25, ""quantity"": 1, ""discount"": 0}], ""order_mode"": ""REGULAR""}",,184.00,2026-05-19T18:02:24.751408+08:00,615
572,"{""id"": 614, ""slip_number"": ""9740774"", ""order_type"": ""DINE_IN"", ""payment_method"": ""CASH"", ""table_number"": """", ""items_json"": [{""productId"": 3, ""name"": ""Icetea - Icetea Glass"", ""price"": 39, ""quantity"": 1, ""discount"": 0}], ""order_mode"": ""REGULAR""}",,39.00,2026-05-19T17:56:04.497857+08:00,614
571,"{""id"": 610, ""slip_number"": ""9740770"", ""order_type"": ""DINE_IN"", ""payment_method"": ""CASH"", ""table_number"": ""5"", ""items_json"": [{""productId"": 7, ""name"": ""Pechopak - Meal"", ""price"": 169, ""quantity"": 1, ""discount"": 0}, {""productId"": 7, ""name"": ""Pechopak - Unli"", ""price"": 179, ""quantity"": 1, ""discount"": 0}, {""productId"": 12, ""name"": ""Water - Bottled"", ""price"": 20, ""quantity"": 2, ""discount"": 0}], ""order_mode"": ""REGULAR""}",,388.00,2026-05-19T17:56:00.084783+08:00,610
570,"{""id"": 611, ""slip_number"": ""9740771"", ""order_type"": ""DINE_IN"", ""payment_method"": ""GCASH"", ""table_number"": ""1"", ""items_json"": [{""productId"": 7, ""name"": ""Pechopak - Unli"", ""price"": 179, ""quantity"": 2, ""discount"": 0}, {""productId"": 5, ""name"": ""Sprite - 1.5"", ""price"": 120, ""quantity"": 1, ""discount"": 0}], ""order_mode"": ""REGULAR""}",,478.00,2026-05-19T17:53:30.707795+08:00,611
569,"{""id"": 608, ""slip_number"": ""9740768"", ""order_type"": ""TAKE_OUT"", ""payment_method"": ""GCASH"", ""table_number"": """", ""items_json"": [{""productId"": 7, ""name"": ""Pechopak - Meal"", ""price"": 169, ""quantity"": 1, ""discount"": 0}, {""productId"": 3, ""name"": ""Icetea - Icetea Glass"", ""price"": 39, ""quantity"": 1, ""discount"": 0}], ""order_mode"": ""REGULAR""}",,208.00,2026-05-19T14:41:56.715678+08:00,608
568,"{""id"": 606, ""slip_number"": ""9740766"", ""order_type"": ""DINE_IN"", ""payment_method"": ""CASH"", ""table_number"": ""1"", ""items_json"": [{""productId"": 7, ""name"": ""Pechopak - Meal"", ""price"": 169, ""quantity"": 1, ""discount"": 0}, {""productId"": 3, ""name"": ""Icetea - Icetea Glass"", ""price"": 39, ""quantity"": 1, ""discount"": 0}], ""order_mode"": ""REGULAR""}",,208.00,2026-05-19T13:48:00.440583+08:00,606
567,"{""id"": 604, ""slip_number"": ""9740764"", ""order_type"": ""DINE_IN"", ""payment_method"": ""CASH"", ""table_number"": """", ""items_json"": [{""productId"": 2, ""name"": ""Rice - Extra"", ""price"": 20, ""quantity"": 2, ""discount"": 0}], ""order_mode"": ""REGULAR""}",,40.00,2026-05-19T13:34:01.190960+08:00,604
566,"{""id"": 605, ""slip_number"": ""9740765"", ""order_type"": ""DINE_IN"", ""payment_method"": ""CASH"", ""table_number"": """", ""items_json"": [{""productId"": 10, ""name"": ""Leg - Meal"", ""price"": 149, ""quantity"": 1, ""discount"": 0}, {""productId"": 11, ""name"": ""Wings - Only"", ""price"": 119, ""quantity"": 1, ""discount"": 0}], ""order_mode"": ""REGULAR""}",,268.00,2026-05-19T13:34:00.342020+08:00,605
565,"{""id"": 607, ""slip_number"": ""9740767"", ""order_type"": ""DINE_IN"", ""payment_method"": ""CASH"", ""table_number"": """", ""items_json"": [{""productId"": 3, ""name"": ""Icetea - Icetea Glass"", ""price"": 39, ""quantity"": 1, ""discount"": 0}, {""productId"": 2, ""name"": ""Rice - Extra"", ""price"": 20, ""quantity"": 1, ""discount"": 0}], ""order_mode"": ""REGULAR""}",,59.00,2026-05-19T13:29:22.046516+08:00,607
564,"{""id"": 603, ""slip_number"": ""16"", ""order_type"": ""DINE_IN"", ""payment_method"": """", ""table_number"": """", ""items_json"": [{""productId"": 2, ""name"": ""Rice - Extra"", ""price"": 20, ""quantity"": 40, ""discount"": 0}], ""order_mode"": ""EMPLOYEE""}",,800.00,2026-05-18T23:34:47.605388+08:00,603
563,"{""id"": 602, ""slip_number"": ""9740763"", ""order_type"": ""TAKE_OUT"", ""payment_method"": ""CASH"", ""table_number"": """", ""items_json"": [{""productId"": 7, ""name"": ""Pechopak - Only"", ""price"": 159, ""quantity"": 1, ""discount"": 0}], ""order_mode"": ""REGULAR""}",,159.00,2026-05-18T22:29:09.091691+08:00,602
562,"{""id"": 601, ""slip_number"": ""9740762"", ""order_type"": ""DINE_IN"", ""payment_method"": ""CASH"", ""table_number"": ""1"", ""items_json"": [{""productId"": 10, ""name"": ""Leg - Unli"", ""price"": 159, ""quantity"": 3, ""discount"": 0}, {""productId"": 9, ""name"": ""BBQ - Only"", ""price"": 129, ""quantity"": 1, ""discount"": 0}], ""order_mode"": ""REGULAR""}",,606.00,2026-05-18T21:26:08.412368+08:00,601
561,"{""id"": 600, ""slip_number"": ""9740761"", ""order_type"": ""DINE_IN"", ""payment_method"": ""GCASH"", ""table_number"": ""1"", ""items_json"": [{""productId"": 9, ""name"": ""BBQ - Unli"", ""price"": 149, ""quantity"": 2, ""discount"": 0}, {""productId"": 3, ""name"": ""Icetea - Icetea Pitcher"", ""price"": 129, ""quantity"": 1, ""discount"": 0}], ""order_mode"": ""REGULAR""}",,427.00,2026-05-18T20:49:14.408113+08:00,600
560,"{""id"": 599, ""slip_number"": ""9740760"", ""order_type"": ""DINE_IN"", ""payment_method"": ""GCASH"", ""table_number"": ""5"", ""items_json"": [{""productId"": 10, ""name"": ""Leg - Unli"", ""price"": 159, ""quantity"": 1, ""discount"": 0}, {""productId"": 10, ""name"": ""Leg - Meal"", ""price"": 149, ""quantity"": 1, ""discount"": 0}, {""productId"": 7, ""name"": ""Pechopak - Unli"", ""price"": 179, ""quantity"": 2, ""discount"": 0}, {""productId"": 1, ""name"": ""Coke - 1.5"", ""price"": 120, ""quantity"": 1, ""discount"": 0}, {""productId"": 8, ""name"": ""Liempo - Meal"", ""price"": 189, ""quantity"": 1, ""discount"": 0}], ""order_mode"": ""REGULAR""}",,975.00,2026-05-18T20:29:56.862373+08:00,599
559,"{""id"": 598, ""slip_number"": ""9740759"", ""order_type"": ""DINE_IN"", ""payment_method"": ""CASH"", ""table_number"": ""1"", ""items_json"": [{""productId"": 7, ""name"": ""Pechopak - Unli"", ""price"": 179, ""quantity"": 2, ""discount"": 0}, {""productId"": 3, ""name"": ""Icetea - Icetea Glass"", ""price"": 39, ""quantity"": 2, ""discount"": 0}], ""order_mode"": ""REGULAR""}",,436.00,2026-05-18T20:29:34.701236+08:00,598
558,"{""id"": 597, ""slip_number"": ""9740758"", ""order_type"": ""DINE_IN"", ""payment_method"": ""CASH"", ""table_number"": ""3"", ""items_json"": [{""productId"": 8, ""name"": ""Liempo - Meal"", ""price"": 189, ""quantity"": 2, ""discount"": 0}, {""productId"": 10, ""name"": ""Leg - Meal"", ""price"": 149, ""quantity"": 2, ""discount"": 0}, {""productId"": 5, ""name"": ""Sprite - 1.5"", ""price"": 120, ""quantity"": 1, ""discount"": 0}], ""order_mode"": ""REGULAR""}",,796.00,2026-05-18T20:03:52.290726+08:00,597
557,"{""id"": 596, ""slip_number"": ""9740757"", ""order_type"": ""DINE_IN"", ""payment_method"": ""CASH"", ""table_number"": ""1"", ""items_json"": [{""productId"": 7, ""name"": ""Pechopak - Unli"", ""price"": 179, ""quantity"": 1, ""discount"": 0}, {""productId"": 10, ""name"": ""Leg - Meal"", ""price"": 149, ""quantity"": 1, ""discount"": 0}, {""productId"": 1, ""name"": ""Coke - Mismo"", ""price"": 25, ""quantity"": 1, ""discount"": 0}], ""order_mode"": ""REGULAR""}",,353.00,2026-05-18T19:52:52.622731+08:00,596
556,"{""id"": 595, ""slip_number"": ""9740756"", ""order_type"": ""DINE_IN"", ""payment_method"": ""CASH"", ""table_number"": ""1"", ""items_json"": [{""productId"": 10, ""name"": ""Leg - Unli"", ""price"": 159, ""quantity"": 3, ""discount"": 0}, {""productId"": 10, ""name"": ""Leg - Meal"", ""price"": 149, ""quantity"": 3, ""discount"": 0}], ""order_mode"": ""REGULAR""}",,924.00,2026-05-18T19:32:47.272283+08:00,595
555,"{""id"": 594, ""slip_number"": ""9740755"", ""order_type"": ""DINE_IN"", ""payment_method"": ""CASH"", ""table_number"": ""3"", ""items_json"": [{""productId"": 8, ""name"": ""Liempo - Meal"", ""price"": 189, ""quantity"": 1, ""discount"": 0}, {""productId"": 8, ""name"": ""Liempo - Unli"", ""price"": 199, ""quantity"": 1, ""discount"": 0}, {""productId"": 1, ""name"": ""Coke - Mismo"", ""price"": 25, ""quantity"": 2, ""discount"": 0}], ""order_mode"": ""REGULAR""}",,438.00,2026-05-18T18:56:42.777208+08:00,594
554,"{""id"": 593, ""slip_number"": ""9740754"", ""order_type"": ""DINE_IN"", ""payment_method"": ""CASH"", ""table_number"": ""5"", ""items_json"": [{""productId"": 10, ""name"": ""Leg - Meal"", ""price"": 149, ""quantity"": 1, ""discount"": 0}, {""productId"": 7, ""name"": ""Pechopak - Meal"", ""price"": 169, ""quantity"": 1, ""discount"": 0}], ""order_mode"": ""REGULAR""}",,318.00,2026-05-18T18:51:23.555089+08:00,593
553,"{""id"": 592, ""slip_number"": ""9740753"", ""order_type"": ""DINE_IN"", ""payment_method"": ""CASH"", ""table_number"": ""4"", ""items_json"": [{""productId"": 8, ""name"": ""Liempo - Unli"", ""price"": 199, ""quantity"": 1, ""discount"": 0}], ""order_mode"": ""REGULAR""}",,199.00,2026-05-18T18:51:19.274526+08:00,592
552,"{""id"": 591, ""slip_number"": ""9740752"", ""order_type"": ""DINE_IN"", ""payment_method"": ""CASH"", ""table_number"": ""3"", ""items_json"": [{""productId"": 7, ""name"": ""Pechopak - Meal"", ""price"": 169, ""quantity"": 1, ""discount"": 0}, {""productId"": 7, ""name"": ""Pechopak - Unli"", ""price"": 179, ""quantity"": 1, ""discount"": 0}], ""order_mode"": ""REGULAR""}",,348.00,2026-05-18T18:51:14.669499+08:00,591
551,"{""id"": 590, ""slip_number"": ""9740751"", ""order_type"": ""DINE_IN"", ""payment_method"": ""CASH"", ""table_number"": ""1"", ""items_json"": [{""productId"": 10, ""name"": ""Leg - Unli"", ""price"": 159, ""quantity"": 1, ""discount"": 0}, {""productId"": 3, ""name"": ""Icetea - Icetea Glass"", ""price"": 39, ""quantity"": 1, ""discount"": 0}], ""order_mode"": ""REGULAR""}",,198.00,2026-05-18T18:51:12.348857+08:00,590
550,"{""id"": 589, ""slip_number"": ""9740750"", ""order_type"": ""DINE_IN"", ""payment_method"": ""CASH"", ""table_number"": ""1"", ""items_json"": [{""productId"": 10, ""name"": ""Leg - Meal"", ""price"": 149, ""quantity"": 1, ""discount"": 0}], ""order_mode"": ""REGULAR""}",,149.00,2026-05-18T17:40:11.906171+08:00,589
549,"{""id"": 588, ""slip_number"": ""9740749"", ""order_type"": ""DINE_IN"", ""payment_method"": ""GCASH"", ""table_number"": ""1"", ""items_json"": [{""productId"": 10, ""name"": ""Leg - Meal"", ""price"": 149, ""quantity"": 1, ""discount"": 0}, {""productId"": 7, ""name"": ""Pechopak - Unli"", ""price"": 179, ""quantity"": 1, ""discount"": 0}], ""order_mode"": ""REGULAR""}",,328.00,2026-05-18T16:38:24.232157+08:00,588
548,"{""id"": 587, ""slip_number"": ""9740748"", ""order_type"": ""DINE_IN"", ""payment_method"": ""GCASH"", ""table_number"": ""1"", ""items_json"": [{""productId"": 8, ""name"": ""Liempo - Unli"", ""price"": 199, ""quantity"": 1, ""discount"": 0}, {""productId"": 3, ""name"": ""Icetea - Icetea Glass"", ""price"": 39, ""quantity"": 1, ""discount"": 0}], ""order_mode"": ""REGULAR""}",,238.00,2026-05-18T13:03:20.297775+08:00,587
547,"{""id"": 586, ""slip_number"": ""9740747"", ""order_type"": ""DINE_IN"", ""payment_method"": ""CASH"", ""table_number"": """", ""items_json"": [{""productId"": 7, ""name"": ""Pechopak - Meal"", ""price"": 169, ""quantity"": 1, ""discount"": 20}, {""productId"": 7, ""name"": ""Pechopak - Only"", ""price"": 159, ""quantity"": 1, ""discount"": 0}], ""order_mode"": ""REGULAR""}",,294.20,2026-05-18T12:28:06.006558+08:00,586
546,"{""id"": 585, ""slip_number"": ""9740746"", ""order_type"": ""DINE_IN"", ""payment_method"": ""CASH"", ""table_number"": """", ""items_json"": [{""productId"": 11, ""name"": ""Wings - Meal"", ""price"": 129, ""quantity"": 1, ""discount"": 20}], ""order_mode"": ""REGULAR""}",,103.20,2026-05-18T12:28:04.374497+08:00,585
545,"{""id"": 584, ""slip_number"": ""9740745"", ""order_type"": ""DINE_IN"", ""payment_method"": ""CASH"", ""table_number"": """", ""items_json"": [{""productId"": 7, ""name"": ""Pechopak - Meal"", ""price"": 169, ""quantity"": 1, ""discount"": 20}], ""order_mode"": ""REGULAR""}",,135.20,2026-05-18T12:28:02.155839+08:00,584
544,"{""id"": 583, ""slip_number"": ""9740744"", ""order_type"": ""DINE_IN"", ""payment_method"": ""CASH"", ""table_number"": """", ""items_json"": [{""productId"": 10, ""name"": ""Leg - Meal"", ""price"": 149, ""quantity"": 1, ""discount"": 20}, {""productId"": 1, ""name"": ""Coke - Mismo"", ""price"": 25, ""quantity"": 1, ""discount"": 20}], ""order_mode"": ""REGULAR""}",,139.20,2026-05-18T12:27:58.975150+08:00,583
543,"{""id"": 580, ""slip_number"": ""9740741"", ""order_type"": ""DINE_IN"", ""payment_method"": ""CASH"", ""table_number"": ""1"", ""items_json"": [{""productId"": 7, ""name"": ""Pechopak - Meal"", ""price"": 169, ""quantity"": 2, ""discount"": 0}, {""productId"": 3, ""name"": ""Icetea - Icetea Glass"", ""price"": 39, ""quantity"": 2, ""discount"": 0}], ""order_mode"": ""REGULAR""}",,416.00,2026-05-18T12:18:28.510969+08:00,580
542,"{""id"": 581, ""slip_number"": ""9740742"", ""order_type"": ""DINE_IN"", ""payment_method"": ""CASH"", ""table_number"": ""3"", ""items_json"": [{""productId"": 9, ""name"": ""BBQ - Unli"", ""price"": 149, ""quantity"": 1, ""discount"": 0}, {""productId"": 7, ""name"": ""Pechopak - Unli"", ""price"": 179, ""quantity"": 1, ""discount"": 0}, {""productId"": 5, ""name"": ""Sprite - Mismo"", ""price"": 25, ""quantity"": 2, ""discount"": 0}], ""order_mode"": ""REGULAR""}",,378.00,2026-05-18T12:18:27.642802+08:00,581
541,"{""id"": 582, ""slip_number"": ""9740743"", ""order_type"": ""DINE_IN"", ""payment_method"": ""CASH"", ""table_number"": """", ""items_json"": [{""productId"": 10, ""name"": ""Leg - Meal"", ""price"": 149, ""quantity"": 1, ""discount"": 20}, {""productId"": 5, ""name"": ""Sprite - Mismo"", ""price"": 25, ""quantity"": 1, ""discount"": 20}], ""order_mode"": ""REGULAR""}",,139.20,2026-05-18T12:18:26.607487+08:00,582
540,"{""id"": 569, ""slip_number"": ""9740732"", ""order_type"": ""DINE_IN"", ""payment_method"": ""GCASH"", ""table_number"": """", ""items_json"": [{""productId"": 9, ""name"": ""BBQ - Only"", ""price"": 129, ""quantity"": 2, ""discount"": 0}], ""order_mode"": ""REGULAR""}",,258.00,2026-05-17T23:28:00+08:00,569
539,"{""id"": 577, ""slip_number"": ""9740738"", ""order_type"": ""TAKE_OUT"", ""payment_method"": ""CASH"", ""table_number"": ""2"", ""items_json"": [{""productId"": 9, ""name"": ""BBQ - Meal"", ""price"": 139, ""quantity"": 2, ""discount"": 0}], ""order_mode"": ""REGULAR""}",,278.00,2026-05-17T23:19:25.894844+08:00,577
538,"{""id"": 578, ""slip_number"": ""9740739"", ""order_type"": ""DINE_IN"", ""payment_method"": ""CASH"", ""table_number"": ""5"", ""items_json"": [{""productId"": 7, ""name"": ""Pechopak - Unli"", ""price"": 179, ""quantity"": 3, ""discount"": 0}], ""order_mode"": ""REGULAR""}",,537.00,2026-05-17T23:19:24.963085+08:00,578
537,"{""id"": 576, ""slip_number"": ""9740737"", ""order_type"": ""DINE_IN"", ""payment_method"": ""CASH"", ""table_number"": ""3"", ""items_json"": [{""productId"": 9, ""name"": ""BBQ - Unli"", ""price"": 149, ""quantity"": 1, ""discount"": 0}, {""productId"": 7, ""name"": ""Pechopak - Unli"", ""price"": 179, ""quantity"": 1, ""discount"": 0}], ""order_mode"": ""REGULAR""}",,328.00,2026-05-17T22:39:25.497452+08:00,576
536,"{""id"": 572, ""slip_number"": ""9740735"", ""order_type"": ""DINE_IN"", ""payment_method"": ""CASH"", ""table_number"": """", ""items_json"": [{""productId"": 10, ""name"": ""Leg - Meal"", ""price"": 149, ""quantity"": 1, ""discount"": 0}, {""productId"": 8, ""name"": ""Liempo - Meal"", ""price"": 189, ""quantity"": 1, ""discount"": 0}], ""order_mode"": ""REGULAR""}",,338.00,2026-05-17T22:38:25.975443+08:00,572
535,"{""id"": 575, ""slip_number"": ""9740736"", ""order_type"": ""TAKE_OUT"", ""payment_method"": ""CASH"", ""table_number"": """", ""items_json"": [{""productId"": 9, ""name"": ""BBQ - Unli"", ""price"": 149, ""quantity"": 1, ""discount"": 0}], ""order_mode"": ""REGULAR""}",,149.00,2026-05-17T22:26:51.236746+08:00,575
534,"{""id"": 571, ""slip_number"": ""9740734"", ""order_type"": ""DINE_IN"", ""payment_method"": ""CASH"", ""table_number"": ""1"", ""items_json"": [{""productId"": 7, ""name"": ""Pechopak - Only"", ""price"": 159, ""quantity"": 5, ""discount"": 0}, {""productId"": 7, ""name"": ""Pechopak - Only"", ""price"": 159, ""quantity"": 1, ""discount"": 20}, {""productId"": 5, ""name"": ""Sprite - 1.5"", ""price"": 120, ""quantity"": 1, ""discount"": 0}], ""order_mode"": ""REGULAR""}",,1042.20,2026-05-17T21:59:00.970436+08:00,571
533,"{""id"": 570, ""slip_number"": ""9740733"", ""order_type"": ""DINE_IN"", ""payment_method"": ""CASH"", ""table_number"": ""5"", ""items_json"": [{""productId"": 10, ""name"": ""Leg - Unli"", ""price"": 159, ""quantity"": 2, ""discount"": 0}, {""productId"": 3, ""name"": ""Icetea - Icetea Pitcher"", ""price"": 129, ""quantity"": 1, ""discount"": 0}], ""order_mode"": ""REGULAR""}",,447.00,2026-05-17T21:32:03.696947+08:00,570
532,"{""id"": 568, ""slip_number"": ""9740731"", ""order_type"": ""DINE_IN"", ""payment_method"": ""CASH"", ""table_number"": ""3"", ""items_json"": [{""productId"": 7, ""name"": ""Pechopak - Unli"", ""price"": 179, ""quantity"": 1, ""discount"": 0}, {""productId"": 8, ""name"": ""Liempo - Unli"", ""price"": 199, ""quantity"": 1, ""discount"": 0}, {""productId"": 12, ""name"": ""Water - Bottled"", ""price"": 20, ""quantity"": 2, ""discount"": 0}], ""order_mode"": ""REGULAR""}",,418.00,2026-05-17T21:28:06.127817+08:00,568
531,"{""id"": 566, ""slip_number"": ""9740729"", ""order_type"": ""TAKE_OUT"", ""payment_method"": ""CASH"", ""table_number"": ""3"", ""items_json"": [{""productId"": 10, ""name"": ""Leg - Meal"", ""price"": 149, ""quantity"": 2, ""discount"": 0}, {""productId"": 9, ""name"": ""BBQ - Meal"", ""price"": 139, ""quantity"": 2, ""discount"": 0}, {""productId"": 3, ""name"": ""Icetea - Icetea Glass"", ""price"": 39, ""quantity"": 2, ""discount"": 0}], ""order_mode"": ""REGULAR""}",,654.00,2026-05-17T21:18:32.187125+08:00,566
530,"{""id"": 567, ""slip_number"": ""9740730"", ""order_type"": ""TAKE_OUT"", ""payment_method"": ""CASH"", ""table_number"": """", ""items_json"": [{""productId"": 2, ""name"": ""Rice - Extra"", ""price"": 20, ""quantity"": 2, ""discount"": 0}], ""order_mode"": ""REGULAR""}",,40.00,2026-05-17T20:57:54.881485+08:00,567
529,"{""id"": 563, ""slip_number"": ""9740727"", ""order_type"": ""DINE_IN"", ""payment_method"": ""CASH"", ""table_number"": ""1"", ""items_json"": [{""productId"": 7, ""name"": ""Pechopak - Unli"", ""price"": 179, ""quantity"": 3, ""discount"": 0}, {""productId"": 10, ""name"": ""Leg - Unli"", ""price"": 159, ""quantity"": 2, ""discount"": 0}, {""productId"": 11, ""name"": ""Wings - Unli"", ""price"": 139, ""quantity"": 1, ""discount"": 0}, {""productId"": 1, ""name"": ""Coke - Mismo"", ""price"": 25, ""quantity"": 2, ""discount"": 0}, {""productId"": 5, ""name"": ""Sprite - Mismo"", ""price"": 25, ""quantity"": 1, ""discount"": 0}], ""order_mode"": ""REGULAR""}",,1069.00,2026-05-17T20:32:18.327176+08:00,563
528,"{""id"": 565, ""slip_number"": ""9740728"", ""order_type"": ""DINE_IN"", ""payment_method"": ""CASH"", ""table_number"": """", ""items_json"": [{""productId"": 12, ""name"": ""Water - Bottled"", ""price"": 20, ""quantity"": 2, ""discount"": 0}], ""order_mode"": ""REGULAR""}",,40.00,2026-05-17T20:23:23.011138+08:00,565
527,"{""id"": 561, ""slip_number"": ""9740725"", ""order_type"": ""DINE_IN"", ""payment_method"": ""CASH"", ""table_number"": ""1"", ""items_json"": [{""productId"": 9, ""name"": ""BBQ - Meal"", ""price"": 139, ""quantity"": 1, ""discount"": 0}, {""productId"": 3, ""name"": ""Icetea - Icetea Glass"", ""price"": 39, ""quantity"": 1, ""discount"": 0}], ""order_mode"": ""REGULAR""}",,178.00,2026-05-17T20:23:19.072234+08:00,561
526,"{""id"": 564, ""slip_number"": ""15"", ""order_type"": ""DINE_IN"", ""payment_method"": """", ""table_number"": """", ""items_json"": [{""productId"": 2, ""name"": ""Rice - Extra"", ""price"": 20, ""quantity"": 2, ""discount"": 0}], ""order_mode"": ""EMPLOYEE""}",,40.00,2026-05-17T20:15:06.605854+08:00,564
525,"{""id"": 562, ""slip_number"": ""9740726"", ""order_type"": ""DINE_IN"", ""payment_method"": ""GCASH"", ""table_number"": """", ""items_json"": [{""productId"": 3, ""name"": ""Icetea - Icetea Glass"", ""price"": 39, ""quantity"": 1, ""discount"": 0}], ""order_mode"": ""REGULAR""}",,39.00,2026-05-17T20:06:17.528015+08:00,562
524,"{""id"": 560, ""slip_number"": ""9740724"", ""order_type"": ""DINE_IN"", ""payment_method"": ""CASH"", ""table_number"": ""3"", ""items_json"": [{""productId"": 9, ""name"": ""BBQ - Unli"", ""price"": 149, ""quantity"": 1, ""discount"": 0}, {""productId"": 7, ""name"": ""Pechopak - Meal"", ""price"": 169, ""quantity"": 1, ""discount"": 0}], ""order_mode"": ""REGULAR""}",,318.00,2026-05-17T19:43:38.974188+08:00,560
523,"{""id"": 559, ""slip_number"": ""9740723"", ""order_type"": ""DINE_IN"", ""payment_method"": ""CASH"", ""table_number"": ""2"", ""items_json"": [{""productId"": 10, ""name"": ""Leg - Unli"", ""price"": 159, ""quantity"": 2, ""discount"": 0}], ""order_mode"": ""REGULAR""}",,318.00,2026-05-17T19:40:38.637259+08:00,559
522,"{""id"": 556, ""slip_number"": ""9740731"", ""order_type"": ""DELIVERY"", ""payment_method"": ""CASH"", ""table_number"": """", ""items_json"": [{""productId"": 9, ""name"": ""BBQ - Meal"", ""price"": 139, ""quantity"": 5, ""discount"": 0}, {""productId"": -1, ""name"": ""Delivery Fee"", ""price"": 30, ""quantity"": 1, ""discount"": 0}], ""order_mode"": ""REGULAR""}",,725.00,2026-05-17T19:39:34.786099+08:00,556
521,"{""id"": 557, ""slip_number"": ""9740732"", ""order_type"": ""TAKE_OUT"", ""payment_method"": ""GCASH"", ""table_number"": """", ""items_json"": [{""productId"": 11, ""name"": ""Wings - Meal"", ""price"": 129, ""quantity"": 1, ""discount"": 0}], ""order_mode"": ""REGULAR""}",,129.00,2026-05-17T19:29:54.272435+08:00,557
520,"{""id"": 554, ""slip_number"": ""9740729"", ""order_type"": ""DINE_IN"", ""payment_method"": ""CASH"", ""table_number"": ""3"", ""items_json"": [{""productId"": 10, ""name"": ""Leg - Unli"", ""price"": 159, ""quantity"": 1, ""discount"": 0}, {""productId"": 7, ""name"": ""Pechopak - Unli"", ""price"": 179, ""quantity"": 1, ""discount"": 0}], ""order_mode"": ""REGULAR""}",,338.00,2026-05-17T19:29:45.869870+08:00,554
519,"{""id"": 555, ""slip_number"": ""9740730"", ""order_type"": ""DINE_IN"", ""payment_method"": ""CASH"", ""table_number"": ""1"", ""items_json"": [{""productId"": 9, ""name"": ""BBQ - Meal"", ""price"": 139, ""quantity"": 2, ""discount"": 0}, {""productId"": 3, ""name"": ""Icetea - Icetea Glass"", ""price"": 39, ""quantity"": 2, ""discount"": 0}], ""order_mode"": ""REGULAR""}",,356.00,2026-05-17T19:29:38.279815+08:00,555
518,"{""id"": 558, ""slip_number"": null, ""order_type"": ""DINE_IN"", ""payment_method"": """", ""table_number"": """", ""items_json"": [{""productId"": 9, ""name"": ""BBQ - One Piece Only"", ""price"": 69, ""quantity"": 1, ""discount"": 0}], ""order_mode"": ""WASTE""}",,69.00,2026-05-17T19:15:35.847130+08:00,558
517,"{""id"": 552, ""slip_number"": ""9740727"", ""order_type"": ""DINE_IN"", ""payment_method"": ""CASH"", ""table_number"": ""2"", ""items_json"": [{""productId"": 10, ""name"": ""Leg - Meal"", ""price"": 149, ""quantity"": 1, ""discount"": 0}, {""productId"": 8, ""name"": ""Liempo - Meal"", ""price"": 189, ""quantity"": 1, ""discount"": 0}, {""productId"": 3, ""name"": ""Icetea - Icetea Glass"", ""price"": 39, ""quantity"": 1, ""discount"": 0}, {""productId"": 12, ""name"": ""Water - Bottled"", ""price"": 20, ""quantity"": 1, ""discount"": 0}], ""order_mode"": ""REGULAR""}",,397.00,2026-05-17T18:18:22.840906+08:00,552
516,"{""id"": 550, ""slip_number"": ""9740725"", ""order_type"": ""DINE_IN"", ""payment_method"": ""CASH"", ""table_number"": ""3"", ""items_json"": [{""productId"": 10, ""name"": ""Leg - Meal"", ""price"": 149, ""quantity"": 1, ""discount"": 0}], ""order_mode"": ""REGULAR""}",,149.00,2026-05-17T18:16:17.796248+08:00,550
515,"{""id"": 551, ""slip_number"": ""9740726"", ""order_type"": ""DINE_IN"", ""payment_method"": ""CASH"", ""table_number"": ""1"", ""items_json"": [{""productId"": 10, ""name"": ""Leg - Unli"", ""price"": 159, ""quantity"": 1, ""discount"": 0}], ""order_mode"": ""REGULAR""}",,159.00,2026-05-17T18:16:13.625922+08:00,551
514,"{""id"": 553, ""slip_number"": ""9740728"", ""order_type"": ""DINE_IN"", ""payment_method"": ""GCASH"", ""table_number"": """", ""items_json"": [{""productId"": 9, ""name"": ""BBQ - Only"", ""price"": 129, ""quantity"": 1, ""discount"": 0}, {""productId"": 11, ""name"": ""Wings - Only"", ""price"": 119, ""quantity"": 1, ""discount"": 0}, {""productId"": 3, ""name"": ""Icetea - Icetea Glass"", ""price"": 39, ""quantity"": 1, ""discount"": 0}], ""order_mode"": ""REGULAR""}",,287.00,2026-05-17T18:15:42.246482+08:00,553
513,"{""id"": 549, ""slip_number"": ""9740724"", ""order_type"": ""DINE_IN"", ""payment_method"": ""CASH"", ""table_number"": ""1"", ""items_json"": [{""productId"": 7, ""name"": ""Pechopak - Only"", ""price"": 159, ""quantity"": 1, ""discount"": 0}], ""order_mode"": ""REGULAR""}",,159.00,2026-05-17T17:30:36.015363+08:00,549
511,"{""id"": 546, ""slip_number"": ""9740721"", ""order_type"": ""DINE_IN"", ""payment_method"": ""CASH"", ""table_number"": ""1"", ""items_json"": [{""productId"": 7, ""name"": ""Pechopak - Unli"", ""price"": 179, ""quantity"": 3, ""discount"": 0}], ""order_mode"": ""REGULAR""}",,537.00,2026-05-17T13:33:00+08:00,546
510,"{""id"": 547, ""slip_number"": ""9740722"", ""order_type"": ""TAKE_OUT"", ""payment_method"": ""CASH"", ""table_number"": ""2"", ""items_json"": [{""productId"": 7, ""name"": ""Pechopak - Only"", ""price"": 159, ""quantity"": 1, ""discount"": 0}], ""order_mode"": ""REGULAR""}",,159.00,2026-05-17T13:32:56.190221+08:00,547
509,"{""id"": 545, ""slip_number"": ""9740720"", ""order_type"": ""TAKE_OUT"", ""payment_method"": ""CASH"", ""table_number"": ""1"", ""items_json"": [{""productId"": 9, ""name"": ""BBQ - Meal"", ""price"": 139, ""quantity"": 1, ""discount"": 0}], ""order_mode"": ""REGULAR""}",,139.00,2026-05-17T12:45:08.287694+08:00,545
508,"{""id"": 542, ""slip_number"": ""9740717"", ""order_type"": ""DINE_IN"", ""payment_method"": ""GCASH"", ""table_number"": ""1"", ""items_json"": [{""productId"": 9, ""name"": ""BBQ - Meal"", ""price"": 139, ""quantity"": 4, ""discount"": 0}], ""order_mode"": ""REGULAR""}",,556.00,2026-05-17T12:25:42.395338+08:00,542
507,"{""id"": 544, ""slip_number"": ""9740719"", ""order_type"": ""DINE_IN"", ""payment_method"": ""CASH"", ""table_number"": ""1"", ""items_json"": [{""productId"": 7, ""name"": ""Pechopak - Unli"", ""price"": 179, ""quantity"": 2, ""discount"": 0}], ""order_mode"": ""REGULAR""}",,358.00,2026-05-17T11:53:12.975706+08:00,544
506,"{""id"": 543, ""slip_number"": ""9740718"", ""order_type"": ""DINE_IN"", ""payment_method"": ""CASH"", ""table_number"": ""2"", ""items_json"": [{""productId"": 8, ""name"": ""Liempo - Meal"", ""price"": 189, ""quantity"": 1, ""discount"": 0}, {""productId"": 1, ""name"": ""Coke - Mismo"", ""price"": 25, ""quantity"": 1, ""discount"": 0}], ""order_mode"": ""REGULAR""}",,214.00,2026-05-17T11:52:26.423591+08:00,543
505,"{""id"": 541, ""slip_number"": ""9740716"", ""order_type"": ""DINE_IN"", ""payment_method"": ""CASH"", ""table_number"": """", ""items_json"": [{""productId"": 1, ""name"": ""Coke - 1.5"", ""price"": 120, ""quantity"": 1, ""discount"": 0}, {""productId"": 7, ""name"": ""Pechopak - Unli"", ""price"": 179, ""quantity"": 2, ""discount"": 0}], ""order_mode"": ""REGULAR""}",,478.00,2026-05-16T22:35:49.628028+08:00,541
504,"{""id"": 540, ""slip_number"": ""14"", ""order_type"": ""DINE_IN"", ""payment_method"": """", ""table_number"": """", ""items_json"": [{""productId"": 2, ""name"": ""Rice - Extra"", ""price"": 20, ""quantity"": 2, ""discount"": 0}, {""productId"": 1, ""name"": ""Coke - Mismo"", ""price"": 25, ""quantity"": 1, ""discount"": 0}], ""order_mode"": ""EMPLOYEE""}",,65.00,2026-05-16T21:54:55.918233+08:00,540
503,"{""id"": 539, ""slip_number"": ""9740715"", ""order_type"": ""DINE_IN"", ""payment_method"": ""CASH"", ""table_number"": ""3"", ""items_json"": [{""productId"": 8, ""name"": ""Liempo - Meal"", ""price"": 189, ""quantity"": 1, ""discount"": 0}, {""productId"": 7, ""name"": ""Pechopak - Unli"", ""price"": 179, ""quantity"": 2, ""discount"": 0}, {""productId"": 3, ""name"": ""Icetea - Icetea Pitcher"", ""price"": 129, ""quantity"": 1, ""discount"": 0}], ""order_mode"": ""REGULAR""}",,676.00,2026-05-16T21:52:19.386911+08:00,539
502,"{""id"": 538, ""slip_number"": ""9740714"", ""order_type"": ""DINE_IN"", ""payment_method"": ""GCASH"", ""table_number"": ""1"", ""items_json"": [{""productId"": 10, ""name"": ""Leg - Unli"", ""price"": 159, ""quantity"": 1, ""discount"": 0}, {""productId"": 7, ""name"": ""Pechopak - Unli"", ""price"": 179, ""quantity"": 1, ""discount"": 0}], ""order_mode"": ""REGULAR""}",,338.00,2026-05-16T21:26:38.342996+08:00,538
501,"{""id"": 517, ""slip_number"": ""9740693"", ""order_type"": ""DELIVERY"", ""payment_method"": ""CASH"", ""table_number"": """", ""items_json"": [{""productId"": 10, ""name"": ""Leg - Unli"", ""price"": 159, ""quantity"": 2, ""discount"": 0}, {""productId"": -1, ""name"": ""Delivery Fee"", ""price"": 30, ""quantity"": 1, ""discount"": 0}], ""order_mode"": ""REGULAR""}",,348.00,2026-05-16T20:18:12.427235+08:00,517
500,"{""id"": 537, ""slip_number"": ""9740713"", ""order_type"": ""DINE_IN"", ""payment_method"": ""GCASH"", ""table_number"": ""4"", ""items_json"": [{""productId"": 3, ""name"": ""Icetea - Icetea Glass"", ""price"": 39, ""quantity"": 1, ""discount"": 0}], ""order_mode"": ""REGULAR""}",,39.00,2026-05-16T20:12:29.668658+08:00,537
499,"{""id"": 536, ""slip_number"": ""9740712"", ""order_type"": ""DINE_IN"", ""payment_method"": ""GCASH"", ""table_number"": ""4"", ""items_json"": [{""productId"": 7, ""name"": ""Pechopak - Unli"", ""price"": 179, ""quantity"": 2, ""discount"": 0}], ""order_mode"": ""REGULAR""}",,358.00,2026-05-16T20:11:24.979905+08:00,536
498,"{""id"": 534, ""slip_number"": ""9740710"", ""order_type"": ""DINE_IN"", ""payment_method"": ""CASH"", ""table_number"": ""2"", ""items_json"": [{""productId"": 9, ""name"": ""BBQ - Meal"", ""price"": 139, ""quantity"": 1, ""discount"": 0}, {""productId"": 10, ""name"": ""Leg - Meal"", ""price"": 149, ""quantity"": 1, ""discount"": 0}, {""productId"": 3, ""name"": ""Icetea - Icetea Pitcher"", ""price"": 129, ""quantity"": 1, ""discount"": 0}], ""order_mode"": ""REGULAR""}",,417.00,2026-05-16T20:02:47.251419+08:00,534
497,"{""id"": 535, ""slip_number"": ""9740711"", ""order_type"": ""DINE_IN"", ""payment_method"": ""CASH"", ""table_number"": ""5"", ""items_json"": [{""productId"": 8, ""name"": ""Liempo - Meal"", ""price"": 189, ""quantity"": 1, ""discount"": 0}, {""productId"": 3, ""name"": ""Icetea - Icetea Glass"", ""price"": 39, ""quantity"": 1, ""discount"": 0}], ""order_mode"": ""REGULAR""}",,228.00,2026-05-16T20:02:36.200373+08:00,535
496,"{""id"": 529, ""slip_number"": ""9740705"", ""order_type"": ""DINE_IN"", ""payment_method"": ""CASH"", ""table_number"": ""1"", ""items_json"": [{""productId"": 7, ""name"": ""Pechopak - Meal"", ""price"": 169, ""quantity"": 2, ""discount"": 0}, {""productId"": 3, ""name"": ""Icetea - Icetea Glass"", ""price"": 39, ""quantity"": 2, ""discount"": 0}], ""order_mode"": ""REGULAR""}",,416.00,2026-05-16T19:55:59.126342+08:00,529
495,"{""id"": 532, ""slip_number"": ""9740708"", ""order_type"": ""DINE_IN"", ""payment_method"": ""CASH"", ""table_number"": ""3"", ""items_json"": [{""productId"": 10, ""name"": ""Leg - Meal"", ""price"": 149, ""quantity"": 1, ""discount"": 0}, {""productId"": 5, ""name"": ""Sprite - Mismo"", ""price"": 25, ""quantity"": 1, ""discount"": 0}], ""order_mode"": ""REGULAR""}",,174.00,2026-05-16T19:46:07.263175+08:00,532
494,"{""id"": 530, ""slip_number"": ""9740706"", ""order_type"": ""DINE_IN"", ""payment_method"": ""CASH"", ""table_number"": """", ""items_json"": [{""productId"": 7, ""name"": ""Pechopak - Meal"", ""price"": 169, ""quantity"": 1, ""discount"": 0}], ""order_mode"": ""REGULAR""}",,169.00,2026-05-16T19:38:43.904409+08:00,530
493,"{""id"": 533, ""slip_number"": ""9740709"", ""order_type"": ""TAKE_OUT"", ""payment_method"": ""CASH"", ""table_number"": ""3"", ""items_json"": [{""productId"": 10, ""name"": ""Leg - Meal"", ""price"": 149, ""quantity"": 1, ""discount"": 0}], ""order_mode"": ""REGULAR""}",,149.00,2026-05-16T19:38:34.305676+08:00,533
492,"{""id"": 531, ""slip_number"": ""9740707"", ""order_type"": ""TAKE_OUT"", ""payment_method"": ""CASH"", ""table_number"": """", ""items_json"": [{""productId"": 10, ""name"": ""Leg - Only"", ""price"": 139, ""quantity"": 1, ""discount"": 0}], ""order_mode"": ""REGULAR""}",,139.00,2026-05-16T19:38:20.458551+08:00,531
491,"{""id"": 527, ""slip_number"": ""9740703"", ""order_type"": ""DINE_IN"", ""payment_method"": ""GCASH"", ""table_number"": ""2"", ""items_json"": [{""productId"": 10, ""name"": ""Leg - Meal"", ""price"": 149, ""quantity"": 2, ""discount"": 0}, {""productId"": 8, ""name"": ""Liempo - Meal"", ""price"": 189, ""quantity"": 1, ""discount"": 0}, {""productId"": 8, ""name"": ""Liempo - Meal"", ""price"": 189, ""quantity"": 1, ""discount"": 20}, {""productId"": 3, ""name"": ""Icetea - Icetea Pitcher"", ""price"": 129, ""quantity"": 1, ""discount"": 0}], ""order_mode"": ""REGULAR""}",,767.20,2026-05-16T19:15:26.882545+08:00,527
490,"{""id"": 528, ""slip_number"": ""9740704"", ""order_type"": ""DINE_IN"", ""payment_method"": ""CASH"", ""table_number"": ""5"", ""items_json"": [{""productId"": 10, ""name"": ""Leg - Unli"", ""price"": 159, ""quantity"": 2, ""discount"": 0}, {""productId"": 1, ""name"": ""Coke - Mismo"", ""price"": 25, ""quantity"": 2, ""discount"": 0}], ""order_mode"": ""REGULAR""}",,368.00,2026-05-16T19:15:09.614741+08:00,528
489,"{""id"": 526, ""slip_number"": ""9740702"", ""order_type"": ""DINE_IN"", ""payment_method"": ""CASH"", ""table_number"": ""4"", ""items_json"": [{""productId"": 7, ""name"": ""Pechopak - Unli"", ""price"": 179, ""quantity"": 2, ""discount"": 0}, {""productId"": 9, ""name"": ""BBQ - Meal"", ""price"": 139, ""quantity"": 1, ""discount"": 0}, {""productId"": 3, ""name"": ""Icetea - Icetea Glass"", ""price"": 39, ""quantity"": 1, ""discount"": 0}], ""order_mode"": ""REGULAR""}",,536.00,2026-05-16T19:08:30.075150+08:00,526
488,"{""id"": 525, ""slip_number"": ""9740701"", ""order_type"": ""TAKE_OUT"", ""payment_method"": ""CASH"", ""table_number"": ""2"", ""items_json"": [{""productId"": 9, ""name"": ""BBQ - Only"", ""price"": 129, ""quantity"": 2, ""discount"": 0}], ""order_mode"": ""REGULAR""}",,258.00,2026-05-16T18:36:12.687099+08:00,525
487,"{""id"": 524, ""slip_number"": ""9740700"", ""order_type"": ""DINE_IN"", ""payment_method"": ""CASH"", ""table_number"": ""3"", ""items_json"": [{""productId"": 7, ""name"": ""Pechopak - Unli"", ""price"": 179, ""quantity"": 2, ""discount"": 0}, {""productId"": 10, ""name"": ""Leg - Meal"", ""price"": 149, ""quantity"": 1, ""discount"": 0}], ""order_mode"": ""REGULAR""}",,507.00,2026-05-16T18:36:11.911860+08:00,524
486,"{""id"": 523, ""slip_number"": ""9740699"", ""order_type"": ""TAKE_OUT"", ""payment_method"": ""GCASH"", ""table_number"": ""4"", ""items_json"": [{""productId"": 10, ""name"": ""Leg - Only"", ""price"": 139, ""quantity"": 3, ""discount"": 0}, {""productId"": 9, ""name"": ""BBQ - Meal"", ""price"": 139, ""quantity"": 1, ""discount"": 0}, {""productId"": 7, ""name"": ""Pechopak - Meal"", ""price"": 169, ""quantity"": 1, ""discount"": 0}], ""order_mode"": ""REGULAR""}",,725.00,2026-05-16T18:21:07.460231+08:00,523
485,"{""id"": 522, ""slip_number"": ""9740698"", ""order_type"": ""TAKE_OUT"", ""payment_method"": ""CASH"", ""table_number"": ""2"", ""items_json"": [{""productId"": 7, ""name"": ""Pechopak - Only"", ""price"": 159, ""quantity"": 1, ""discount"": 0}], ""order_mode"": ""REGULAR""}",,159.00,2026-05-16T16:26:08.274617+08:00,522
484,"{""id"": 521, ""slip_number"": ""9740697"", ""order_type"": ""DINE_IN"", ""payment_method"": ""CASH"", ""table_number"": ""2"", ""items_json"": [{""productId"": 8, ""name"": ""Liempo - Unli"", ""price"": 199, ""quantity"": 1, ""discount"": 0}, {""productId"": 8, ""name"": ""Liempo - Meal"", ""price"": 189, ""quantity"": 1, ""discount"": 0}, {""productId"": 3, ""name"": ""Icetea - Icetea Pitcher"", ""price"": 129, ""quantity"": 1, ""discount"": 0}], ""order_mode"": ""REGULAR""}",,517.00,2026-05-16T15:13:53.661735+08:00,521
483,"{""id"": 520, ""slip_number"": ""9740696"", ""order_type"": ""DINE_IN"", ""payment_method"": ""CASH"", ""table_number"": ""1"", ""items_json"": [{""productId"": 3, ""name"": ""Icetea - Icetea Glass"", ""price"": 39, ""quantity"": 2, ""discount"": 0}], ""order_mode"": ""REGULAR""}",,78.00,2026-05-16T14:28:52.566011+08:00,520
482,"{""id"": 519, ""slip_number"": ""9740695"", ""order_type"": ""DINE_IN"", ""payment_method"": ""CASH"", ""table_number"": ""1"", ""items_json"": [{""productId"": 7, ""name"": ""Pechopak - Unli"", ""price"": 179, ""quantity"": 2, ""discount"": 0}], ""order_mode"": ""REGULAR""}",,358.00,2026-05-16T14:28:50.835063+08:00,519
481,"{""id"": 518, ""slip_number"": ""9740694"", ""order_type"": ""DINE_IN"", ""payment_method"": ""GCASH"", ""table_number"": """", ""items_json"": [{""productId"": 11, ""name"": ""Wings - Only"", ""price"": 119, ""quantity"": 1, ""discount"": 0}, {""productId"": 11, ""name"": ""Wings - One Piece Only"", ""price"": 69, ""quantity"": 1, ""discount"": 0}], ""order_mode"": ""REGULAR""}",,188.00,2026-05-16T13:27:09.054916+08:00,518
480,"{""id"": 515, ""slip_number"": ""9740691"", ""order_type"": ""DINE_IN"", ""payment_method"": ""CASH"", ""table_number"": """", ""items_json"": [{""productId"": 7, ""name"": ""Pechopak - Unli"", ""price"": 179, ""quantity"": 1, ""discount"": 0}], ""order_mode"": ""REGULAR""}",,179.00,2026-05-16T13:11:15.274040+08:00,515
479,"{""id"": 516, ""slip_number"": ""9740692"", ""order_type"": ""DINE_IN"", ""payment_method"": ""GCASH"", ""table_number"": """", ""items_json"": [{""productId"": 7, ""name"": ""Pechopak - Only"", ""price"": 159, ""quantity"": 1, ""discount"": 0}], ""order_mode"": ""REGULAR""}",,159.00,2026-05-16T12:31:04.136037+08:00,516
478,"{""id"": 514, ""slip_number"": ""9740690"", ""order_type"": ""DINE_IN"", ""payment_method"": ""CASH"", ""table_number"": """", ""items_json"": [{""productId"": 7, ""name"": ""Pechopak - Only"", ""price"": 159, ""quantity"": 1, ""discount"": 0}], ""order_mode"": ""REGULAR""}",,159.00,2026-05-16T12:30:12.205751+08:00,514
477,"{""id"": 513, ""slip_number"": ""9740689"", ""order_type"": ""DINE_IN"", ""payment_method"": ""CASH"", ""table_number"": ""3"", ""items_json"": [{""productId"": 10, ""name"": ""Leg - Unli"", ""price"": 159, ""quantity"": 1, ""discount"": 0}], ""order_mode"": ""REGULAR""}",,159.00,2026-05-16T12:28:44.892944+08:00,513
476,"{""id"": 512, ""slip_number"": ""9740688"", ""order_type"": ""DINE_IN"", ""payment_method"": ""CASH"", ""table_number"": ""1"", ""items_json"": [{""productId"": 7, ""name"": ""Pechopak - Unli"", ""price"": 179, ""quantity"": 1, ""discount"": 0}, {""productId"": 8, ""name"": ""Liempo - Unli"", ""price"": 199, ""quantity"": 1, ""discount"": 0}, {""productId"": 1, ""name"": ""Coke - Mismo"", ""price"": 25, ""quantity"": 1, ""discount"": 0}, {""productId"": 5, ""name"": ""Sprite - Mismo"", ""price"": 25, ""quantity"": 1, ""discount"": 0}], ""order_mode"": ""REGULAR""}",,428.00,2026-05-16T12:05:34.245692+08:00,512
475,"{""id"": 511, ""slip_number"": ""9740687"", ""order_type"": ""DINE_IN"", ""payment_method"": ""CASH"", ""table_number"": """", ""items_json"": [{""productId"": 7, ""name"": ""Pechopak - Unli"", ""price"": 179, ""quantity"": 2, ""discount"": 0}, {""productId"": 9, ""name"": ""BBQ - Meal"", ""price"": 139, ""quantity"": 1, ""discount"": 0}], ""order_mode"": ""REGULAR""}",,497.00,2026-05-15T23:08:15.391343+08:00,511
474,"{""id"": 510, ""slip_number"": ""9740686"", ""order_type"": ""TAKE_OUT"", ""payment_method"": ""CASH"", ""table_number"": """", ""items_json"": [{""productId"": 10, ""name"": ""Leg - Only"", ""price"": 139, ""quantity"": 1, ""discount"": 0}], ""order_mode"": ""REGULAR""}",,139.00,2026-05-15T23:04:46.816560+08:00,510
473,"{""id"": 509, ""slip_number"": ""9740685"", ""order_type"": ""DINE_IN"", ""payment_method"": ""CASH"", ""table_number"": """", ""items_json"": [{""productId"": 11, ""name"": ""Wings - Meal"", ""price"": 129, ""quantity"": 1, ""discount"": 0}, {""productId"": 1, ""name"": ""Coke - Mismo"", ""price"": 25, ""quantity"": 1, ""discount"": 0}], ""order_mode"": ""REGULAR""}",,154.00,2026-05-15T23:04:43.862711+08:00,509
472,"{""id"": 506, ""slip_number"": ""9740682"", ""order_type"": ""DINE_IN"", ""payment_method"": ""CASH"", ""table_number"": ""1"", ""items_json"": [{""productId"": 10, ""name"": ""Leg - Meal"", ""price"": 149, ""quantity"": 1, ""discount"": 0}, {""productId"": 9, ""name"": ""BBQ - Meal"", ""price"": 139, ""quantity"": 1, ""discount"": 0}, {""productId"": 5, ""name"": ""Sprite - Mismo"", ""price"": 25, ""quantity"": 1, ""discount"": 0}], ""order_mode"": ""REGULAR""}",,313.00,2026-05-15T20:58:11.639887+08:00,506
471,"{""id"": 507, ""slip_number"": ""9740683"", ""order_type"": ""TAKE_OUT"", ""payment_method"": ""CASH"", ""table_number"": ""1"", ""items_json"": [{""productId"": 9, ""name"": ""BBQ - Only"", ""price"": 129, ""quantity"": 1, ""discount"": 0}, {""productId"": 8, ""name"": ""Liempo - Only"", ""price"": 179, ""quantity"": 1, ""discount"": 0}], ""order_mode"": ""REGULAR""}",,308.00,2026-05-15T20:58:10.114244+08:00,507
470,"{""id"": 508, ""slip_number"": ""9740684"", ""order_type"": ""DINE_IN"", ""payment_method"": ""CASH"", ""table_number"": ""3"", ""items_json"": [{""productId"": 7, ""name"": ""Pechopak - Unli"", ""price"": 179, ""quantity"": 1, ""discount"": 0}, {""productId"": 8, ""name"": ""Liempo - Unli"", ""price"": 199, ""quantity"": 1, ""discount"": 0}], ""order_mode"": ""REGULAR""}",,378.00,2026-05-15T20:58:09.262604+08:00,508
469,"{""id"": 505, ""slip_number"": ""9740681"", ""order_type"": ""TAKE_OUT"", ""payment_method"": ""CASH"", ""table_number"": ""5"", ""items_json"": [{""productId"": 7, ""name"": ""Pechopak - Meal"", ""price"": 169, ""quantity"": 5, ""discount"": 0}, {""productId"": 7, ""name"": ""Pechopak - Unli"", ""price"": 179, ""quantity"": 1, ""discount"": 0}], ""order_mode"": ""REGULAR""}",,1024.00,2026-05-15T20:21:51.817839+08:00,505
468,"{""id"": 504, ""slip_number"": ""9740680"", ""order_type"": ""DINE_IN"", ""payment_method"": ""CASH"", ""table_number"": ""5"", ""items_json"": [{""productId"": 7, ""name"": ""Pechopak - Unli"", ""price"": 179, ""quantity"": 1, ""discount"": 0}, {""productId"": 7, ""name"": ""Pechopak - Meal"", ""price"": 169, ""quantity"": 2, ""discount"": 0}], ""order_mode"": ""REGULAR""}",,517.00,2026-05-15T19:47:27.553837+08:00,504
467,"{""id"": 503, ""slip_number"": ""9740679"", ""order_type"": ""TAKE_OUT"", ""payment_method"": ""CASH"", ""table_number"": ""1"", ""items_json"": [{""productId"": 10, ""name"": ""Leg - Meal"", ""price"": 149, ""quantity"": 1, ""discount"": 0}], ""order_mode"": ""REGULAR""}",,149.00,2026-05-15T19:47:26.195662+08:00,503
466,"{""id"": 502, ""slip_number"": ""9740678"", ""order_type"": ""TAKE_OUT"", ""payment_method"": ""CASH"", ""table_number"": ""2"", ""items_json"": [{""productId"": 10, ""name"": ""Leg - Meal"", ""price"": 149, ""quantity"": 1, ""discount"": 0}, {""productId"": 10, ""name"": ""Leg - Unli"", ""price"": 159, ""quantity"": 1, ""discount"": 0}], ""order_mode"": ""REGULAR""}",,308.00,2026-05-15T19:47:23.525029+08:00,502
465,"{""id"": 501, ""slip_number"": ""9740677"", ""order_type"": ""DINE_IN"", ""payment_method"": ""CASH"", ""table_number"": ""3"", ""items_json"": [{""productId"": 7, ""name"": ""Pechopak - Meal"", ""price"": 169, ""quantity"": 1, ""discount"": 0}, {""productId"": 9, ""name"": ""BBQ - Meal"", ""price"": 139, ""quantity"": 1, ""discount"": 0}, {""productId"": 1, ""name"": ""Coke - Mismo"", ""price"": 25, ""quantity"": 1, ""discount"": 0}], ""order_mode"": ""REGULAR""}",,333.00,2026-05-15T19:47:21.886951+08:00,501
464,"{""id"": 500, ""slip_number"": ""9740676"", ""order_type"": ""DINE_IN"", ""payment_method"": ""GCASH"", ""table_number"": ""1"", ""items_json"": [{""productId"": 7, ""name"": ""Pechopak - Unli"", ""price"": 179, ""quantity"": 2, ""discount"": 0}, {""productId"": 3, ""name"": ""Icetea - Icetea Pitcher"", ""price"": 129, ""quantity"": 1, ""discount"": 0}], ""order_mode"": ""REGULAR""}",,487.00,2026-05-15T19:22:43.274520+08:00,500
463,"{""id"": 499, ""slip_number"": ""9740675"", ""order_type"": ""PICK_UP"", ""payment_method"": ""CASH"", ""table_number"": """", ""items_json"": [{""productId"": 7, ""name"": ""Pechopak - Meal"", ""price"": 169, ""quantity"": 1, ""discount"": 0}, {""productId"": 9, ""name"": ""BBQ - Meal"", ""price"": 139, ""quantity"": 1, ""discount"": 0}], ""order_mode"": ""REGULAR""}",,308.00,2026-05-15T18:39:12.255676+08:00,499
462,"{""id"": 498, ""slip_number"": ""9740674"", ""order_type"": ""DINE_IN"", ""payment_method"": ""CASH"", ""table_number"": ""2"", ""items_json"": [{""productId"": 1, ""name"": ""Coke - Mismo"", ""price"": 25, ""quantity"": 1}], ""order_mode"": ""REGULAR""}",,25.00,2026-05-15T17:26:30.032489+08:00,498
461,"{""id"": 497, ""slip_number"": ""9740673"", ""order_type"": ""DINE_IN"", ""payment_method"": ""CASH"", ""table_number"": ""2"", ""items_json"": [{""productId"": 10, ""name"": ""Leg - Meal"", ""price"": 149, ""quantity"": 1, ""discount"": 0}, {""productId"": 7, ""name"": ""Pechopak - Meal"", ""price"": 169, ""quantity"": 1, ""discount"": 0}, {""productId"": 3, ""name"": ""Icetea - Icetea Glass"", ""price"": 39, ""quantity"": 1, ""discount"": 0}], ""order_mode"": ""REGULAR""}",,357.00,2026-05-15T17:13:09.288302+08:00,497
460,"{""id"": 496, ""slip_number"": ""9740672"", ""order_type"": ""DINE_IN"", ""payment_method"": ""CASH"", ""table_number"": ""2"", ""items_json"": [{""productId"": 7, ""name"": ""Pechopak - Unli"", ""price"": 179, ""quantity"": 2, ""discount"": 0}], ""order_mode"": ""REGULAR""}",,358.00,2026-05-15T15:43:59.857535+08:00,496
459,"{""id"": 495, ""slip_number"": ""13"", ""order_type"": ""DINE_IN"", ""payment_method"": """", ""table_number"": """", ""items_json"": [{""productId"": 2, ""name"": ""Rice - Extra"", ""price"": 20, ""quantity"": 2, ""discount"": 0}], ""order_mode"": ""EMPLOYEE""}",,40.00,2026-05-15T15:11:02.641115+08:00,495
458,"{""id"": 494, ""slip_number"": ""12"", ""order_type"": ""DINE_IN"", ""payment_method"": """", ""table_number"": """", ""items_json"": [{""productId"": 2, ""name"": ""Rice - Extra"", ""price"": 20, ""quantity"": 1, ""discount"": 0}], ""order_mode"": ""EMPLOYEE""}",,20.00,2026-05-15T15:10:21.572876+08:00,494
457,"{""id"": 493, ""slip_number"": ""11"", ""order_type"": ""DINE_IN"", ""payment_method"": """", ""table_number"": """", ""items_json"": [{""productId"": 2, ""name"": ""Rice - Extra"", ""price"": 20, ""quantity"": 2, ""discount"": 0}], ""order_mode"": ""EMPLOYEE""}",,40.00,2026-05-15T15:10:12.477677+08:00,493
456,"{""id"": 492, ""slip_number"": ""10"", ""order_type"": ""DINE_IN"", ""payment_method"": """", ""table_number"": """", ""items_json"": [{""productId"": 2, ""name"": ""Rice - Extra"", ""price"": 20, ""quantity"": 1, ""discount"": 0}], ""order_mode"": ""EMPLOYEE""}",,20.00,2026-05-15T15:08:50.701939+08:00,492
455,"{""id"": 491, ""slip_number"": ""9740671"", ""order_type"": ""DINE_IN"", ""payment_method"": ""GCASH"", ""table_number"": """", ""items_json"": [{""productId"": 11, ""name"": ""Wings - Only"", ""price"": 119, ""quantity"": 3, ""discount"": 0}], ""order_mode"": ""REGULAR""}",,357.00,2026-05-15T15:06:52.180707+08:00,491
454,"{""id"": 489, ""slip_number"": ""9740670"", ""order_type"": ""DINE_IN"", ""payment_method"": ""GCASH"", ""table_number"": """", ""items_json"": [{""productId"": 11, ""name"": ""Wings - Only"", ""price"": 119, ""quantity"": 1, ""discount"": 0}, {""productId"": 3, ""name"": ""Icetea - Icetea Glass"", ""price"": 39, ""quantity"": 1, ""discount"": 0}], ""order_mode"": ""REGULAR""}",,158.00,2026-05-15T14:53:00+08:00,489
453,"{""id"": 490, ""slip_number"": null, ""order_type"": ""DINE_IN"", ""payment_method"": """", ""table_number"": """", ""items_json"": [{""productId"": 11, ""name"": ""Wings - One Piece Only"", ""price"": 69, ""quantity"": 3, ""discount"": 0}], ""order_mode"": ""WASTE""}",,207.00,2026-05-15T14:52:39.062174+08:00,490
452,"{""id"": 488, ""slip_number"": ""2"", ""order_type"": ""DINE_IN"", ""payment_method"": """", ""table_number"": """", ""items_json"": [{""productId"": 11, ""name"": ""Wings - Bulk Wings per piece"", ""price"": 50, ""quantity"": 255, ""discount"": 0}], ""order_mode"": ""BULK""}",,12750.00,2026-05-15T14:16:07.436358+08:00,488
450,"{""id"": 484, ""slip_number"": ""9740669"", ""order_type"": ""TAKE_OUT"", ""payment_method"": ""CASH"", ""table_number"": ""1"", ""items_json"": [{""productId"": 11, ""name"": ""Wings - Meal"", ""price"": 129, ""quantity"": 1, ""discount"": 0}], ""order_mode"": ""REGULAR""}",,129.00,2026-05-15T14:02:13.027300+08:00,484
449,"{""id"": 483, ""slip_number"": ""9740668"", ""order_type"": ""TAKE_OUT"", ""payment_method"": ""GCASH"", ""table_number"": """", ""items_json"": [{""productId"": 4, ""name"": ""Royal - Mismo"", ""price"": 25, ""quantity"": 1, ""discount"": 0}], ""order_mode"": ""REGULAR""}",,25.00,2026-05-15T13:13:04.193055+08:00,483
448,"{""id"": 481, ""slip_number"": ""9740666"", ""order_type"": ""DINE_IN"", ""payment_method"": ""CASH"", ""table_number"": ""3"", ""items_json"": [{""productId"": 9, ""name"": ""BBQ - Meal"", ""price"": 139, ""quantity"": 1, ""discount"": 0}, {""productId"": 7, ""name"": ""Pechopak - Meal"", ""price"": 169, ""quantity"": 1, ""discount"": 0}], ""order_mode"": ""REGULAR""}",,308.00,2026-05-15T12:33:43.185691+08:00,481
447,"{""id"": 482, ""slip_number"": ""9740667"", ""order_type"": ""DINE_IN"", ""payment_method"": ""GCASH"", ""table_number"": ""5"", ""items_json"": [{""productId"": 7, ""name"": ""Pechopak - Meal"", ""price"": 169, ""quantity"": 1, ""discount"": 0}], ""order_mode"": ""REGULAR""}",,169.00,2026-05-15T12:33:41.542678+08:00,482
446,"{""id"": 480, ""slip_number"": ""9740665"", ""order_type"": ""DELIVERY"", ""payment_method"": ""GCASH"", ""table_number"": ""2"", ""items_json"": [{""productId"": -1, ""name"": ""Delivery Fee"", ""price"": 30, ""quantity"": 1, ""discount"": 0}, {""productId"": 7, ""name"": ""Pechopak - Meal"", ""price"": 169, ""quantity"": 1, ""discount"": 0}, {""productId"": 9, ""name"": ""BBQ - Meal"", ""price"": 139, ""quantity"": 1, ""discount"": 0}], ""order_mode"": ""REGULAR""}",,338.00,2026-05-15T11:52:50.170970+08:00,480
445,"{""id"": 479, ""slip_number"": ""9740664"", ""order_type"": ""DINE_IN"", ""payment_method"": ""CASH"", ""table_number"": ""5"", ""items_json"": [{""productId"": 7, ""name"": ""Pechopak - Unli"", ""price"": 179, ""quantity"": 1, ""discount"": 0}, {""productId"": 7, ""name"": ""Pechopak - Meal"", ""price"": 169, ""quantity"": 2, ""discount"": 0}], ""order_mode"": ""REGULAR""}",,517.00,2026-05-15T11:37:49.076156+08:00,479
444,"{""id"": 478, ""slip_number"": ""9740663"", ""order_type"": ""DINE_IN"", ""payment_method"": ""CASH"", ""table_number"": ""1"", ""items_json"": [{""productId"": 7, ""name"": ""Pechopak - Unli"", ""price"": 179, ""quantity"": 1, ""discount"": 0}, {""productId"": 7, ""name"": ""Pechopak - Meal"", ""price"": 169, ""quantity"": 1, ""discount"": 0}], ""order_mode"": ""REGULAR""}",,348.00,2026-05-15T11:07:02.852019+08:00,478
443,"{""id"": 477, ""slip_number"": ""9740662"", ""order_type"": ""DINE_IN"", ""payment_method"": ""GCASH"", ""table_number"": """", ""items_json"": [{""productId"": 3, ""name"": ""Icetea - Icetea Glass"", ""price"": 39, ""quantity"": 1, ""discount"": 0}], ""order_mode"": ""REGULAR""}",,39.00,2026-05-14T22:42:16.766308+08:00,477
442,"{""id"": 476, ""slip_number"": ""9740661"", ""order_type"": ""DINE_IN"", ""payment_method"": """", ""table_number"": """", ""items_json"": [{""productId"": 10, ""name"": ""Leg - Only"", ""price"": 139, ""quantity"": 1, ""discount"": 0}, {""productId"": 7, ""name"": ""Pechopak - Only"", ""price"": 159, ""quantity"": 1, ""discount"": 0}], ""order_mode"": ""WASTE""}",,298.00,2026-05-14T22:32:22.947928+08:00,476
441,"{""id"": 475, ""slip_number"": ""9740660"", ""order_type"": ""DINE_IN"", ""payment_method"": """", ""table_number"": """", ""items_json"": [{""productId"": 9, ""name"": ""BBQ - One Piece Only"", ""price"": 69, ""quantity"": 1, ""discount"": 0}], ""order_mode"": ""WASTE""}",,69.00,2026-05-14T22:31:23.269303+08:00,475
440,"{""id"": 474, ""slip_number"": ""9740659"", ""order_type"": ""DINE_IN"", ""payment_method"": ""CASH"", ""table_number"": ""3"", ""items_json"": [{""productId"": 9, ""name"": ""BBQ - Meal"", ""price"": 139, ""quantity"": 1, ""discount"": 0}, {""productId"": 3, ""name"": ""Icetea - Icetea Pitcher"", ""price"": 129, ""quantity"": 1, ""discount"": 0}], ""order_mode"": ""REGULAR""}",,268.00,2026-05-14T21:58:30.709425+08:00,474
439,"{""id"": 473, ""slip_number"": ""9740658"", ""order_type"": ""DINE_IN"", ""payment_method"": ""CASH"", ""table_number"": ""1"", ""items_json"": [{""productId"": 7, ""name"": ""Pechopak - Unli"", ""price"": 179, ""quantity"": 1, ""discount"": 0}, {""productId"": 8, ""name"": ""Liempo - Unli"", ""price"": 199, ""quantity"": 1, ""discount"": 0}, {""productId"": 3, ""name"": ""Icetea - Icetea Glass"", ""price"": 39, ""quantity"": 1, ""discount"": 0}], ""order_mode"": ""REGULAR""}",,417.00,2026-05-14T21:23:33.218029+08:00,473
438,"{""id"": 472, ""slip_number"": ""9740657"", ""order_type"": ""TAKE_OUT"", ""payment_method"": ""CASH"", ""table_number"": ""3"", ""items_json"": [{""productId"": 9, ""name"": ""BBQ - Only"", ""price"": 129, ""quantity"": 1, ""discount"": 0}], ""order_mode"": ""REGULAR""}",,129.00,2026-05-14T21:07:30.483001+08:00,472
437,"{""id"": 471, ""slip_number"": ""9740656"", ""order_type"": ""DINE_IN"", ""payment_method"": ""CASH"", ""table_number"": ""3"", ""items_json"": [{""productId"": 8, ""name"": ""Liempo - Meal"", ""price"": 189, ""quantity"": 2, ""discount"": 0}], ""order_mode"": ""REGULAR""}",,378.00,2026-05-14T21:07:29.524677+08:00,471
436,"{""id"": 470, ""slip_number"": ""9740655"", ""order_type"": ""DINE_IN"", ""payment_method"": ""GCASH"", ""table_number"": ""1"", ""items_json"": [{""productId"": 10, ""name"": ""Leg - Meal"", ""price"": 149, ""quantity"": 1, ""discount"": 0}, {""productId"": 10, ""name"": ""Leg - Unli"", ""price"": 159, ""quantity"": 1, ""discount"": 0}, {""productId"": 9, ""name"": ""BBQ - One Piece Only"", ""price"": 69, ""quantity"": 1, ""discount"": 0}, {""productId"": 3, ""name"": ""Icetea - Icetea Glass"", ""price"": 39, ""quantity"": 1, ""discount"": 0}], ""order_mode"": ""REGULAR""}",,416.00,2026-05-14T20:31:52.024561+08:00,470
435,"{""id"": 469, ""slip_number"": ""9740654"", ""order_type"": ""DINE_IN"", ""payment_method"": ""GCASH"", ""table_number"": ""3"", ""items_json"": [{""productId"": 8, ""name"": ""Liempo - Unli"", ""price"": 199, ""quantity"": 1, ""discount"": 0}, {""productId"": 10, ""name"": ""Leg - Meal"", ""price"": 149, ""quantity"": 1, ""discount"": 0}, {""productId"": 4, ""name"": ""Royal - Mismo"", ""price"": 25, ""quantity"": 1, ""discount"": 0}, {""productId"": 1, ""name"": ""Coke - Mismo"", ""price"": 25, ""quantity"": 1, ""discount"": 0}], ""order_mode"": ""REGULAR""}",,398.00,2026-05-14T20:25:28.451654+08:00,469
434,"{""id"": 468, ""slip_number"": ""9740653"", ""order_type"": ""TAKE_OUT"", ""payment_method"": ""CASH"", ""table_number"": """", ""items_json"": [{""productId"": 7, ""name"": ""Pechopak - Only"", ""price"": 159, ""quantity"": 1, ""discount"": 20}], ""order_mode"": ""REGULAR""}",,127.20,2026-05-14T19:55:57.705848+08:00,468
432,"{""id"": 466, ""slip_number"": ""9740651"", ""order_type"": ""DINE_IN"", ""payment_method"": ""CASH"", ""table_number"": ""1"", ""items_json"": [{""productId"": 3, ""name"": ""Icetea - Icetea Pitcher"", ""price"": 129, ""quantity"": 1, ""discount"": 0}, {""productId"": 7, ""name"": ""Pechopak - Unli"", ""price"": 179, ""quantity"": 1, ""discount"": 0}, {""productId"": 8, ""name"": ""Liempo - Unli"", ""price"": 199, ""quantity"": 1, ""discount"": 0}], ""order_mode"": ""REGULAR""}",,507.00,2026-05-14T19:31:37.416828+08:00,466
431,"{""id"": 465, ""slip_number"": ""9740650"", ""order_type"": ""DINE_IN"", ""payment_method"": ""CASH"", ""table_number"": ""3"", ""items_json"": [{""productId"": 8, ""name"": ""Liempo - Unli"", ""price"": 199, ""quantity"": 1, ""discount"": 0}, {""productId"": 7, ""name"": ""Pechopak - Unli"", ""price"": 179, ""quantity"": 1, ""discount"": 0}, {""productId"": 1, ""name"": ""Coke - 1.5"", ""price"": 120, ""quantity"": 1, ""discount"": 0}], ""order_mode"": ""REGULAR""}",,498.00,2026-05-14T19:24:48.762966+08:00,465
430,"{""id"": 464, ""slip_number"": ""9740649"", ""order_type"": ""DINE_IN"", ""payment_method"": ""CASH"", ""table_number"": ""1"", ""items_json"": [{""productId"": 10, ""name"": ""Leg - Unli"", ""price"": 159, ""quantity"": 1, ""discount"": 0}, {""productId"": 7, ""name"": ""Pechopak - Unli"", ""price"": 179, ""quantity"": 1, ""discount"": 0}, {""productId"": 3, ""name"": ""Icetea - Icetea Pitcher"", ""price"": 129, ""quantity"": 1, ""discount"": 0}], ""order_mode"": ""REGULAR""}",,467.00,2026-05-14T18:58:32.947422+08:00,464
429,"{""id"": 463, ""slip_number"": ""9740648"", ""order_type"": ""DINE_IN"", ""payment_method"": ""CASH"", ""table_number"": ""3"", ""items_json"": [{""productId"": 1, ""name"": ""Coke - Mismo"", ""price"": 25, ""quantity"": 1, ""discount"": 0}, {""productId"": 3, ""name"": ""Icetea - Icetea Glass"", ""price"": 39, ""quantity"": 1, ""discount"": 0}, {""productId"": 10, ""name"": ""Leg - Meal"", ""price"": 149, ""quantity"": 1, ""discount"": 0}, {""productId"": 7, ""name"": ""Pechopak - Unli"", ""price"": 179, ""quantity"": 1, ""discount"": 0}, {""productId"": 11, ""name"": ""Wings - Meal"", ""price"": 129, ""quantity"": 1, ""discount"": 0}], ""order_mode"": ""REGULAR""}",,521.00,2026-05-14T18:24:06.384957+08:00,463
428,"{""id"": 462, ""slip_number"": ""9740647"", ""order_type"": ""TAKE_OUT"", ""payment_method"": ""CASH"", ""table_number"": ""1"", ""items_json"": [{""productId"": 9, ""name"": ""BBQ - Meal"", ""price"": 139, ""quantity"": 1, ""discount"": 0}], ""order_mode"": ""REGULAR""}",,139.00,2026-05-14T17:35:05.006220+08:00,462
427,"{""id"": 461, ""slip_number"": ""9740646"", ""order_type"": ""DINE_IN"", ""payment_method"": ""CASH"", ""table_number"": ""1"", ""items_json"": [{""productId"": 9, ""name"": ""BBQ - Meal"", ""price"": 139, ""quantity"": 3, ""discount"": 0}, {""productId"": 10, ""name"": ""Leg - Meal"", ""price"": 149, ""quantity"": 1, ""discount"": 0}, {""productId"": 3, ""name"": ""Icetea - Icetea Pitcher"", ""price"": 129, ""quantity"": 1, ""discount"": 0}], ""order_mode"": ""REGULAR""}",,695.00,2026-05-14T17:19:34.945309+08:00,461
426,"{""id"": 460, ""slip_number"": ""9740645"", ""order_type"": ""DINE_IN"", ""payment_method"": ""CASH"", ""table_number"": ""2"", ""items_json"": [{""productId"": 7, ""name"": ""Pechopak - Unli"", ""price"": 179, ""quantity"": 3, ""discount"": 0}, {""productId"": 1, ""name"": ""Coke - 1.5"", ""price"": 120, ""quantity"": 1, ""discount"": 0}], ""order_mode"": ""REGULAR""}",,657.00,2026-05-14T14:46:59.480915+08:00,460
425,"{""id"": 458, ""slip_number"": ""9740643"", ""order_type"": ""DINE_IN"", ""payment_method"": ""CASH"", ""table_number"": ""1"", ""items_json"": [{""productId"": 10, ""name"": ""Leg - Unli"", ""price"": 159, ""quantity"": 2, ""discount"": 0}, {""productId"": 10, ""name"": ""Leg - Meal"", ""price"": 149, ""quantity"": 1, ""discount"": 0}], ""order_mode"": ""REGULAR""}",,467.00,2026-05-14T14:43:30.951354+08:00,458
424,"{""id"": 459, ""slip_number"": ""9740644"", ""order_type"": ""DINE_IN"", ""payment_method"": ""CASH"", ""table_number"": ""1"", ""items_json"": [{""productId"": 10, ""name"": ""Leg - Meal"", ""price"": 149, ""quantity"": 2, ""discount"": 0}], ""order_mode"": ""REGULAR""}",,298.00,2026-05-14T14:39:25.522237+08:00,459
423,"{""id"": 457, ""slip_number"": ""9740642"", ""order_type"": ""DINE_IN"", ""payment_method"": ""CASH"", ""table_number"": ""1"", ""items_json"": [{""productId"": 7, ""name"": ""Pechopak - Unli"", ""price"": 179, ""quantity"": 2, ""discount"": 0}, {""productId"": 3, ""name"": ""Icetea - Icetea Pitcher"", ""price"": 129, ""quantity"": 1, ""discount"": 0}], ""order_mode"": ""REGULAR""}",,487.00,2026-05-14T12:59:12.983680+08:00,457
422,"{""id"": 456, ""slip_number"": ""9740641"", ""order_type"": ""TAKE_OUT"", ""payment_method"": ""CASH"", ""table_number"": ""1"", ""items_json"": [{""productId"": 10, ""name"": ""Leg - Meal"", ""price"": 149, ""quantity"": 2, ""discount"": 0}], ""order_mode"": ""REGULAR""}",,298.00,2026-05-14T12:43:44.260518+08:00,456
421,"{""id"": 455, ""slip_number"": ""9740640"", ""order_type"": ""TAKE_OUT"", ""payment_method"": ""CASH"", ""table_number"": ""5"", ""items_json"": [{""productId"": 7, ""name"": ""Pechopak - Meal"", ""price"": 169, ""quantity"": 1, ""discount"": 0}], ""order_mode"": ""REGULAR""}",,169.00,2026-05-14T11:11:58.614127+08:00,455
420,"{""id"": 453, ""slip_number"": ""9740638"", ""order_type"": ""DINE_IN"", ""payment_method"": ""CASH"", ""table_number"": ""1"", ""items_json"": [{""productId"": 7, ""name"": ""Pechopak - Unli"", ""price"": 179, ""quantity"": 1, ""discount"": 0}, {""productId"": 9, ""name"": ""BBQ - Unli"", ""price"": 149, ""quantity"": 1, ""discount"": 0}], ""order_mode"": ""REGULAR""}",,328.00,2026-05-13T21:30:54.831987+08:00,453
419,"{""id"": 450, ""slip_number"": ""9740637"", ""order_type"": ""TAKE_OUT"", ""payment_method"": ""GCASH"", ""table_number"": ""5"", ""items_json"": [{""productId"": 10, ""name"": ""Leg - Only"", ""price"": 139, ""quantity"": 1}], ""order_mode"": ""REGULAR""}",,139.00,2026-05-13T20:50:44.145370+08:00,450
418,"{""id"": 439, ""slip_number"": ""9740631"", ""order_type"": ""DINE_IN"", ""payment_method"": ""GCASH"", ""table_number"": """", ""items_json"": [{""productId"": 10, ""name"": ""Leg - Only"", ""price"": 139, ""quantity"": 1, ""discount"": 0}, {""productId"": 9, ""name"": ""BBQ - Only"", ""price"": 129, ""quantity"": 1, ""discount"": 0}], ""order_mode"": ""REGULAR""}",,268.00,2026-05-13T20:50:06.506734+08:00,439
417,"{""id"": 452, ""slip_number"": null, ""order_type"": ""DINE_IN"", ""payment_method"": """", ""table_number"": """", ""items_json"": [{""productId"": 9, ""name"": ""BBQ - One Piece Only"", ""price"": 69, ""quantity"": 1, ""discount"": 0}], ""order_mode"": ""WASTE""}",,69.00,2026-05-13T20:38:47.239885+08:00,452
416,"{""id"": 451, ""slip_number"": ""9"", ""order_type"": ""DINE_IN"", ""payment_method"": """", ""table_number"": """", ""items_json"": [{""productId"": 2, ""name"": ""Rice - Extra"", ""price"": 20, ""quantity"": 1, ""discount"": 0}], ""order_mode"": ""EMPLOYEE""}",,20.00,2026-05-13T20:38:39.636204+08:00,451
415,"{""id"": 449, ""slip_number"": ""8"", ""order_type"": ""DINE_IN"", ""payment_method"": """", ""table_number"": """", ""items_json"": [{""productId"": 2, ""name"": ""Rice - Extra"", ""price"": 20, ""quantity"": 2, ""discount"": 0}], ""order_mode"": ""EMPLOYEE""}",,40.00,2026-05-13T20:30:52.569914+08:00,449
414,"{""id"": 448, ""slip_number"": null, ""order_type"": ""DINE_IN"", ""payment_method"": """", ""table_number"": """", ""items_json"": [{""productId"": 7, ""name"": ""Pechopak - Only"", ""price"": 159, ""quantity"": 2, ""discount"": 0}], ""order_mode"": ""WASTE""}",,318.00,2026-05-13T20:30:37.698136+08:00,448
413,"{""id"": 447, ""slip_number"": ""9740636"", ""order_type"": ""TAKE_OUT"", ""payment_method"": ""CASH"", ""table_number"": ""5"", ""items_json"": [{""productId"": 10, ""name"": ""Leg - Meal"", ""price"": 149, ""quantity"": 3, ""discount"": 0}], ""order_mode"": ""REGULAR""}",,447.00,2026-05-13T20:25:58.946988+08:00,447
412,"{""id"": 442, ""slip_number"": ""9740632"", ""order_type"": ""DINE_IN"", ""payment_method"": ""CASH"", ""table_number"": ""1"", ""items_json"": [{""productId"": 10, ""name"": ""Leg - Unli"", ""price"": 159, ""quantity"": 3, ""discount"": 0}, {""productId"": 11, ""name"": ""Wings - Meal"", ""price"": 129, ""quantity"": 3, ""discount"": 0}, {""productId"": 1, ""name"": ""Coke - 1.5"", ""price"": 120, ""quantity"": 1, ""discount"": 0}], ""order_mode"": ""REGULAR""}",,984.00,2026-05-13T20:09:24.404643+08:00,442
411,"{""id"": 445, ""slip_number"": ""9740634"", ""order_type"": ""TAKE_OUT"", ""payment_method"": ""GCASH"", ""table_number"": ""4"", ""items_json"": [{""productId"": 7, ""name"": ""Pechopak - Only"", ""price"": 159, ""quantity"": 1, ""discount"": 0}], ""order_mode"": ""REGULAR""}",,159.00,2026-05-13T20:08:05.029893+08:00,445
410,"{""id"": 444, ""slip_number"": ""9740633"", ""order_type"": ""TAKE_OUT"", ""payment_method"": ""CASH"", ""table_number"": ""4"", ""items_json"": [{""productId"": 7, ""name"": ""Pechopak - Only"", ""price"": 159, ""quantity"": 1, ""discount"": 0}], ""order_mode"": ""REGULAR""}",,159.00,2026-05-13T19:39:54.856129+08:00,444
409,"{""id"": 441, ""slip_number"": ""9740630"", ""order_type"": ""TAKE_OUT"", ""payment_method"": ""CASH"", ""table_number"": ""3"", ""items_json"": [{""productId"": 7, ""name"": ""Pechopak - Only"", ""price"": 159, ""quantity"": 2, ""discount"": 0}], ""order_mode"": ""REGULAR""}",,318.00,2026-05-13T19:20:00+08:00,441
408,"{""id"": 440, ""slip_number"": ""9740629"", ""order_type"": ""DINE_IN"", ""payment_method"": ""CASH"", ""table_number"": ""2"", ""items_json"": [{""productId"": 10, ""name"": ""Leg - Unli"", ""price"": 159, ""quantity"": 1, ""discount"": 0}, {""productId"": 8, ""name"": ""Liempo - Unli"", ""price"": 199, ""quantity"": 1, ""discount"": 0}, {""productId"": 3, ""name"": ""Icetea - Icetea Glass"", ""price"": 39, ""quantity"": 1, ""discount"": 0}], ""order_mode"": ""REGULAR""}",,397.00,2026-05-13T19:19:00+08:00,440
407,"{""id"": 438, ""slip_number"": ""9740628"", ""order_type"": ""TAKE_OUT"", ""payment_method"": ""CASH"", ""table_number"": """", ""items_json"": [{""productId"": 10, ""name"": ""Leg - Meal"", ""price"": 149, ""quantity"": 2, ""discount"": 0}], ""order_mode"": ""REGULAR""}",,298.00,2026-05-13T19:18:00+08:00,438
406,"{""id"": 437, ""slip_number"": ""9740627"", ""order_type"": ""DINE_IN"", ""payment_method"": ""CASH"", ""table_number"": ""5"", ""items_json"": [{""productId"": 7, ""name"": ""Pechopak - Unli"", ""price"": 179, ""quantity"": 2, ""discount"": 0}, {""productId"": 3, ""name"": ""Icetea - Icetea Glass"", ""price"": 39, ""quantity"": 1, ""discount"": 0}], ""order_mode"": ""REGULAR""}",,397.00,2026-05-13T18:34:00+08:00,437
405,"{""id"": 436, ""slip_number"": ""9740626"", ""order_type"": ""DINE_IN"", ""payment_method"": ""CASH"", ""table_number"": ""1"", ""items_json"": [{""productId"": 10, ""name"": ""Leg - Unli"", ""price"": 159, ""quantity"": 1, ""discount"": 0}, {""productId"": 10, ""name"": ""Leg - Meal"", ""price"": 149, ""quantity"": 1, ""discount"": 0}], ""order_mode"": ""REGULAR""}",,308.00,2026-05-13T18:33:00+08:00,436
404,"{""id"": 435, ""slip_number"": ""9740625"", ""order_type"": ""TAKE_OUT"", ""payment_method"": ""CASH"", ""table_number"": """", ""items_json"": [{""productId"": 9, ""name"": ""BBQ - Only"", ""price"": 129, ""quantity"": 2, ""discount"": 0}], ""order_mode"": ""REGULAR""}",,258.00,2026-05-13T18:06:00+08:00,435
403,"{""id"": 434, ""slip_number"": ""9740624"", ""order_type"": ""DINE_IN"", ""payment_method"": ""CASH"", ""table_number"": ""1"", ""items_json"": [{""productId"": 7, ""name"": ""Pechopak - Unli"", ""price"": 179, ""quantity"": 2, ""discount"": 0}, {""productId"": 3, ""name"": ""Icetea - Icetea Pitcher"", ""price"": 129, ""quantity"": 1, ""discount"": 0}], ""order_mode"": ""REGULAR""}",,487.00,2026-05-13T17:16:00+08:00,434
402,"{""id"": 433, ""slip_number"": ""7"", ""order_type"": ""DINE_IN"", ""payment_method"": """", ""table_number"": """", ""items_json"": [{""productId"": 2, ""name"": ""Rice - Extra"", ""price"": 20, ""quantity"": 2, ""discount"": 0}], ""order_mode"": ""EMPLOYEE""}",,40.00,2026-05-13T16:13:44.769771+08:00,433
401,"{""id"": 432, ""slip_number"": ""9740623"", ""order_type"": ""DINE_IN"", ""payment_method"": ""GCASH"", ""table_number"": """", ""items_json"": [{""productId"": 11, ""name"": ""Wings - Only"", ""price"": 119, ""quantity"": 1, ""discount"": 0}], ""order_mode"": ""REGULAR""}",,119.00,2026-05-13T16:00:50.751491+08:00,432
400,"{""id"": 431, ""slip_number"": null, ""order_type"": ""DINE_IN"", ""payment_method"": """", ""table_number"": """", ""items_json"": [{""productId"": 11, ""name"": ""Wings - One Piece Only"", ""price"": 69, ""quantity"": 8, ""discount"": 0}], ""order_mode"": ""WASTE""}",,552.00,2026-05-13T14:30:44.792693+08:00,431
399,"{""id"": 430, ""slip_number"": ""6"", ""order_type"": ""DINE_IN"", ""payment_method"": """", ""table_number"": """", ""items_json"": [{""productId"": 2, ""name"": ""Rice - Extra"", ""price"": 20, ""quantity"": 3, ""discount"": 0}], ""order_mode"": ""EMPLOYEE""}",,60.00,2026-05-13T14:27:08.247173+08:00,430
398,"{""id"": 429, ""slip_number"": ""9740622"", ""order_type"": ""DINE_IN"", ""payment_method"": ""CASH"", ""table_number"": ""5"", ""items_json"": [{""productId"": 11, ""name"": ""Wings - One Piece Only"", ""price"": 69, ""quantity"": 1, ""discount"": 0}], ""order_mode"": ""REGULAR""}",,69.00,2026-05-13T14:17:32.203642+08:00,429
451,"{""id"": 487, ""slip_number"": ""000001"", ""order_type"": ""DINE_IN"", ""payment_method"": """", ""table_number"": """", ""items_json"": [{""productId"": 11, ""name"": ""Wings - Bulk Wings per piece"", ""price"": 50, ""quantity"": 120, ""discount"": 0}], ""order_mode"": ""BULK""}",,6000.00,2026-05-13T14:15:00+08:00,487
397,"{""id"": 428, ""slip_number"": ""5"", ""order_type"": ""DINE_IN"", ""payment_method"": """", ""table_number"": """", ""items_json"": [{""productId"": 2, ""name"": ""Rice - Extra"", ""price"": 20, ""quantity"": 2, ""discount"": 0}], ""order_mode"": ""EMPLOYEE""}",,40.00,2026-05-13T14:02:44.561348+08:00,428
396,"{""id"": 427, ""slip_number"": ""9740621"", ""order_type"": ""DINE_IN"", ""payment_method"": ""CASH"", ""table_number"": """", ""items_json"": [{""productId"": 2, ""name"": ""Rice - Extra"", ""price"": 20, ""quantity"": 1, ""discount"": 50}], ""order_mode"": ""REGULAR""}",,10.00,2026-05-13T13:25:08.271533+08:00,427
395,"{""id"": 426, ""slip_number"": ""9740620"", ""order_type"": ""DINE_IN"", ""payment_method"": ""CASH"", ""table_number"": ""1"", ""items_json"": [{""productId"": 10, ""name"": ""Leg - Meal"", ""price"": 149, ""quantity"": 1, ""discount"": 0}], ""order_mode"": ""REGULAR""}",,149.00,2026-05-13T13:25:06.701562+08:00,426
394,"{""id"": 425, ""slip_number"": ""4"", ""order_type"": ""DINE_IN"", ""payment_method"": """", ""table_number"": """", ""items_json"": [{""productId"": 2, ""name"": ""Rice - Extra"", ""price"": 20, ""quantity"": 13, ""discount"": 0}], ""order_mode"": ""EMPLOYEE""}",,260.00,2026-05-13T11:17:33.857900+08:00,425
393,"{""id"": 424, ""slip_number"": ""3"", ""order_type"": ""DINE_IN"", ""payment_method"": """", ""table_number"": """", ""items_json"": [{""productId"": 2, ""name"": ""Rice - Extra"", ""price"": 20, ""quantity"": 2, ""discount"": 0}], ""order_mode"": ""EMPLOYEE""}",,40.00,2026-05-12T23:58:00+08:00,424
392,"{""id"": 414, ""slip_number"": ""9740609"", ""order_type"": ""DINE_IN"", ""payment_method"": ""GCASH"", ""table_number"": """", ""items_json"": [{""productId"": 9, ""name"": ""BBQ - Only"", ""price"": 129, ""quantity"": 1, ""discount"": 0}, {""productId"": 3, ""name"": ""Icetea - Icetea Glass"", ""price"": 39, ""quantity"": 1}], ""order_mode"": ""REGULAR""}",,168.00,2026-05-12T23:26:53.529586+08:00,414
391,"{""id"": 423, ""slip_number"": ""9740618"", ""order_type"": ""DINE_IN"", ""payment_method"": ""CASH"", ""table_number"": ""1"", ""items_json"": [{""productId"": 8, ""name"": ""Liempo - Meal"", ""price"": 189, ""quantity"": 1, ""discount"": 0}, {""productId"": 9, ""name"": ""BBQ - Meal"", ""price"": 139, ""quantity"": 1, ""discount"": 0}, {""productId"": 5, ""name"": ""Sprite - Mismo"", ""price"": 25, ""quantity"": 2, ""discount"": 0}], ""order_mode"": ""REGULAR""}",,378.00,2026-05-12T23:26:16.779129+08:00,423
390,"{""id"": 421, ""slip_number"": ""9740616"", ""order_type"": ""TAKE_OUT"", ""payment_method"": ""GCASH"", ""table_number"": ""1"", ""items_json"": [{""productId"": 10, ""name"": ""Leg - Meal"", ""price"": 149, ""quantity"": 1, ""discount"": 0}], ""order_mode"": ""REGULAR""}",,149.00,2026-05-12T22:21:29.935630+08:00,421
389,"{""id"": 422, ""slip_number"": ""2"", ""order_type"": ""DINE_IN"", ""payment_method"": """", ""table_number"": """", ""items_json"": [{""productId"": 2, ""name"": ""Rice - Extra"", ""price"": 20, ""quantity"": 1, ""discount"": 0}], ""order_mode"": ""EMPLOYEE""}",,20.00,2026-05-12T21:54:00+08:00,422
388,"{""id"": 420, ""slip_number"": ""9740615"", ""order_type"": ""DINE_IN"", ""payment_method"": ""GCASH"", ""table_number"": """", ""items_json"": [{""productId"": 9, ""name"": ""BBQ - Only"", ""price"": 129, ""quantity"": 1, ""discount"": 0}, {""productId"": 3, ""name"": ""Icetea - Icetea Glass"", ""price"": 39, ""quantity"": 1, ""discount"": 0}], ""order_mode"": ""REGULAR""}",,168.00,2026-05-12T21:44:48.384503+08:00,420
387,"{""id"": 419, ""slip_number"": ""1"", ""order_type"": ""DINE_IN"", ""payment_method"": """", ""table_number"": """", ""items_json"": [{""productId"": 2, ""name"": ""Rice - Extra"", ""price"": 20, ""quantity"": 2, ""discount"": 0}], ""order_mode"": ""EMPLOYEE""}",,40.00,2026-05-12T21:21:00+08:00,419
385,"{""id"": 415, ""slip_number"": ""9740610"", ""order_type"": ""TAKE_OUT"", ""payment_method"": ""CASH"", ""table_number"": ""3"", ""items_json"": [{""productId"": 2, ""name"": ""Rice - Extra"", ""price"": 20, ""quantity"": 2, ""discount"": 0}], ""order_mode"": ""REGULAR""}",,40.00,2026-05-12T20:52:40.770281+08:00,415
384,"{""id"": 412, ""slip_number"": ""9740608"", ""order_type"": ""DINE_IN"", ""payment_method"": ""CASH"", ""table_number"": ""3"", ""items_json"": [{""productId"": 10, ""name"": ""Leg - Unli"", ""price"": 159, ""quantity"": 1, ""discount"": 0}], ""order_mode"": ""REGULAR""}",,159.00,2026-05-12T20:31:16.369093+08:00,412
383,"{""id"": 411, ""slip_number"": ""9740607"", ""order_type"": ""TAKE_OUT"", ""payment_method"": ""CASH"", ""table_number"": """", ""items_json"": [{""productId"": 7, ""name"": ""Pechopak - Unli"", ""price"": 179, ""quantity"": 2, ""discount"": 0}], ""order_mode"": ""REGULAR""}",,358.00,2026-05-12T20:31:14.501251+08:00,411
382,"{""id"": 410, ""slip_number"": ""9740606"", ""order_type"": ""DINE_IN"", ""payment_method"": ""CASH"", ""table_number"": ""1"", ""items_json"": [{""productId"": 9, ""name"": ""BBQ - Meal"", ""price"": 139, ""quantity"": 1, ""discount"": 0}, {""productId"": 11, ""name"": ""Wings - Meal"", ""price"": 129, ""quantity"": 1, ""discount"": 0}, {""productId"": 1, ""name"": ""Coke - Mismo"", ""price"": 25, ""quantity"": 3, ""discount"": 0}], ""order_mode"": ""REGULAR""}",,343.00,2026-05-12T18:43:28.946759+08:00,410
381,"{""id"": 409, ""slip_number"": ""9740605"", ""order_type"": ""TAKE_OUT"", ""payment_method"": ""CASH"", ""table_number"": """", ""items_json"": [{""productId"": 10, ""name"": ""Leg - Unli"", ""price"": 159, ""quantity"": 5}], ""order_mode"": ""REGULAR""}",,795.00,2026-05-12T18:18:08.470888+08:00,409
380,"{""id"": 408, ""slip_number"": ""9740604"", ""order_type"": ""DINE_IN"", ""payment_method"": ""CASH"", ""table_number"": ""1"", ""items_json"": [{""productId"": 7, ""name"": ""Pechopak - Unli"", ""price"": 179, ""quantity"": 1, ""discount"": 0}, {""productId"": 9, ""name"": ""BBQ - Meal"", ""price"": 139, ""quantity"": 1, ""discount"": 0}, {""productId"": 8, ""name"": ""Liempo - Meal"", ""price"": 189, ""quantity"": 1, ""discount"": 0}, {""productId"": 5, ""name"": ""Sprite - 1.5"", ""price"": 120, ""quantity"": 1, ""discount"": 0}], ""order_mode"": ""REGULAR""}",,627.00,2026-05-12T16:07:16.756133+08:00,408
379,"{""id"": 407, ""slip_number"": ""9740603"", ""order_type"": ""DINE_IN"", ""payment_method"": ""CASH"", ""table_number"": ""3"", ""items_json"": [{""productId"": 10, ""name"": ""Leg - Unli"", ""price"": 159, ""quantity"": 2, ""discount"": 0}], ""order_mode"": ""REGULAR""}",,318.00,2026-05-12T14:57:03.702257+08:00,407
378,"{""id"": 406, ""slip_number"": ""9740602"", ""order_type"": ""DINE_IN"", ""payment_method"": ""CASH"", ""table_number"": """", ""items_json"": [{""productId"": 10, ""name"": ""Leg - Unli"", ""price"": 159, ""quantity"": 2, ""discount"": 0}, {""productId"": 7, ""name"": ""Pechopak - Unli"", ""price"": 179, ""quantity"": 1, ""discount"": 0}], ""order_mode"": ""REGULAR""}",,497.00,2026-05-12T13:44:06.268928+08:00,406
377,"{""id"": 405, ""slip_number"": ""9740601"", ""order_type"": ""DINE_IN"", ""payment_method"": ""GCASH"", ""table_number"": """", ""items_json"": [{""productId"": 10, ""name"": ""Leg - Unli"", ""price"": 159, ""quantity"": 2, ""discount"": 0}, {""productId"": 7, ""name"": ""Pechopak - Unli"", ""price"": 179, ""quantity"": 1, ""discount"": 0}, {""productId"": 8, ""name"": ""Liempo - Meal"", ""price"": 189, ""quantity"": 1, ""discount"": 0}, {""productId"": 8, ""name"": ""Liempo - Unli"", ""price"": 199, ""quantity"": 1, ""discount"": 0}, {""productId"": 11, ""name"": ""Wings - Only"", ""price"": 119, ""quantity"": 1, ""discount"": 0}, {""productId"": 1, ""name"": ""Coke - 1.5"", ""price"": 120, ""quantity"": 1, ""discount"": 0}], ""order_mode"": ""REGULAR""}",,1124.00,2026-05-12T13:44:02.486866+08:00,405
376,"{""id"": 404, ""slip_number"": ""9609291"", ""order_type"": ""TAKE_OUT"", ""payment_method"": ""CASH"", ""table_number"": ""2"", ""items_json"": [{""productId"": 9, ""name"": ""BBQ - Only"", ""price"": 129, ""quantity"": 1, ""discount"": 0}], ""order_mode"": ""REGULAR""}",,129.00,2026-05-12T13:43:59.496029+08:00,404
375,"{""id"": 403, ""slip_number"": ""9609290"", ""order_type"": ""TAKE_OUT"", ""payment_method"": ""CASH"", ""table_number"": ""1"", ""items_json"": [{""productId"": 9, ""name"": ""BBQ - Only"", ""price"": 129, ""quantity"": 2, ""discount"": 0}], ""order_mode"": ""REGULAR""}",,258.00,2026-05-12T13:43:58.173549+08:00,403
374,"{""id"": 390, ""slip_number"": ""9609278"", ""order_type"": ""DINE_IN"", ""payment_method"": ""GCASH"", ""table_number"": """", ""items_json"": [{""productId"": 9, ""name"": ""BBQ - Only"", ""price"": 129, ""quantity"": 1, ""discount"": 0}, {""productId"": 7, ""name"": ""Pechopak - Only"", ""price"": 159, ""quantity"": 1, ""discount"": 0}, {""productId"": 3, ""name"": ""Icetea - Icetea Glass"", ""price"": 39, ""quantity"": 1}], ""order_mode"": ""REGULAR""}",,327.00,2026-05-12T10:17:29.622375+08:00,390
373,"{""id"": 401, ""slip_number"": ""9609289"", ""order_type"": ""DINE_IN"", ""payment_method"": ""GCASH"", ""table_number"": ""1"", ""items_json"": [{""productId"": 3, ""name"": ""Icetea - Icetea Glass"", ""price"": 39, ""quantity"": 1, ""discount"": 0}], ""order_mode"": ""REGULAR""}",,39.00,2026-05-11T23:59:48.383995+08:00,401
372,"{""id"": 400, ""slip_number"": ""9609288"", ""order_type"": ""DINE_IN"", ""payment_method"": ""CASH"", ""table_number"": """", ""items_json"": [{""productId"": 3, ""name"": ""Icetea - Icetea Glass"", ""price"": 39, ""quantity"": 1, ""discount"": 0}], ""order_mode"": ""REGULAR""}",,39.00,2026-05-11T23:59:41.437537+08:00,400
371,"{""id"": 399, ""slip_number"": ""9609287"", ""order_type"": ""DINE_IN"", ""payment_method"": ""CASH"", ""table_number"": ""1"", ""items_json"": [{""productId"": 3, ""name"": ""Icetea - Icetea Glass"", ""price"": 39, ""quantity"": 1, ""discount"": 0}], ""order_mode"": ""REGULAR""}",,39.00,2026-05-11T23:39:27.305125+08:00,399
370,"{""id"": 398, ""slip_number"": ""9609286"", ""order_type"": ""DINE_IN"", ""payment_method"": ""GCASH"", ""table_number"": ""1"", ""items_json"": [{""productId"": 11, ""name"": ""Wings - Only"", ""price"": 119, ""quantity"": 1, ""discount"": 0}], ""order_mode"": ""REGULAR""}",,119.00,2026-05-11T23:36:07.473769+08:00,398
369,"{""id"": 397, ""slip_number"": ""9609285"", ""order_type"": ""DINE_IN"", ""payment_method"": ""CASH"", ""table_number"": ""1"", ""items_json"": [{""productId"": 9, ""name"": ""BBQ - Unli"", ""price"": 149, ""quantity"": 3, ""discount"": 0}, {""productId"": 10, ""name"": ""Leg - Unli"", ""price"": 159, ""quantity"": 3, ""discount"": 0}, {""productId"": 3, ""name"": ""Icetea - Icetea Pitcher"", ""price"": 129, ""quantity"": 1, ""discount"": 0}], ""order_mode"": ""REGULAR""}",,1053.00,2026-05-11T23:33:25.127159+08:00,397
368,"{""id"": 396, ""slip_number"": ""9609284"", ""order_type"": ""DINE_IN"", ""payment_method"": ""CASH"", ""table_number"": ""1"", ""items_json"": [{""productId"": 9, ""name"": ""BBQ - Unli"", ""price"": 149, ""quantity"": 1, ""discount"": 0}, {""productId"": 10, ""name"": ""Leg - Meal"", ""price"": 149, ""quantity"": 1, ""discount"": 0}, {""productId"": 7, ""name"": ""Pechopak - Unli"", ""price"": 179, ""quantity"": 2, ""discount"": 0}, {""productId"": 1, ""name"": ""Coke - 1.5"", ""price"": 120, ""quantity"": 1, ""discount"": 0}], ""order_mode"": ""REGULAR""}",,776.00,2026-05-11T22:32:06.416456+08:00,396
367,"{""id"": 395, ""slip_number"": ""9609283"", ""order_type"": ""DINE_IN"", ""payment_method"": ""CASH"", ""table_number"": ""4"", ""items_json"": [{""productId"": 10, ""name"": ""Leg - Unli"", ""price"": 159, ""quantity"": 1, ""discount"": 0}, {""productId"": 11, ""name"": ""Wings - Meal"", ""price"": 129, ""quantity"": 1, ""discount"": 0}, {""productId"": 5, ""name"": ""Sprite - Mismo"", ""price"": 25, ""quantity"": 1}], ""order_mode"": ""REGULAR""}",,313.00,2026-05-11T22:31:50.335249+08:00,395
366,"{""id"": 394, ""slip_number"": ""9609282"", ""order_type"": ""TAKE_OUT"", ""payment_method"": ""GCASH"", ""table_number"": ""3"", ""items_json"": [{""productId"": 10, ""name"": ""Leg - Meal"", ""price"": 149, ""quantity"": 1, ""discount"": 0}, {""productId"": 9, ""name"": ""BBQ - Meal"", ""price"": 139, ""quantity"": 1, ""discount"": 0}], ""order_mode"": ""REGULAR""}",,288.00,2026-05-11T22:02:03.790790+08:00,394
365,"{""id"": 393, ""slip_number"": ""9609281"", ""order_type"": ""DINE_IN"", ""payment_method"": ""CASH"", ""table_number"": ""1"", ""items_json"": [{""productId"": 10, ""name"": ""Leg - Unli"", ""price"": 159, ""quantity"": 2, ""discount"": 0}, {""productId"": 5, ""name"": ""Sprite - Mismo"", ""price"": 25, ""quantity"": 1, ""discount"": 0}], ""order_mode"": ""REGULAR""}",,343.00,2026-05-11T22:01:01.379109+08:00,393
364,"{""id"": 392, ""slip_number"": ""9609280"", ""order_type"": ""DINE_IN"", ""payment_method"": ""GCASH"", ""table_number"": ""5"", ""items_json"": [{""productId"": 7, ""name"": ""Pechopak - Only"", ""price"": 159, ""quantity"": 1, ""discount"": 0}, {""productId"": 8, ""name"": ""Liempo - Only"", ""price"": 179, ""quantity"": 1, ""discount"": 0}], ""order_mode"": ""REGULAR""}",,338.00,2026-05-11T21:46:36.666649+08:00,392
363,"{""id"": 391, ""slip_number"": ""9609279"", ""order_type"": ""DINE_IN"", ""payment_method"": ""CASH"", ""table_number"": ""1"", ""items_json"": [{""productId"": 7, ""name"": ""Pechopak - Unli"", ""price"": 179, ""quantity"": 1, ""discount"": 0}, {""productId"": 1, ""name"": ""Coke - Mismo"", ""price"": 25, ""quantity"": 1}], ""order_mode"": ""REGULAR""}",,204.00,2026-05-11T21:23:30.179653+08:00,391
362,"{""id"": 388, ""slip_number"": ""9609276"", ""order_type"": ""DINE_IN"", ""payment_method"": ""CASH"", ""table_number"": ""3"", ""items_json"": [{""productId"": 10, ""name"": ""Leg - Meal"", ""price"": 149, ""quantity"": 2, ""discount"": 0}, {""productId"": 10, ""name"": ""Leg - Unli"", ""price"": 159, ""quantity"": 2, ""discount"": 0}, {""productId"": 1, ""name"": ""Coke - Mismo"", ""price"": 25, ""quantity"": 3, ""discount"": 0}, {""productId"": 4, ""name"": ""Royal - Mismo"", ""price"": 25, ""quantity"": 1, ""discount"": 0}], ""order_mode"": ""REGULAR""}",,716.00,2026-05-11T21:00:00+08:00,388
361,"{""id"": 387, ""slip_number"": ""9609275"", ""order_type"": ""DINE_IN"", ""payment_method"": ""CASH"", ""table_number"": ""1"", ""items_json"": [{""productId"": 10, ""name"": ""Leg - Unli"", ""price"": 159, ""quantity"": 2, ""discount"": 0}, {""productId"": 3, ""name"": ""Icetea - Icetea Glass"", ""price"": 39, ""quantity"": 1, ""discount"": 0}], ""order_mode"": ""REGULAR""}",,357.00,2026-05-11T20:42:06.960082+08:00,387
360,"{""id"": 389, ""slip_number"": ""9609277"", ""order_type"": ""TAKE_OUT"", ""payment_method"": ""CASH"", ""table_number"": ""4"", ""items_json"": [{""productId"": 7, ""name"": ""Pechopak - Meal"", ""price"": 169, ""quantity"": 1, ""discount"": 0}, {""productId"": 2, ""name"": ""Rice - Extra"", ""price"": 20, ""quantity"": 1, ""discount"": 0}], ""order_mode"": ""REGULAR""}",,189.00,2026-05-11T20:41:13.352855+08:00,389
359,"{""id"": 384, ""slip_number"": ""9609272"", ""order_type"": ""DINE_IN"", ""payment_method"": ""CASH"", ""table_number"": ""3"", ""items_json"": [{""productId"": 10, ""name"": ""Leg - Unli"", ""price"": 159, ""quantity"": 2, ""discount"": 0}, {""productId"": 10, ""name"": ""Leg - Meal"", ""price"": 149, ""quantity"": 2, ""discount"": 0}, {""productId"": 3, ""name"": ""Icetea - Icetea Pitcher"", ""price"": 129, ""quantity"": 1, ""discount"": 0}], ""order_mode"": ""REGULAR""}",,745.00,2026-05-11T20:26:10.237993+08:00,384
358,"{""id"": 386, ""slip_number"": ""9609274"", ""order_type"": ""DINE_IN"", ""payment_method"": ""CASH"", ""table_number"": ""1"", ""items_json"": [{""productId"": 2, ""name"": ""Rice - Extra"", ""price"": 20, ""quantity"": 2, ""discount"": 0}], ""order_mode"": ""REGULAR""}",,40.00,2026-05-11T20:20:35.179664+08:00,386
357,"{""id"": 385, ""slip_number"": ""9609273"", ""order_type"": ""DINE_IN"", ""payment_method"": ""CASH"", ""table_number"": ""5"", ""items_json"": [{""productId"": 1, ""name"": ""Coke - Mismo"", ""price"": 25, ""quantity"": 1, ""discount"": 0}], ""order_mode"": ""REGULAR""}",,25.00,2026-05-11T20:15:11.860811+08:00,385
356,"{""id"": 383, ""slip_number"": ""9609271"", ""order_type"": ""DINE_IN"", ""payment_method"": ""CASH"", ""table_number"": ""4"", ""items_json"": [{""productId"": 10, ""name"": ""Leg - Meal"", ""price"": 149, ""quantity"": 1, ""discount"": 0}, {""productId"": 10, ""name"": ""Leg - Unli"", ""price"": 159, ""quantity"": 1, ""discount"": 0}], ""order_mode"": ""REGULAR""}",,308.00,2026-05-11T20:02:15.939498+08:00,383
355,"{""id"": 382, ""slip_number"": ""9609270"", ""order_type"": ""DINE_IN"", ""payment_method"": ""GCASH"", ""table_number"": ""1"", ""items_json"": [{""productId"": 10, ""name"": ""Leg - Unli"", ""price"": 159, ""quantity"": 2, ""discount"": 0}, {""productId"": 3, ""name"": ""Icetea - Icetea Pitcher"", ""price"": 129, ""quantity"": 1, ""discount"": 0}], ""order_mode"": ""REGULAR""}",,447.00,2026-05-11T19:49:15.520053+08:00,382
354,"{""id"": 381, ""slip_number"": ""9609269"", ""order_type"": ""DINE_IN"", ""payment_method"": ""CASH"", ""table_number"": ""3"", ""items_json"": [{""productId"": 9, ""name"": ""BBQ - Meal"", ""price"": 139, ""quantity"": 1, ""discount"": 0}], ""order_mode"": ""REGULAR""}",,139.00,2026-05-11T19:35:11.712930+08:00,381
353,"{""id"": 380, ""slip_number"": ""9609268"", ""order_type"": ""DINE_IN"", ""payment_method"": ""GCASH"", ""table_number"": ""3"", ""items_json"": [{""productId"": 11, ""name"": ""Wings - Meal"", ""price"": 129, ""quantity"": 2, ""discount"": 0}, {""productId"": 9, ""name"": ""BBQ - Unli"", ""price"": 149, ""quantity"": 1, ""discount"": 0}, {""productId"": 9, ""name"": ""BBQ - Meal"", ""price"": 139, ""quantity"": 1, ""discount"": 0}, {""productId"": 10, ""name"": ""Leg - Unli"", ""price"": 159, ""quantity"": 1, ""discount"": 0}, {""productId"": 10, ""name"": ""Leg - Meal"", ""price"": 149, ""quantity"": 2, ""discount"": 0}, {""productId"": 3, ""name"": ""Icetea - Icetea Pitcher"", ""price"": 129, ""quantity"": 1, ""discount"": 0}, {""productId"": 7, ""name"": ""Pechopak - Meal"", ""price"": 169, ""quantity"": 1}], ""order_mode"": ""REGULAR""}",,1301.00,2026-05-11T19:24:36.712193+08:00,380
352,"{""id"": 379, ""slip_number"": ""9609267"", ""order_type"": ""DINE_IN"", ""payment_method"": ""CASH"", ""table_number"": ""3"", ""items_json"": [{""productId"": 7, ""name"": ""Pechopak - Unli"", ""price"": 179, ""quantity"": 1, ""discount"": 0}, {""productId"": 10, ""name"": ""Leg - Unli"", ""price"": 159, ""quantity"": 1, ""discount"": 0}, {""productId"": 3, ""name"": ""Icetea - Icetea Glass"", ""price"": 39, ""quantity"": 1, ""discount"": 0}], ""order_mode"": ""REGULAR""}",,377.00,2026-05-11T18:40:15.890624+08:00,379
351,"{""id"": 378, ""slip_number"": ""9609266"", ""order_type"": ""TAKE_OUT"", ""payment_method"": ""GCASH"", ""table_number"": ""4"", ""items_json"": [{""productId"": 11, ""name"": ""Wings - Meal"", ""price"": 129, ""quantity"": 1, ""discount"": 0}], ""order_mode"": ""REGULAR""}",,129.00,2026-05-11T18:27:46.867923+08:00,378
350,"{""id"": 377, ""slip_number"": ""9609265"", ""order_type"": ""DINE_IN"", ""payment_method"": ""CASH"", ""table_number"": ""5"", ""items_json"": [{""productId"": 7, ""name"": ""Pechopak - Unli"", ""price"": 179, ""quantity"": 1, ""discount"": 0}, {""productId"": 8, ""name"": ""Liempo - Meal"", ""price"": 189, ""quantity"": 1, ""discount"": 0}, {""productId"": 11, ""name"": ""Wings - Meal"", ""price"": 129, ""quantity"": 1, ""discount"": 0}, {""productId"": 3, ""name"": ""Icetea - Icetea Glass"", ""price"": 39, ""quantity"": 1, ""discount"": 0}], ""order_mode"": ""REGULAR""}",,536.00,2026-05-11T18:27:41.881470+08:00,377
349,"{""id"": 376, ""slip_number"": ""9609264"", ""order_type"": ""PICK_UP"", ""payment_method"": ""CASH"", ""table_number"": """", ""items_json"": [{""productId"": 11, ""name"": ""Wings - Meal"", ""price"": 129, ""quantity"": 1, ""discount"": 0}, {""productId"": 7, ""name"": ""Pechopak - Meal"", ""price"": 169, ""quantity"": 1, ""discount"": 0}], ""order_mode"": ""REGULAR""}",,298.00,2026-05-11T18:24:42.056353+08:00,376
348,"{""id"": 375, ""slip_number"": ""9609263"", ""order_type"": ""DINE_IN"", ""payment_method"": ""CASH"", ""table_number"": ""2"", ""items_json"": [{""productId"": 3, ""name"": ""Icetea - Icetea Glass"", ""price"": 39, ""quantity"": 3, ""discount"": 0}], ""order_mode"": ""REGULAR""}",,117.00,2026-05-11T17:24:56.357542+08:00,375
347,"{""id"": 373, ""slip_number"": ""9609262"", ""order_type"": ""DINE_IN"", ""payment_method"": ""CASH"", ""table_number"": ""2"", ""items_json"": [{""productId"": 11, ""name"": ""Wings - Only"", ""price"": 119, ""quantity"": 3, ""discount"": 0}], ""order_mode"": ""REGULAR""}",,357.00,2026-05-11T17:12:15.696477+08:00,373
346,"{""id"": 371, ""slip_number"": ""9609261"", ""order_type"": ""DINE_IN"", ""payment_method"": ""GCASH"", ""table_number"": """", ""items_json"": [{""productId"": 3, ""name"": ""Icetea - Icetea Glass"", ""price"": 39, ""quantity"": 1, ""discount"": 0}], ""order_mode"": ""REGULAR""}",,39.00,2026-05-11T16:00:56.744455+08:00,371
343,"{""id"": 368, ""slip_number"": ""9609258"", ""order_type"": ""DINE_IN"", ""payment_method"": ""CASH"", ""table_number"": ""2"", ""items_json"": [{""productId"": 9, ""name"": ""BBQ - Meal"", ""price"": 139, ""quantity"": 1, ""discount"": 0}, {""productId"": 8, ""name"": ""Liempo - Unli"", ""price"": 199, ""quantity"": 1, ""discount"": 0}, {""productId"": 3, ""name"": ""Icetea - Icetea Glass"", ""price"": 39, ""quantity"": 1, ""discount"": 0}], ""order_mode"": ""REGULAR""}",,377.00,2026-05-11T15:19:41.358976+08:00,368
342,"{""id"": 366, ""slip_number"": ""9609256"", ""order_type"": ""DINE_IN"", ""payment_method"": ""GCASH"", ""table_number"": ""5"", ""items_json"": [{""productId"": 7, ""name"": ""Pechopak - Unli"", ""price"": 179, ""quantity"": 1, ""discount"": 0}, {""productId"": 8, ""name"": ""Liempo - Unli"", ""price"": 199, ""quantity"": 1, ""discount"": 0}, {""productId"": 4, ""name"": ""Royal - 1.5"", ""price"": 120, ""quantity"": 1, ""discount"": 0}], ""order_mode"": ""REGULAR""}",,498.00,2026-05-11T13:36:54.500413+08:00,366
341,"{""id"": 367, ""slip_number"": ""9609257"", ""order_type"": ""DINE_IN"", ""payment_method"": ""CASH"", ""table_number"": ""2"", ""items_json"": [{""productId"": 11, ""name"": ""Wings - Unli"", ""price"": 139, ""quantity"": 1, ""discount"": 0}, {""productId"": 9, ""name"": ""BBQ - Unli"", ""price"": 149, ""quantity"": 1, ""discount"": 0}], ""order_mode"": ""REGULAR""}",,288.00,2026-05-11T13:36:53.296468+08:00,367
345,"{""id"": 370, ""slip_number"": ""9609255"", ""order_type"": ""DINE_IN"", ""payment_method"": ""CASH"", ""table_number"": """", ""items_json"": [{""productId"": 9, ""name"": ""BBQ - Meal"", ""price"": 139, ""quantity"": 1, ""discount"": 0}], ""order_mode"": ""REGULAR""}",,139.00,2026-05-11T11:23:00+08:00,370
344,"{""id"": 369, ""slip_number"": ""9609254"", ""order_type"": ""DELIVERY"", ""payment_method"": ""CASH"", ""table_number"": """", ""items_json"": [{""productId"": -1, ""name"": ""Delivery Fee"", ""price"": 30, ""quantity"": 1, ""discount"": 0}, {""productId"": 10, ""name"": ""Leg - Unli"", ""price"": 159, ""quantity"": 1, ""discount"": 0}, {""productId"": 8, ""name"": ""Liempo - Meal"", ""price"": 189, ""quantity"": 3, ""discount"": 0}], ""order_mode"": ""REGULAR""}",,756.00,2026-05-11T11:13:00+08:00,369
335,"{""id"": 356, ""slip_number"": ""9609252"", ""order_type"": ""DINE_IN"", ""payment_method"": ""CASH"", ""table_number"": ""2"", ""items_json"": [{""productId"": 10, ""name"": ""Leg - Unli"", ""price"": 159, ""quantity"": 1, ""discount"": 0}, {""productId"": 9, ""name"": ""BBQ - Unli"", ""price"": 149, ""quantity"": 1, ""discount"": 0}], ""order_mode"": ""REGULAR""}",,308.00,2026-05-10T22:47:01.099869+08:00,356
334,"{""id"": 357, ""slip_number"": ""9609253"", ""order_type"": ""TAKE_OUT"", ""payment_method"": ""CASH"", ""table_number"": ""4"", ""items_json"": [{""productId"": 10, ""name"": ""Leg - Meal"", ""price"": 149, ""quantity"": 1, ""discount"": 0}], ""order_mode"": ""REGULAR""}",,149.00,2026-05-10T22:46:59.199411+08:00,357
333,"{""id"": 355, ""slip_number"": ""9609251"", ""order_type"": ""DINE_IN"", ""payment_method"": ""CASH"", ""table_number"": """", ""items_json"": [{""productId"": 10, ""name"": ""Leg - Unli"", ""price"": 159, ""quantity"": 1, ""discount"": 0}, {""productId"": 7, ""name"": ""Pechopak - Unli"", ""price"": 179, ""quantity"": 1, ""discount"": 0}, {""productId"": 3, ""name"": ""Icetea - Icetea Glass"", ""price"": 39, ""quantity"": 1, ""discount"": 0}], ""order_mode"": ""REGULAR""}",,377.00,2026-05-10T22:28:00+08:00,355
332,"{""id"": 353, ""slip_number"": ""9609249"", ""order_type"": ""DINE_IN"", ""payment_method"": ""CASH"", ""table_number"": ""1"", ""items_json"": [{""productId"": 10, ""name"": ""Leg - Unli"", ""price"": 159, ""quantity"": 1, ""discount"": 0}, {""productId"": 9, ""name"": ""BBQ - Meal"", ""price"": 139, ""quantity"": 1, ""discount"": 0}, {""productId"": 9, ""name"": ""BBQ - Unli"", ""price"": 149, ""quantity"": 1, ""discount"": 0}], ""order_mode"": ""REGULAR""}",,447.00,2026-05-10T22:09:50.415820+08:00,353
331,"{""id"": 354, ""slip_number"": ""9609250"", ""order_type"": ""TAKE_OUT"", ""payment_method"": ""GCASH"", ""table_number"": """", ""items_json"": [{""productId"": 7, ""name"": ""Pechopak - Meal"", ""price"": 169, ""quantity"": 1, ""discount"": 0}, {""productId"": 9, ""name"": ""BBQ - Meal"", ""price"": 139, ""quantity"": 1, ""discount"": 0}], ""order_mode"": ""REGULAR""}",,308.00,2026-05-10T21:59:49.676932+08:00,354
330,"{""id"": 352, ""slip_number"": ""9609248"", ""order_type"": ""DINE_IN"", ""payment_method"": ""CASH"", ""table_number"": ""2"", ""items_json"": [{""productId"": 8, ""name"": ""Liempo - Meal"", ""price"": 189, ""quantity"": 1, ""discount"": 20}, {""productId"": 8, ""name"": ""Liempo - Meal"", ""price"": 189, ""quantity"": 1, ""discount"": 20}, {""productId"": 8, ""name"": ""Liempo - Unli"", ""price"": 199, ""quantity"": 1, ""discount"": 0}, {""productId"": 1, ""name"": ""Coke - 1.5"", ""price"": 120, ""quantity"": 1, ""discount"": 0}], ""order_mode"": ""REGULAR""}",,621.40,2026-05-10T21:51:30.748504+08:00,352
329,"{""id"": 351, ""slip_number"": ""9609247"", ""order_type"": ""DINE_IN"", ""payment_method"": ""CASH"", ""table_number"": ""4"", ""items_json"": [{""productId"": 10, ""name"": ""Leg - Unli"", ""price"": 159, ""quantity"": 4, ""discount"": 0}, {""productId"": 10, ""name"": ""Leg - Unli"", ""price"": 159, ""quantity"": 1, ""discount"": 20}, {""productId"": 10, ""name"": ""Leg - Unli"", ""price"": 159, ""quantity"": 1, ""discount"": 20}, {""productId"": 1, ""name"": ""Coke - 1.5"", ""price"": 120, ""quantity"": 1, ""discount"": 0}], ""order_mode"": ""REGULAR""}",,1010.40,2026-05-10T21:51:25.388354+08:00,351
328,"{""id"": 350, ""slip_number"": ""9609246"", ""order_type"": ""DINE_IN"", ""payment_method"": ""CASH"", ""table_number"": ""5"", ""items_json"": [{""productId"": 9, ""name"": ""BBQ - Meal"", ""price"": 139, ""quantity"": 1, ""discount"": 0}, {""productId"": 10, ""name"": ""Leg - Meal"", ""price"": 149, ""quantity"": 2, ""discount"": 0}, {""productId"": 7, ""name"": ""Pechopak - Meal"", ""price"": 169, ""quantity"": 1, ""discount"": 0}], ""order_mode"": ""REGULAR""}",,606.00,2026-05-10T21:30:42.483481+08:00,350
327,"{""id"": 349, ""slip_number"": ""9609245"", ""order_type"": ""DINE_IN"", ""payment_method"": ""CASH"", ""table_number"": ""1"", ""items_json"": [{""productId"": 10, ""name"": ""Leg - Meal"", ""price"": 149, ""quantity"": 1, ""discount"": 0}, {""productId"": 3, ""name"": ""Icetea - Icetea Pitcher"", ""price"": 129, ""quantity"": 1, ""discount"": 0}, {""productId"": 10, ""name"": ""Leg - Unli"", ""price"": 159, ""quantity"": 5}], ""order_mode"": ""REGULAR""}",,1073.00,2026-05-10T21:30:39.410798+08:00,349
326,"{""id"": 348, ""slip_number"": ""9609244"", ""order_type"": ""DINE_IN"", ""payment_method"": ""CASH"", ""table_number"": ""3"", ""items_json"": [{""productId"": 10, ""name"": ""Leg - Unli"", ""price"": 159, ""quantity"": 2, ""discount"": 0}, {""productId"": 8, ""name"": ""Liempo - Unli"", ""price"": 199, ""quantity"": 1, ""discount"": 0}, {""productId"": 9, ""name"": ""BBQ - Unli"", ""price"": 149, ""quantity"": 1, ""discount"": 0}, {""productId"": 3, ""name"": ""Icetea - Icetea Glass"", ""price"": 39, ""quantity"": 3, ""discount"": 0}], ""order_mode"": ""REGULAR""}",,783.00,2026-05-10T20:40:09.249055+08:00,348
325,"{""id"": 347, ""slip_number"": ""9609243"", ""order_type"": ""DINE_IN"", ""payment_method"": ""CASH"", ""table_number"": ""1"", ""items_json"": [{""productId"": 1, ""name"": ""Coke - 1.5"", ""price"": 120, ""quantity"": 1, ""discount"": 0}], ""order_mode"": ""REGULAR""}",,120.00,2026-05-10T20:33:13.541004+08:00,347
324,"{""id"": 346, ""slip_number"": ""9609242"", ""order_type"": ""TAKE_OUT"", ""payment_method"": ""CASH"", ""table_number"": ""1"", ""items_json"": [{""productId"": 7, ""name"": ""Pechopak - Meal"", ""price"": 169, ""quantity"": 1, ""discount"": 0}], ""order_mode"": ""REGULAR""}",,169.00,2026-05-10T20:32:55.556990+08:00,346
336,"{""id"": 358, ""slip_number"": ""9609241"", ""order_type"": ""DINE_IN"", ""payment_method"": ""CASH"", ""table_number"": """", ""items_json"": [{""productId"": 7, ""name"": ""Pechopak - Meal"", ""price"": 169, ""quantity"": 1, ""discount"": 0}], ""order_mode"": ""REGULAR""}",,169.00,2026-05-10T20:23:00+08:00,358
322,"{""id"": 344, ""slip_number"": ""9609240"", ""order_type"": ""TAKE_OUT"", ""payment_method"": ""GCASH"", ""table_number"": ""4"", ""items_json"": [{""productId"": 7, ""name"": ""Pechopak - Only"", ""price"": 159, ""quantity"": 2, ""discount"": 0}, {""productId"": 8, ""name"": ""Liempo - Only"", ""price"": 179, ""quantity"": 1, ""discount"": 0}, {""productId"": 9, ""name"": ""BBQ - Only"", ""price"": 129, ""quantity"": 1, ""discount"": 0}], ""order_mode"": ""REGULAR""}",,626.00,2026-05-10T20:20:20.697180+08:00,344
321,"{""id"": 343, ""slip_number"": ""9609239"", ""order_type"": ""DINE_IN"", ""payment_method"": ""CASH"", ""table_number"": ""1"", ""items_json"": [{""productId"": 7, ""name"": ""Pechopak - Meal"", ""price"": 169, ""quantity"": 2, ""discount"": 0}, {""productId"": 7, ""name"": ""Pechopak - Unli"", ""price"": 179, ""quantity"": 2, ""discount"": 0}, {""productId"": 8, ""name"": ""Liempo - Unli"", ""price"": 199, ""quantity"": 1, ""discount"": 0}], ""order_mode"": ""REGULAR""}",,895.00,2026-05-10T19:57:15.643091+08:00,343
319,"{""id"": 340, ""slip_number"": ""9609237"", ""order_type"": ""DINE_IN"", ""payment_method"": ""CASH"", ""table_number"": ""5"", ""items_json"": [{""productId"": 7, ""name"": ""Pechopak - Unli"", ""price"": 179, ""quantity"": 3, ""discount"": 0}, {""productId"": 8, ""name"": ""Liempo - Unli"", ""price"": 199, ""quantity"": 2, ""discount"": 0}, {""productId"": 1, ""name"": ""Coke - Mismo"", ""price"": 25, ""quantity"": 3, ""discount"": 0}], ""order_mode"": ""REGULAR""}",,1010.00,2026-05-10T19:35:53.327824+08:00,340
318,"{""id"": 339, ""slip_number"": ""9609236"", ""order_type"": ""DINE_IN"", ""payment_method"": ""CASH"", ""table_number"": ""3"", ""items_json"": [{""productId"": 8, ""name"": ""Liempo - Unli"", ""price"": 199, ""quantity"": 2, ""discount"": 0}, {""productId"": 10, ""name"": ""Leg - Meal"", ""price"": 149, ""quantity"": 1, ""discount"": 0}, {""productId"": 7, ""name"": ""Pechopak - Meal"", ""price"": 169, ""quantity"": 1, ""discount"": 0}, {""productId"": 7, ""name"": ""Pechopak - Unli"", ""price"": 179, ""quantity"": 1, ""discount"": 0}, {""productId"": 3, ""name"": ""Icetea - Icetea Pitcher"", ""price"": 129, ""quantity"": 1, ""discount"": 0}], ""order_mode"": ""REGULAR""}",,1024.00,2026-05-10T19:35:00+08:00,339
317,"{""id"": 338, ""slip_number"": ""9609235"", ""order_type"": ""TAKE_OUT"", ""payment_method"": ""CASH"", ""table_number"": ""3"", ""items_json"": [{""productId"": 7, ""name"": ""Pechopak - Only"", ""price"": 159, ""quantity"": 1, ""discount"": 0}], ""order_mode"": ""REGULAR""}",,159.00,2026-05-10T18:59:21.620139+08:00,338
316,"{""id"": 337, ""slip_number"": ""9609234"", ""order_type"": ""DINE_IN"", ""payment_method"": ""CASH"", ""table_number"": ""1"", ""items_json"": [{""productId"": 7, ""name"": ""Pechopak - Meal"", ""price"": 169, ""quantity"": 3, ""discount"": 0}], ""order_mode"": ""REGULAR""}",,507.00,2026-05-10T18:50:16.969752+08:00,337
315,"{""id"": 336, ""slip_number"": ""9609233"", ""order_type"": ""DINE_IN"", ""payment_method"": ""CASH"", ""table_number"": ""4"", ""items_json"": [{""productId"": 7, ""name"": ""Pechopak - Unli"", ""price"": 179, ""quantity"": 3, ""discount"": 0}, {""productId"": 3, ""name"": ""Icetea - Icetea Glass"", ""price"": 39, ""quantity"": 3, ""discount"": 0}], ""order_mode"": ""REGULAR""}",,654.00,2026-05-10T18:32:54.924675+08:00,336
314,"{""id"": 335, ""slip_number"": ""9609232"", ""order_type"": ""DINE_IN"", ""payment_method"": ""CASH"", ""table_number"": ""4"", ""items_json"": [{""productId"": 7, ""name"": ""Pechopak - Meal"", ""price"": 169, ""quantity"": 1, ""discount"": 0}, {""productId"": 1, ""name"": ""Coke - Mismo"", ""price"": 25, ""quantity"": 1, ""discount"": 0}], ""order_mode"": ""REGULAR""}",,194.00,2026-05-10T18:00:45.967967+08:00,335
313,"{""id"": 334, ""slip_number"": ""9609231"", ""order_type"": ""DINE_IN"", ""payment_method"": ""CASH"", ""table_number"": """", ""items_json"": [{""productId"": 7, ""name"": ""Pechopak - Only"", ""price"": 159, ""quantity"": 2, ""discount"": 0}, {""productId"": 9, ""name"": ""BBQ - Only"", ""price"": 129, ""quantity"": 1, ""discount"": 0}], ""order_mode"": ""REGULAR""}",,447.00,2026-05-10T17:48:39.679209+08:00,334
312,"{""id"": 333, ""slip_number"": ""9609230"", ""order_type"": ""DINE_IN"", ""payment_method"": ""CASH"", ""table_number"": ""1"", ""items_json"": [{""productId"": 7, ""name"": ""Pechopak - Meal"", ""price"": 169, ""quantity"": 3, ""discount"": 0}, {""productId"": 11, ""name"": ""Wings - Meal"", ""price"": 129, ""quantity"": 1, ""discount"": 0}], ""order_mode"": ""REGULAR""}",,636.00,2026-05-10T17:09:32.127783+08:00,333
311,"{""id"": 332, ""slip_number"": ""9609229"", ""order_type"": ""DINE_IN"", ""payment_method"": ""CASH"", ""table_number"": """", ""items_json"": [{""productId"": 10, ""name"": ""Leg - Unli"", ""price"": 159, ""quantity"": 1, ""discount"": 0}, {""productId"": 10, ""name"": ""Leg - Meal"", ""price"": 149, ""quantity"": 1, ""discount"": 0}], ""order_mode"": ""REGULAR""}",,308.00,2026-05-10T14:09:27.206663+08:00,332
310,"{""id"": 331, ""slip_number"": ""9609228"", ""order_type"": ""DINE_IN"", ""payment_method"": ""GCASH"", ""table_number"": ""1"", ""items_json"": [{""productId"": 8, ""name"": ""Liempo - Unli"", ""price"": 199, ""quantity"": 1, ""discount"": 0}, {""productId"": 10, ""name"": ""Leg - Unli"", ""price"": 159, ""quantity"": 1, ""discount"": 0}], ""order_mode"": ""REGULAR""}",,358.00,2026-05-10T13:48:50.634329+08:00,331
309,"{""id"": 330, ""slip_number"": ""9609227"", ""order_type"": ""DINE_IN"", ""payment_method"": ""CASH"", ""table_number"": ""2"", ""items_json"": [{""productId"": 1, ""name"": ""Coke - Mismo"", ""price"": 25, ""quantity"": 1, ""discount"": 0}, {""productId"": 3, ""name"": ""Icetea - Icetea Glass"", ""price"": 39, ""quantity"": 1, ""discount"": 0}, {""productId"": 7, ""name"": ""Pechopak - Unli"", ""price"": 179, ""quantity"": 2, ""discount"": 0}, {""productId"": 7, ""name"": ""Pechopak - Only"", ""price"": 159, ""quantity"": 3, ""discount"": 0}, {""productId"": 10, ""name"": ""Leg - Meal"", ""price"": 149, ""quantity"": 1, ""discount"": 0}], ""order_mode"": ""REGULAR""}",,1048.00,2026-05-10T12:34:31.371542+08:00,330
308,"{""id"": 329, ""slip_number"": ""9609226"", ""order_type"": ""DINE_IN"", ""payment_method"": ""CASH"", ""table_number"": ""1"", ""items_json"": [{""productId"": 10, ""name"": ""Leg - Meal"", ""price"": 149, ""quantity"": 1, ""discount"": 0}, {""productId"": 7, ""name"": ""Pechopak - Meal"", ""price"": 169, ""quantity"": 2, ""discount"": 0}, {""productId"": 7, ""name"": ""Pechopak - Unli"", ""price"": 179, ""quantity"": 1, ""discount"": 0}, {""productId"": 9, ""name"": ""BBQ - Meal"", ""price"": 139, ""quantity"": 1, ""discount"": 0}], ""order_mode"": ""REGULAR""}",,805.00,2026-05-10T12:28:30.377317+08:00,329
307,"{""id"": 328, ""slip_number"": ""9609225"", ""order_type"": ""DINE_IN"", ""payment_method"": ""CASH"", ""table_number"": ""5"", ""items_json"": [{""productId"": 1, ""name"": ""Coke - Mismo"", ""price"": 25, ""quantity"": 1, ""discount"": 0}], ""order_mode"": ""REGULAR""}",,25.00,2026-05-10T12:04:25.765535+08:00,328
306,"{""id"": 327, ""slip_number"": ""9609224"", ""order_type"": ""DINE_IN"", ""payment_method"": ""CASH"", ""table_number"": ""5"", ""items_json"": [{""productId"": 7, ""name"": ""Pechopak - Unli"", ""price"": 179, ""quantity"": 2, ""discount"": 0}], ""order_mode"": ""REGULAR""}",,358.00,2026-05-10T11:38:29.082963+08:00,327
305,"{""id"": 326, ""slip_number"": ""9609223"", ""order_type"": ""DINE_IN"", ""payment_method"": ""CASH"", ""table_number"": ""2"", ""items_json"": [{""productId"": 8, ""name"": ""Liempo - Unli"", ""price"": 199, ""quantity"": 1, ""discount"": 0}, {""productId"": 7, ""name"": ""Pechopak - Unli"", ""price"": 179, ""quantity"": 1, ""discount"": 0}], ""order_mode"": ""REGULAR""}",,378.00,2026-05-10T11:38:23.658029+08:00,326
304,"{""id"": 325, ""slip_number"": ""9609222"", ""order_type"": ""DINE_IN"", ""payment_method"": ""CASH"", ""table_number"": ""2"", ""items_json"": [{""productId"": 7, ""name"": ""Pechopak - Only"", ""price"": 159, ""quantity"": 1, ""discount"": 0}], ""order_mode"": ""REGULAR""}",,159.00,2026-05-10T11:29:06.403914+08:00,325
303,"{""id"": 324, ""slip_number"": ""9609221"", ""order_type"": ""DINE_IN"", ""payment_method"": ""CASH"", ""table_number"": ""1"", ""items_json"": [{""productId"": 8, ""name"": ""Liempo - Unli"", ""price"": 199, ""quantity"": 1, ""discount"": 0}, {""productId"": 9, ""name"": ""BBQ - Meal"", ""price"": 139, ""quantity"": 1, ""discount"": 0}], ""order_mode"": ""REGULAR""}",,338.00,2026-05-10T11:27:53.235225+08:00,324
122,"{""id"": 143, ""slip_number"": ""9404931"", ""order_type"": ""DINE_IN"", ""payment_method"": ""CASH"", ""table_number"": ""1"", ""items_json"": [{""productId"": 9, ""name"": ""BBQ - Meal"", ""price"": 139, ""quantity"": 1, ""discount"": 0}, {""productId"": 8, ""name"": ""Liempo - Unli"", ""price"": 199, ""quantity"": 1, ""discount"": 0}, {""productId"": 1, ""name"": ""Coke - Mismo"", ""price"": 25, ""quantity"": 2, ""discount"": 0}], ""order_mode"": ""REGULAR""}",,388.00,2026-05-09T23:37:43.659659+08:00,143
121,"{""id"": 141, ""slip_number"": ""9404929"", ""order_type"": ""DINE_IN"", ""payment_method"": ""GCASH"", ""table_number"": ""4"", ""items_json"": [{""productId"": 8, ""name"": ""Liempo - Unli"", ""price"": 199, ""quantity"": 1, ""discount"": 0}, {""productId"": 3, ""name"": ""Icetea - Icetea Glass"", ""price"": 39, ""quantity"": 1, ""discount"": 0}], ""order_mode"": ""REGULAR""}",,238.00,2026-05-09T23:13:09.100031+08:00,141
120,"{""id"": 142, ""slip_number"": ""9404930"", ""order_type"": ""DINE_IN"", ""payment_method"": ""CASH"", ""table_number"": ""3"", ""items_json"": [{""productId"": 10, ""name"": ""Leg - Unli"", ""price"": 159, ""quantity"": 2, ""discount"": 0}], ""order_mode"": ""REGULAR""}",,318.00,2026-05-09T23:13:03.134696+08:00,142
119,"{""id"": 140, ""slip_number"": ""9404928"", ""order_type"": ""DINE_IN"", ""payment_method"": ""GCASH"", ""table_number"": ""1"", ""items_json"": [{""productId"": 7, ""name"": ""Pechopak - Unli"", ""price"": 179, ""quantity"": 3, ""discount"": 0}, {""productId"": 1, ""name"": ""Coke - 1.5"", ""price"": 120, ""quantity"": 1, ""discount"": 0}], ""order_mode"": ""REGULAR""}",,657.00,2026-05-09T22:54:26.914179+08:00,140
118,"{""id"": 139, ""slip_number"": ""9404927"", ""order_type"": ""DINE_IN"", ""payment_method"": ""CASH"", ""table_number"": ""3"", ""items_json"": [{""productId"": 10, ""name"": ""Leg - Unli"", ""price"": 159, ""quantity"": 1, ""discount"": 0}, {""productId"": 7, ""name"": ""Pechopak - Unli"", ""price"": 179, ""quantity"": 2, ""discount"": 0}], ""order_mode"": ""REGULAR""}",,517.00,2026-05-09T22:09:46.546092+08:00,139
117,"{""id"": 136, ""slip_number"": ""9404924"", ""order_type"": ""DINE_IN"", ""payment_method"": ""CASH"", ""table_number"": ""4"", ""items_json"": [{""productId"": 10, ""name"": ""Leg - Unli"", ""price"": 159, ""quantity"": 1, ""discount"": 0}, {""productId"": 9, ""name"": ""BBQ - Meal"", ""price"": 139, ""quantity"": 1, ""discount"": 0}, {""productId"": 3, ""name"": ""Icetea - Icetea Glass"", ""price"": 39, ""quantity"": 2, ""discount"": 0}], ""order_mode"": ""REGULAR""}",,376.00,2026-05-09T21:50:21.513639+08:00,136
116,"{""id"": 137, ""slip_number"": ""9404925"", ""order_type"": ""TAKE_OUT"", ""payment_method"": ""CASH"", ""table_number"": ""3"", ""items_json"": [{""productId"": 10, ""name"": ""Leg - Meal"", ""price"": 149, ""quantity"": 1, ""discount"": 0}], ""order_mode"": ""REGULAR""}",,149.00,2026-05-09T21:50:20.384997+08:00,137
115,"{""id"": 138, ""slip_number"": ""9404926"", ""order_type"": ""TAKE_OUT"", ""payment_method"": ""CASH"", ""table_number"": ""3"", ""items_json"": [{""productId"": 10, ""name"": ""Leg - Meal"", ""price"": 149, ""quantity"": 1, ""discount"": 0}], ""order_mode"": ""REGULAR""}",,149.00,2026-05-09T21:50:18.961688+08:00,138
114,"{""id"": 135, ""slip_number"": ""9404923"", ""order_type"": ""DINE_IN"", ""payment_method"": ""CASH"", ""table_number"": ""1"", ""items_json"": [{""productId"": 10, ""name"": ""Leg - Unli"", ""price"": 159, ""quantity"": 1, ""discount"": 0}], ""order_mode"": ""REGULAR""}",,159.00,2026-05-09T21:28:11.636843+08:00,135
113,"{""id"": 134, ""slip_number"": ""9404922"", ""order_type"": ""DINE_IN"", ""payment_method"": ""CASH"", ""table_number"": ""5"", ""items_json"": [{""productId"": 10, ""name"": ""Leg - Unli"", ""price"": 159, ""quantity"": 1, ""discount"": 0}, {""productId"": 7, ""name"": ""Pechopak - Unli"", ""price"": 179, ""quantity"": 1, ""discount"": 0}, {""productId"": 9, ""name"": ""BBQ - Meal"", ""price"": 139, ""quantity"": 1, ""discount"": 0}, {""productId"": 11, ""name"": ""Wings - Meal"", ""price"": 129, ""quantity"": 1, ""discount"": 0}, {""productId"": 3, ""name"": ""Icetea - Icetea Pitcher"", ""price"": 129, ""quantity"": 1, ""discount"": 0}], ""order_mode"": ""REGULAR""}",,735.00,2026-05-09T21:28:07.570659+08:00,134
112,"{""id"": 133, ""slip_number"": ""9404921"", ""order_type"": ""DINE_IN"", ""payment_method"": ""CASH"", ""table_number"": ""5"", ""items_json"": [{""productId"": 7, ""name"": ""Pechopak - Unli"", ""price"": 179, ""quantity"": 1, ""discount"": 0}, {""productId"": 5, ""name"": ""Sprite - Mismo"", ""price"": 25, ""quantity"": 1, ""discount"": 0}], ""order_mode"": ""REGULAR""}",,204.00,2026-05-09T20:33:44.873539+08:00,133
111,"{""id"": 132, ""slip_number"": ""9404920"", ""order_type"": ""DINE_IN"", ""payment_method"": ""CASH"", ""table_number"": ""3"", ""items_json"": [{""productId"": 10, ""name"": ""Leg - Unli"", ""price"": 159, ""quantity"": 2, ""discount"": 0}, {""productId"": 3, ""name"": ""Icetea - Icetea Glass"", ""price"": 39, ""quantity"": 1, ""discount"": 0}, {""productId"": 1, ""name"": ""Coke - Mismo"", ""price"": 25, ""quantity"": 1, ""discount"": 0}], ""order_mode"": ""REGULAR""}",,382.00,2026-05-09T20:21:12.830009+08:00,132
110,"{""id"": 131, ""slip_number"": ""9404919"", ""order_type"": ""TAKE_OUT"", ""payment_method"": ""CASH"", ""table_number"": ""4"", ""items_json"": [{""productId"": 7, ""name"": ""Pechopak - Meal"", ""price"": 169, ""quantity"": 1, ""discount"": 0}], ""order_mode"": ""REGULAR""}",,169.00,2026-05-09T20:21:08.198124+08:00,131
109,"{""id"": 130, ""slip_number"": ""9404918"", ""order_type"": ""TAKE_OUT"", ""payment_method"": ""CASH"", ""table_number"": ""4"", ""items_json"": [{""productId"": 7, ""name"": ""Pechopak - Unli"", ""price"": 179, ""quantity"": 1, ""discount"": 0}], ""order_mode"": ""REGULAR""}",,179.00,2026-05-09T20:21:06.641791+08:00,130
108,"{""id"": 129, ""slip_number"": ""9404917"", ""order_type"": ""DINE_IN"", ""payment_method"": ""CASH"", ""table_number"": ""3"", ""items_json"": [{""productId"": 10, ""name"": ""Leg - Unli"", ""price"": 159, ""quantity"": 2, ""discount"": 0}, {""productId"": 3, ""name"": ""Icetea - Icetea Glass"", ""price"": 39, ""quantity"": 1, ""discount"": 0}], ""order_mode"": ""REGULAR""}",,357.00,2026-05-09T19:54:30.411259+08:00,129
107,"{""id"": 127, ""slip_number"": ""9404915"", ""order_type"": ""DINE_IN"", ""payment_method"": ""CASH"", ""table_number"": ""5"", ""items_json"": [{""productId"": 10, ""name"": ""Leg - Unli"", ""price"": 159, ""quantity"": 1, ""discount"": 0}, {""productId"": 11, ""name"": ""Wings - Meal"", ""price"": 129, ""quantity"": 1, ""discount"": 0}, {""productId"": 5, ""name"": ""Sprite - Mismo"", ""price"": 25, ""quantity"": 2, ""discount"": 0}], ""order_mode"": ""REGULAR""}",,338.00,2026-05-09T19:46:31.154796+08:00,127
106,"{""id"": 128, ""slip_number"": ""9404916"", ""order_type"": ""DINE_IN"", ""payment_method"": ""GCASH"", ""table_number"": ""1"", ""items_json"": [{""productId"": 7, ""name"": ""Pechopak - Unli"", ""price"": 179, ""quantity"": 4, ""discount"": 0}, {""productId"": 7, ""name"": ""Pechopak - Meal"", ""price"": 169, ""quantity"": 1, ""discount"": 0}, {""productId"": 3, ""name"": ""Icetea - Icetea Glass"", ""price"": 39, ""quantity"": 5, ""discount"": 0}], ""order_mode"": ""REGULAR""}",,1080.00,2026-05-09T19:46:29.023656+08:00,128
105,"{""id"": 126, ""slip_number"": ""9404914"", ""order_type"": ""DINE_IN"", ""payment_method"": ""GCASH"", ""table_number"": ""4"", ""items_json"": [{""productId"": 7, ""name"": ""Pechopak - Unli"", ""price"": 179, ""quantity"": 1, ""discount"": 0}, {""productId"": 3, ""name"": ""Icetea - Icetea Glass"", ""price"": 39, ""quantity"": 1, ""discount"": 0}], ""order_mode"": ""REGULAR""}",,218.00,2026-05-09T19:26:26.451653+08:00,126
104,"{""id"": 125, ""slip_number"": ""9404913"", ""order_type"": ""TAKE_OUT"", ""payment_method"": ""CASH"", ""table_number"": ""3"", ""items_json"": [{""productId"": 11, ""name"": ""Wings - Meal"", ""price"": 129, ""quantity"": 1, ""discount"": 0}], ""order_mode"": ""REGULAR""}",,129.00,2026-05-09T19:20:40.061888+08:00,125
103,"{""id"": 123, ""slip_number"": ""9404911"", ""order_type"": ""DINE_IN"", ""payment_method"": ""CASH"", ""table_number"": ""3"", ""items_json"": [{""productId"": 10, ""name"": ""Leg - Unli"", ""price"": 159, ""quantity"": 1, ""discount"": 0}, {""productId"": 8, ""name"": ""Liempo - Unli"", ""price"": 199, ""quantity"": 1, ""discount"": 0}, {""productId"": 3, ""name"": ""Icetea - Icetea Glass"", ""price"": 39, ""quantity"": 1, ""discount"": 0}], ""order_mode"": ""REGULAR""}",,397.00,2026-05-09T18:53:04.548400+08:00,123
102,"{""id"": 121, ""slip_number"": ""9404909"", ""order_type"": ""TAKE_OUT"", ""payment_method"": ""GCASH"", ""table_number"": ""1"", ""items_json"": [{""productId"": 7, ""name"": ""Pechopak - Unli"", ""price"": 179, ""quantity"": 1, ""discount"": 0}], ""order_mode"": ""REGULAR""}",,179.00,2026-05-09T16:56:06.151862+08:00,121
101,"{""id"": 122, ""slip_number"": ""9404910"", ""order_type"": ""DINE_IN"", ""payment_method"": ""CASH"", ""table_number"": """", ""items_json"": [{""productId"": 4, ""name"": ""Royal - Mismo"", ""price"": 25, ""quantity"": 1, ""discount"": 0}, {""productId"": 12, ""name"": ""Water - Bottled"", ""price"": 20, ""quantity"": 1, ""discount"": 0}], ""order_mode"": ""REGULAR""}",,45.00,2026-05-09T16:56:04.649762+08:00,122
100,"{""id"": 120, ""slip_number"": ""9404908"", ""order_type"": ""DINE_IN"", ""payment_method"": ""GCASH"", ""table_number"": ""3"", ""items_json"": [{""productId"": 7, ""name"": ""Pechopak - Unli"", ""price"": 179, ""quantity"": 1, ""discount"": 0}, {""productId"": 4, ""name"": ""Royal - Mismo"", ""price"": 25, ""quantity"": 1, ""discount"": 0}], ""order_mode"": ""REGULAR""}",,204.00,2026-05-09T16:33:00+08:00,120
99,"{""id"": 119, ""slip_number"": ""9404907"", ""order_type"": ""TAKE_OUT"", ""payment_method"": ""GCASH"", ""table_number"": """", ""items_json"": [{""productId"": 7, ""name"": ""Pechopak - Meal"", ""price"": 169, ""quantity"": 1, ""discount"": 0}], ""order_mode"": ""REGULAR""}",,169.00,2026-05-09T12:49:55.378112+08:00,119
98,"{""id"": 118, ""slip_number"": ""9404906"", ""order_type"": ""DINE_IN"", ""payment_method"": ""CASH"", ""table_number"": ""1"", ""items_json"": [{""productId"": 1, ""name"": ""Coke - Mismo"", ""price"": 25, ""quantity"": 3, ""discount"": 0}], ""order_mode"": ""REGULAR""}",,75.00,2026-05-09T12:03:05.234589+08:00,118
97,"{""id"": 117, ""slip_number"": ""9404905"", ""order_type"": ""DINE_IN"", ""payment_method"": ""CASH"", ""table_number"": ""1"", ""items_json"": [{""productId"": 10, ""name"": ""Leg - Unli"", ""price"": 159, ""quantity"": 2, ""discount"": 0}, {""productId"": 10, ""name"": ""Leg - Meal"", ""price"": 149, ""quantity"": 1, ""discount"": 0}], ""order_mode"": ""REGULAR""}",,467.00,2026-05-09T11:12:26.139855+08:00,117
96,"{""id"": 115, ""slip_number"": ""9404904"", ""order_type"": ""DINE_IN"", ""payment_method"": ""GCASH"", ""table_number"": """", ""items_json"": [{""productId"": 3, ""name"": ""Icetea - Icetea Glass"", ""price"": 39, ""quantity"": 1, ""discount"": 0}], ""order_mode"": ""REGULAR""}",,39.00,2026-05-08T23:18:13.500815+08:00,115
95,"{""id"": 114, ""slip_number"": ""9404903"", ""order_type"": ""DINE_IN"", ""payment_method"": ""CASH"", ""table_number"": ""4"", ""items_json"": [{""productId"": 7, ""name"": ""Pechopak - Unli"", ""price"": 179, ""quantity"": 2, ""discount"": 0}, {""productId"": 3, ""name"": ""Icetea - Icetea Glass"", ""price"": 39, ""quantity"": 1, ""discount"": 0}], ""order_mode"": ""REGULAR""}",,397.00,2026-05-08T22:55:37.241197+08:00,114
94,"{""id"": 113, ""slip_number"": ""9404902"", ""order_type"": ""DINE_IN"", ""payment_method"": ""CASH"", ""table_number"": ""4"", ""items_json"": [{""productId"": 10, ""name"": ""Leg - Meal"", ""price"": 149, ""quantity"": 3, ""discount"": 0}, {""productId"": 7, ""name"": ""Pechopak - Unli"", ""price"": 179, ""quantity"": 1, ""discount"": 0}], ""order_mode"": ""REGULAR""}",,626.00,2026-05-08T21:37:44.681937+08:00,113
93,"{""id"": 112, ""slip_number"": ""9612041"", ""order_type"": ""DINE_IN"", ""payment_method"": ""CASH"", ""table_number"": ""5"", ""items_json"": [{""productId"": 10, ""name"": ""Leg - Unli"", ""price"": 159, ""quantity"": 1, ""discount"": 0}, {""productId"": 11, ""name"": ""Wings - Unli"", ""price"": 139, ""quantity"": 1, ""discount"": 0}, {""productId"": 1, ""name"": ""Coke - Mismo"", ""price"": 25, ""quantity"": 2, ""discount"": 0}], ""order_mode"": ""REGULAR""}",,348.00,2026-05-08T21:32:28.573829+08:00,112
92,"{""id"": 111, ""slip_number"": ""9612040"", ""order_type"": ""TAKE_OUT"", ""payment_method"": ""CASH"", ""table_number"": ""4"", ""items_json"": [{""productId"": 7, ""name"": ""Pechopak - Unli"", ""price"": 179, ""quantity"": 1, ""discount"": 0}, {""productId"": 9, ""name"": ""BBQ - Meal"", ""price"": 139, ""quantity"": 1, ""discount"": 0}], ""order_mode"": ""REGULAR""}",,318.00,2026-05-08T21:06:06.172165+08:00,111
91,"{""id"": 110, ""slip_number"": ""9612039"", ""order_type"": ""TAKE_OUT"", ""payment_method"": ""CASH"", ""table_number"": ""5"", ""items_json"": [{""productId"": 7, ""name"": ""Pechopak - Unli"", ""price"": 179, ""quantity"": 1, ""discount"": 0}], ""order_mode"": ""REGULAR""}",,179.00,2026-05-08T20:52:57.783801+08:00,110
90,"{""id"": 109, ""slip_number"": ""9612038"", ""order_type"": ""DINE_IN"", ""payment_method"": ""CASH"", ""table_number"": """", ""items_json"": [{""productId"": 3, ""name"": ""Icetea - Icetea Glass"", ""price"": 39, ""quantity"": 1, ""discount"": 0}], ""order_mode"": ""REGULAR""}",,39.00,2026-05-08T20:25:43.172417+08:00,109
89,"{""id"": 108, ""slip_number"": ""9612037"", ""order_type"": ""DINE_IN"", ""payment_method"": ""CASH"", ""table_number"": ""4"", ""items_json"": [{""productId"": 7, ""name"": ""Pechopak - Unli"", ""price"": 179, ""quantity"": 6, ""discount"": 0}], ""order_mode"": ""REGULAR""}",,1074.00,2026-05-08T20:25:28.106389+08:00,108
88,"{""id"": 107, ""slip_number"": ""9612036"", ""order_type"": ""DINE_IN"", ""payment_method"": ""CASH"", ""table_number"": ""5"", ""items_json"": [{""productId"": 7, ""name"": ""Pechopak - Unli"", ""price"": 179, ""quantity"": 2, ""discount"": 0}], ""order_mode"": ""REGULAR""}",,358.00,2026-05-08T20:25:23.763368+08:00,107
87,"{""id"": 106, ""slip_number"": ""9612035"", ""order_type"": ""TAKE_OUT"", ""payment_method"": ""GCASH"", ""table_number"": ""2"", ""items_json"": [{""productId"": 10, ""name"": ""Leg - Meal"", ""price"": 149, ""quantity"": 2, ""discount"": 0}, {""productId"": 10, ""name"": ""Leg - Unli"", ""price"": 159, ""quantity"": 2, ""discount"": 0}], ""order_mode"": ""REGULAR""}",,616.00,2026-05-08T20:25:22.728803+08:00,106
86,"{""id"": 105, ""slip_number"": ""9612034"", ""order_type"": ""DINE_IN"", ""payment_method"": ""CASH"", ""table_number"": """", ""items_json"": [{""productId"": 4, ""name"": ""Royal - Mismo"", ""price"": 25, ""quantity"": 1, ""discount"": 0}, {""productId"": 5, ""name"": ""Sprite - Mismo"", ""price"": 25, ""quantity"": 1, ""discount"": 0}], ""order_mode"": ""REGULAR""}",,50.00,2026-05-08T20:25:20.689357+08:00,105
85,"{""id"": 104, ""slip_number"": ""9612033"", ""order_type"": ""DINE_IN"", ""payment_method"": ""CASH"", ""table_number"": ""1"", ""items_json"": [{""productId"": 10, ""name"": ""Leg - Meal"", ""price"": 149, ""quantity"": 3, ""discount"": 0}, {""productId"": 7, ""name"": ""Pechopak - Meal"", ""price"": 169, ""quantity"": 1, ""discount"": 0}, {""productId"": 3, ""name"": ""Icetea - Icetea Glass"", ""price"": 39, ""quantity"": 4, ""discount"": 0}], ""order_mode"": ""REGULAR""}",,772.00,2026-05-08T20:25:19.288381+08:00,104
84,"{""id"": 103, ""slip_number"": ""9612032"", ""order_type"": ""DINE_IN"", ""payment_method"": ""CASH"", ""table_number"": ""2"", ""items_json"": [{""productId"": 7, ""name"": ""Pechopak - Unli"", ""price"": 179, ""quantity"": 1, ""discount"": 0}, {""productId"": 9, ""name"": ""BBQ - Unli"", ""price"": 149, ""quantity"": 1, ""discount"": 0}], ""order_mode"": ""REGULAR""}",,328.00,2026-05-08T20:25:17.050943+08:00,103
83,"{""id"": 102, ""slip_number"": ""9612031"", ""order_type"": ""TAKE_OUT"", ""payment_method"": ""CASH"", ""table_number"": ""3"", ""items_json"": [{""productId"": 7, ""name"": ""Pechopak - Unli"", ""price"": 179, ""quantity"": 2, ""discount"": 0}], ""order_mode"": ""REGULAR""}",,358.00,2026-05-08T19:26:44.355251+08:00,102
82,"{""id"": 101, ""slip_number"": ""9612030"", ""order_type"": ""DINE_IN"", ""payment_method"": ""CASH"", ""table_number"": ""4"", ""items_json"": [{""productId"": 7, ""name"": ""Pechopak - Unli"", ""price"": 179, ""quantity"": 2, ""discount"": 0}], ""order_mode"": ""REGULAR""}",,358.00,2026-05-08T19:26:37.468532+08:00,101
81,"{""id"": 100, ""slip_number"": ""9612029"", ""order_type"": ""DINE_IN"", ""payment_method"": ""CASH"", ""table_number"": ""5"", ""items_json"": [{""productId"": 7, ""name"": ""Pechopak - Unli"", ""price"": 179, ""quantity"": 2, ""discount"": 0}], ""order_mode"": ""REGULAR""}",,358.00,2026-05-08T19:09:54.558426+08:00,100
80,"{""id"": 99, ""slip_number"": ""9612028"", ""order_type"": ""DINE_IN"", ""payment_method"": ""CASH"", ""table_number"": """", ""items_json"": [{""productId"": 1, ""name"": ""Coke - Mismo"", ""price"": 25, ""quantity"": 1, ""discount"": 0}, {""productId"": 4, ""name"": ""Royal - Mismo"", ""price"": 25, ""quantity"": 1, ""discount"": 0}], ""order_mode"": ""REGULAR""}",,50.00,2026-05-08T16:43:29.122706+08:00,99
79,"{""id"": 98, ""slip_number"": ""9612027"", ""order_type"": ""DINE_IN"", ""payment_method"": ""GCASH"", ""table_number"": """", ""items_json"": [{""productId"": 3, ""name"": ""Icetea - Icetea Glass"", ""price"": 39, ""quantity"": 1, ""discount"": 0}], ""order_mode"": ""REGULAR""}",,39.00,2026-05-08T16:43:27.544262+08:00,98
78,"{""id"": 94, ""slip_number"": ""9612026"", ""order_type"": ""DINE_IN"", ""payment_method"": ""CASH"", ""table_number"": ""1"", ""items_json"": [{""productId"": 7, ""name"": ""Pechopak - Unli"", ""price"": 179, ""quantity"": 1, ""discount"": 0}, {""productId"": 8, ""name"": ""Liempo - Unli"", ""price"": 199, ""quantity"": 1, ""discount"": 0}], ""order_mode"": ""REGULAR""}",,378.00,2026-05-08T16:18:05.347457+08:00,94
74,"{""id"": 86, ""slip_number"": ""9612025"", ""order_type"": ""DINE_IN"", ""payment_method"": ""CASH"", ""table_number"": ""1"", ""items_json"": [{""productId"": 7, ""name"": ""Pechopak - Unli"", ""price"": 179, ""quantity"": 2, ""discount"": 0}, {""productId"": 3, ""name"": ""Icetea - Icetea Glass"", ""price"": 39, ""quantity"": 2, ""discount"": 0}], ""order_mode"": ""REGULAR""}",,436.00,2026-05-08T15:00:08.723862+08:00,86
77,"{""id"": 92, ""slip_number"": ""9612024"", ""order_type"": ""DINE_IN"", ""payment_method"": ""CASH"", ""table_number"": """", ""items_json"": [{""productId"": 10, ""name"": ""Leg - Only"", ""price"": 139, ""quantity"": 1, ""discount"": 0}], ""order_mode"": ""REGULAR""}",,139.00,2026-05-08T14:32:00+08:00,92
76,"{""id"": 91, ""slip_number"": ""9612023"", ""order_type"": ""DINE_IN"", ""payment_method"": ""CASH"", ""table_number"": """", ""items_json"": [{""productId"": 3, ""name"": ""Icetea - Icetea Glass"", ""price"": 39, ""quantity"": 1, ""discount"": 0}], ""order_mode"": ""REGULAR""}",,39.00,2026-05-08T14:23:00+08:00,91
75,"{""id"": 90, ""slip_number"": ""9612022"", ""order_type"": ""DINE_IN"", ""payment_method"": ""CASH"", ""table_number"": """", ""items_json"": [{""productId"": 10, ""name"": ""Leg - Only"", ""price"": 139, ""quantity"": 1, ""discount"": 0}], ""order_mode"": ""REGULAR""}",,139.00,2026-05-08T14:04:00+08:00,90
73,"{""id"": 77, ""slip_number"": ""9612021"", ""order_type"": ""DINE_IN"", ""payment_method"": ""CASH"", ""table_number"": ""1"", ""items_json"": [{""productId"": 11, ""name"": ""Wings - Meal"", ""price"": 129, ""quantity"": 2, ""discount"": 0}, {""productId"": 9, ""name"": ""BBQ - One Piece Only"", ""price"": 69, ""quantity"": 1, ""discount"": 0}, {""productId"": 10, ""name"": ""Leg - Unli"", ""price"": 159, ""quantity"": 1, ""discount"": 0}, {""productId"": 3, ""name"": ""Icetea - Icetea"", ""price"": 39, ""quantity"": 2, ""discount"": 0}, {""productId"": 12, ""name"": ""Water - Bottled"", ""price"": 20, ""quantity"": 1, ""discount"": 0}], ""order_mode"": ""REGULAR""}",,584.00,2026-05-08T13:40:39.964695+08:00,77
68,"{""id"": 71, ""slip_number"": ""9615947"", ""order_type"": ""DINE_IN"", ""payment_method"": ""CASH"", ""table_number"": ""5"", ""items_json"": [{""productId"": 8, ""name"": ""Liempo - Unli"", ""price"": 199, ""quantity"": 1, ""discount"": 0}, {""productId"": 7, ""name"": ""Pechopak - Unli"", ""price"": 179, ""quantity"": 1, ""discount"": 0}, {""productId"": 1, ""name"": ""Coke - Mismo"", ""price"": 25, ""quantity"": 1, ""discount"": 0}, {""productId"": 3, ""name"": ""Icetea - Icetea"", ""price"": 39, ""quantity"": 1, ""discount"": 0}], ""order_mode"": ""REGULAR""}",,442.00,2026-05-07T21:53:43.738467+08:00,71
67,"{""id"": 70, ""slip_number"": ""9615946"", ""order_type"": ""DINE_IN"", ""payment_method"": ""CASH"", ""table_number"": ""1"", ""items_json"": [{""productId"": 10, ""name"": ""Leg - Meal"", ""price"": 149, ""quantity"": 1, ""discount"": 0}, {""productId"": 10, ""name"": ""Leg - Unli"", ""price"": 159, ""quantity"": 1, ""discount"": 0}, {""productId"": 3, ""name"": ""Icetea - Icetea"", ""price"": 39, ""quantity"": 2, ""discount"": 0}], ""order_mode"": ""REGULAR""}",,386.00,2026-05-07T21:26:56.672665+08:00,70
66,"{""id"": 69, ""slip_number"": ""9615945"", ""order_type"": ""DINE_IN"", ""payment_method"": ""CASH"", ""table_number"": ""2"", ""items_json"": [{""productId"": 7, ""name"": ""Pechopak - Meal"", ""price"": 169, ""quantity"": 2, ""discount"": 0}, {""productId"": 3, ""name"": ""Icetea - Icetea"", ""price"": 39, ""quantity"": 2, ""discount"": 0}], ""order_mode"": ""REGULAR""}",,416.00,2026-05-07T21:12:46.235062+08:00,69
65,"{""id"": 68, ""slip_number"": ""9615944"", ""order_type"": ""DINE_IN"", ""payment_method"": ""CASH"", ""table_number"": ""3"", ""items_json"": [{""productId"": 7, ""name"": ""Pechopak - Meal"", ""price"": 169, ""quantity"": 1, ""discount"": 0}, {""productId"": 7, ""name"": ""Pechopak - Unli"", ""price"": 179, ""quantity"": 1, ""discount"": 0}, {""productId"": 3, ""name"": ""Icetea - Icetea"", ""price"": 39, ""quantity"": 2, ""discount"": 0}], ""order_mode"": ""REGULAR""}",,426.00,2026-05-07T20:44:47.520665+08:00,68
64,"{""id"": 67, ""slip_number"": ""9615943"", ""order_type"": ""DINE_IN"", ""payment_method"": ""CASH"", ""table_number"": ""3"", ""items_json"": [{""productId"": 10, ""name"": ""Leg - Unli"", ""price"": 159, ""quantity"": 2, ""discount"": 0}, {""productId"": 3, ""name"": ""Icetea - Icetea"", ""price"": 39, ""quantity"": 1, ""discount"": 0}, {""productId"": 1, ""name"": ""Coke - Mismo"", ""price"": 25, ""quantity"": 1}], ""order_mode"": ""REGULAR""}",,382.00,2026-05-07T20:25:00+08:00,67
63,"{""id"": 66, ""slip_number"": ""9615942"", ""order_type"": ""DINE_IN"", ""payment_method"": ""CASH"", ""table_number"": ""2"", ""items_json"": [{""productId"": 7, ""name"": ""Pechopak - Unli"", ""price"": 179, ""quantity"": 1, ""discount"": 0}, {""productId"": 8, ""name"": ""Liempo - Meal"", ""price"": 189, ""quantity"": 1, ""discount"": 0}, {""productId"": 1, ""name"": ""Coke - Mismo"", ""price"": 25, ""quantity"": 1, ""discount"": 0}, {""productId"": 5, ""name"": ""Sprite - Mismo"", ""price"": 25, ""quantity"": 1}], ""order_mode"": ""REGULAR""}",,418.00,2026-05-07T20:05:00+08:00,66
62,"{""id"": 65, ""slip_number"": ""9615941"", ""order_type"": ""DINE_IN"", ""payment_method"": ""CASH"", ""table_number"": ""1"", ""items_json"": [{""productId"": 11, ""name"": ""Wings - Unli"", ""price"": 139, ""quantity"": 2, ""discount"": 0}], ""order_mode"": ""REGULAR""}",,278.00,2026-05-07T20:03:30.003775+08:00,65
61,"{""id"": 64, ""slip_number"": ""9405920"", ""order_type"": ""DINE_IN"", ""payment_method"": ""CASH"", ""table_number"": ""4"", ""items_json"": [{""productId"": 10, ""name"": ""Leg - Unli"", ""price"": 159, ""quantity"": 1, ""discount"": 0}], ""order_mode"": ""REGULAR""}",,159.00,2026-05-07T19:31:48.143489+08:00,64
60,"{""id"": 63, ""slip_number"": ""9405919"", ""order_type"": ""TAKE_OUT"", ""payment_method"": ""CASH"", ""table_number"": ""3"", ""items_json"": [{""productId"": 7, ""name"": ""Pechopak - Unli"", ""price"": 179, ""quantity"": 2}, {""productId"": 3, ""name"": ""Icetea - Icetea"", ""price"": 39, ""quantity"": 2}], ""order_mode"": ""REGULAR""}",,436.00,2026-05-07T19:21:00+08:00,63
59,"{""id"": 62, ""slip_number"": ""9405918"", ""order_type"": ""DINE_IN"", ""payment_method"": ""CASH"", ""table_number"": ""2"", ""items_json"": [{""productId"": 10, ""name"": ""Leg - Meal"", ""price"": 149, ""quantity"": 1}], ""order_mode"": ""REGULAR""}",,149.00,2026-05-07T19:18:00+08:00,62
58,"{""id"": 61, ""slip_number"": ""9405917"", ""order_type"": ""DINE_IN"", ""payment_method"": ""CASH"", ""table_number"": ""5"", ""items_json"": [{""productId"": 10, ""name"": ""Leg - Meal"", ""price"": 149, ""quantity"": 1, ""discount"": 0}, {""productId"": 7, ""name"": ""Pechopak - Unli"", ""price"": 179, ""quantity"": 1, ""discount"": 0}, {""productId"": 3, ""name"": ""Icetea - Icetea"", ""price"": 39, ""quantity"": 2, ""discount"": 0}], ""order_mode"": ""REGULAR""}",,406.00,2026-05-07T19:12:46.681187+08:00,61
57,"{""id"": 60, ""slip_number"": ""9405916"", ""order_type"": ""DINE_IN"", ""payment_method"": ""CASH"", ""table_number"": ""2"", ""items_json"": [{""productId"": 10, ""name"": ""Leg - Only"", ""price"": 139, ""quantity"": 1, ""discount"": 0}], ""order_mode"": ""REGULAR""}",,139.00,2026-05-07T18:53:38.769519+08:00,60
56,"{""id"": 59, ""slip_number"": ""9405915"", ""order_type"": ""DINE_IN"", ""payment_method"": ""GCASH"", ""table_number"": ""1"", ""items_json"": [{""productId"": 11, ""name"": ""Wings - Meal"", ""price"": 129, ""quantity"": 2, ""discount"": 0}, {""productId"": 3, ""name"": ""Icetea - Icetea"", ""price"": 39, ""quantity"": 3}, {""productId"": 7, ""name"": ""Pechopak - Meal"", ""price"": 169, ""quantity"": 1}], ""order_mode"": ""REGULAR""}",,544.00,2026-05-07T18:43:10.190526+08:00,59
55,"{""id"": 58, ""slip_number"": ""9405914"", ""order_type"": ""DINE_IN"", ""payment_method"": ""GCASH"", ""table_number"": ""1"", ""items_json"": [{""productId"": 7, ""name"": ""Pechopak - Unli"", ""price"": 179, ""quantity"": 1, ""discount"": 0}, {""productId"": 7, ""name"": ""Pechopak - Meal"", ""price"": 169, ""quantity"": 2, ""discount"": 0}, {""productId"": 9, ""name"": ""BBQ - Meal"", ""price"": 139, ""quantity"": 1, ""discount"": 0}, {""productId"": 8, ""name"": ""Liempo - Unli"", ""price"": 199, ""quantity"": 1, ""discount"": 0}, {""productId"": 3, ""name"": ""Icetea - Icetea"", ""price"": 39, ""quantity"": 3, ""discount"": 0}], ""order_mode"": ""REGULAR""}",,972.00,2026-05-07T17:22:39.979072+08:00,58
54,"{""id"": 56, ""slip_number"": ""9405912"", ""order_type"": ""DINE_IN"", ""payment_method"": ""CASH"", ""table_number"": ""2"", ""items_json"": [{""productId"": 10, ""name"": ""Leg - Unli"", ""price"": 159, ""quantity"": 1, ""discount"": 0}, {""productId"": 3, ""name"": ""Icetea - Icetea"", ""price"": 39, ""quantity"": 1, ""discount"": 0}], ""order_mode"": ""REGULAR""}",,198.00,2026-05-07T15:04:04.135272+08:00,56
53,"{""id"": 57, ""slip_number"": ""9405913"", ""order_type"": ""DINE_IN"", ""payment_method"": ""CASH"", ""table_number"": ""5"", ""items_json"": [{""productId"": 7, ""name"": ""Pechopak - Unli"", ""price"": 179, ""quantity"": 1, ""discount"": 0}, {""productId"": 3, ""name"": ""Icetea - Icetea"", ""price"": 39, ""quantity"": 1, ""discount"": 0}], ""order_mode"": ""REGULAR""}",,218.00,2026-05-07T15:04:02.547303+08:00,57
52,"{""id"": 55, ""slip_number"": ""9405911"", ""order_type"": ""TAKE_OUT"", ""payment_method"": ""CASH"", ""table_number"": """", ""items_json"": [{""productId"": 7, ""name"": ""Pechopak - Unli"", ""price"": 179, ""quantity"": 2, ""discount"": 0}, {""productId"": 11, ""name"": ""Wings - Unli"", ""price"": 139, ""quantity"": 1, ""discount"": 0}], ""order_mode"": ""REGULAR""}",,497.00,2026-05-07T14:22:31.277858+08:00,55
51,"{""id"": 54, ""slip_number"": ""9405910"", ""order_type"": ""DINE_IN"", ""payment_method"": ""CASH"", ""table_number"": """", ""items_json"": [{""productId"": 1, ""name"": ""Coke - Mismo"", ""price"": 25, ""quantity"": 2, ""discount"": 0}, {""productId"": 10, ""name"": ""Leg - Unli"", ""price"": 159, ""quantity"": 1, ""discount"": 0}, {""productId"": 7, ""name"": ""Pechopak - Unli"", ""price"": 179, ""quantity"": 1, ""discount"": 0}], ""order_mode"": ""REGULAR""}",,388.00,2026-05-07T13:12:34.488779+08:00,54
50,"{""id"": 53, ""slip_number"": ""9405909"", ""order_type"": ""DINE_IN"", ""payment_method"": ""CASH"", ""table_number"": """", ""items_json"": [{""productId"": 10, ""name"": ""Leg - Unli"", ""price"": 159, ""quantity"": 5, ""discount"": 0}, {""productId"": 11, ""name"": ""Wings - Unli"", ""price"": 139, ""quantity"": 1, ""discount"": 0}, {""productId"": 1, ""name"": ""Coke - 1.5"", ""price"": 120, ""quantity"": 1, ""discount"": 0}], ""order_mode"": ""REGULAR""}",,1054.00,2026-05-07T11:24:29.355413+08:00,53
46,"{""id"": 49, ""slip_number"": ""9405908"", ""order_type"": ""DINE_IN"", ""payment_method"": ""CASH"", ""table_number"": ""2"", ""items_json"": [{""productId"": 7, ""name"": ""Pechopak - Unli"", ""price"": 179, ""quantity"": 1, ""discount"": 0}, {""productId"": 7, ""name"": ""Pechopak - Meal"", ""price"": 169, ""quantity"": 1, ""discount"": 0}], ""order_mode"": ""REGULAR""}",,348.00,2026-05-06T22:37:18.724010+08:00,49
45,"{""id"": 48, ""slip_number"": ""9405907"", ""order_type"": ""DINE_IN"", ""payment_method"": ""CASH"", ""table_number"": ""3"", ""items_json"": [{""productId"": 10, ""name"": ""Leg - Unli"", ""price"": 159, ""quantity"": 1, ""discount"": 20}, {""productId"": 9, ""name"": ""BBQ - Meal"", ""price"": 139, ""quantity"": 1, ""discount"": 0}], ""order_mode"": ""REGULAR""}",,266.20,2026-05-06T22:31:03.511058+08:00,48
44,"{""id"": 47, ""slip_number"": ""9405906"", ""order_type"": ""DINE_IN"", ""payment_method"": ""CASH"", ""table_number"": ""1"", ""items_json"": [{""productId"": 10, ""name"": ""Leg - Meal"", ""price"": 149, ""quantity"": 4, ""discount"": 0}, {""productId"": 10, ""name"": ""Leg - Unli"", ""price"": 159, ""quantity"": 1, ""discount"": 0}, {""productId"": 7, ""name"": ""Pechopak - Unli"", ""price"": 179, ""quantity"": 1, ""discount"": 0}, {""productId"": 4, ""name"": ""Royal - Mismo"", ""price"": 25, ""quantity"": 1, ""discount"": 0}, {""productId"": 5, ""name"": ""Sprite - Mismo"", ""price"": 25, ""quantity"": 1, ""discount"": 0}, {""productId"": 1, ""name"": ""Coke - Mismo"", ""price"": 25, ""quantity"": 1}], ""order_mode"": ""REGULAR""}",,1009.00,2026-05-06T22:23:00+08:00,47
49,"{""id"": 52, ""slip_number"": ""9405905"", ""order_type"": ""DINE_IN"", ""payment_method"": ""GCASH"", ""table_number"": """", ""items_json"": [{""productId"": 8, ""name"": ""Liempo - Only"", ""price"": 179, ""quantity"": 1, ""discount"": 0}], ""order_mode"": ""REGULAR""}",,179.00,2026-05-06T22:22:00+08:00,52
48,"{""id"": 51, ""slip_number"": ""9405904"", ""order_type"": ""DINE_IN"", ""payment_method"": ""GCASH"", ""table_number"": """", ""items_json"": [{""productId"": 8, ""name"": ""Liempo - Only"", ""price"": 179, ""quantity"": 1, ""discount"": 0}], ""order_mode"": ""REGULAR""}",,179.00,2026-05-06T22:21:00+08:00,51
47,"{""id"": 50, ""slip_number"": ""9405903"", ""order_type"": ""DINE_IN"", ""payment_method"": ""CASH"", ""table_number"": """", ""items_json"": [{""productId"": 9, ""name"": ""BBQ - Unli"", ""price"": 149, ""quantity"": 1, ""discount"": 0}, {""productId"": 1, ""name"": ""Coke - 1 Glass"", ""price"": 30, ""quantity"": 1, ""discount"": 0}], ""order_mode"": ""REGULAR""}",,179.00,2026-05-06T22:20:00+08:00,50
42,"{""id"": 46, ""slip_number"": ""9405902"", ""order_type"": ""DINE_IN"", ""payment_method"": ""GCASH"", ""table_number"": """", ""items_json"": [{""productId"": 8, ""name"": ""Liempo - Only"", ""price"": 179, ""quantity"": 1, ""discount"": 0}], ""order_mode"": ""REGULAR""}",,179.00,2026-05-06T21:54:08.495342+08:00,46
43,"{""id"": 45, ""slip_number"": ""9405901"", ""order_type"": ""DINE_IN"", ""payment_method"": ""CASH"", ""table_number"": """", ""items_json"": [{""productId"": 1, ""name"": ""Coke - 1 Glass"", ""price"": 30, ""quantity"": 2}], ""order_mode"": ""REGULAR""}",,60.00,2026-05-06T21:53:00+08:00,45
39,"{""id"": 44, ""slip_number"": ""9405900"", ""order_type"": ""DINE_IN"", ""payment_method"": ""GCASH"", ""table_number"": ""1"", ""items_json"": [{""productId"": 9, ""name"": ""BBQ - Unli"", ""price"": 149, ""quantity"": 1}, {""productId"": 10, ""name"": ""Leg - Unli"", ""price"": 159, ""quantity"": 1}, {""productId"": 1, ""name"": ""Coke - Mismo"", ""price"": 25, ""quantity"": 2}], ""order_mode"": ""REGULAR""}",,358.00,2026-05-06T21:17:00+08:00,44
41,"{""id"": 43, ""slip_number"": ""9405899"", ""order_type"": ""DINE_IN"", ""payment_method"": ""CASH"", ""table_number"": ""3"", ""items_json"": [{""productId"": 9, ""name"": ""BBQ - Unli"", ""price"": 149, ""quantity"": 1, ""discount"": 0}, {""productId"": 10, ""name"": ""Leg - Meal"", ""price"": 149, ""quantity"": 1}], ""order_mode"": ""REGULAR""}",,298.00,2026-05-06T21:15:26.795040+08:00,43
40,"{""id"": 42, ""slip_number"": ""9405898"", ""order_type"": ""DINE_IN"", ""payment_method"": ""CASH"", ""table_number"": """", ""items_json"": [{""productId"": 10, ""name"": ""Leg - Unli"", ""price"": 159, ""quantity"": 2}, {""productId"": 10, ""name"": ""Leg - Meal"", ""price"": 149, ""quantity"": 1}, {""productId"": 1, ""name"": ""Coke - 1 Glass"", ""price"": 30, ""quantity"": 3}], ""order_mode"": ""REGULAR""}",,557.00,2026-05-06T21:15:25.886256+08:00,42
38,"{""id"": 41, ""slip_number"": ""9405897"", ""order_type"": ""DINE_IN"", ""payment_method"": ""CASH"", ""table_number"": ""1"", ""items_json"": [{""productId"": 10, ""name"": ""Leg - Unli"", ""price"": 159, ""quantity"": 4}, {""productId"": 7, ""name"": ""Pechopak - Unli"", ""price"": 179, ""quantity"": 1}, {""productId"": 9, ""name"": ""BBQ - Meal"", ""price"": 139, ""quantity"": 2}, {""productId"": 1, ""name"": ""Coke - 1.5"", ""price"": 120, ""quantity"": 1}], ""order_mode"": ""REGULAR""}",,1213.00,2026-05-06T21:03:54.430997+08:00,41
35,"{""id"": 40, ""slip_number"": ""9405896"", ""order_type"": ""DINE_IN"", ""payment_method"": ""GCASH"", ""table_number"": ""4"", ""items_json"": [{""productId"": 7, ""name"": ""Pechopak - Meal"", ""price"": 169, ""quantity"": 3}], ""order_mode"": ""REGULAR""}",,507.00,2026-05-06T20:42:00+08:00,40
37,"{""id"": 39, ""slip_number"": ""9405895"", ""order_type"": ""DINE_IN"", ""payment_method"": ""CASH"", ""table_number"": ""3"", ""items_json"": [{""productId"": 7, ""name"": ""Pechopak - Unli"", ""price"": 179, ""quantity"": 2}, {""productId"": 10, ""name"": ""Leg - Unli"", ""price"": 159, ""quantity"": 2}, {""productId"": 10, ""name"": ""Leg - Meal"", ""price"": 149, ""quantity"": 1}, {""productId"": 9, ""name"": ""BBQ - Meal"", ""price"": 139, ""quantity"": 1}, {""productId"": 1, ""name"": ""Coke - 1.5"", ""price"": 120, ""quantity"": 1}], ""order_mode"": ""REGULAR""}",,1084.00,2026-05-06T20:41:34.416232+08:00,39
36,"{""id"": 38, ""slip_number"": ""9405894"", ""order_type"": ""DINE_IN"", ""payment_method"": ""GCASH"", ""table_number"": ""2"", ""items_json"": [{""productId"": 7, ""name"": ""Pechopak - Unli"", ""price"": 179, ""quantity"": 2, ""discount"": 0}], ""order_mode"": ""REGULAR""}",,358.00,2026-05-06T20:03:00+08:00,38
34,"{""id"": 37, ""slip_number"": ""9405893"", ""order_type"": ""TAKE_OUT"", ""payment_method"": ""CASH"", ""table_number"": ""5"", ""items_json"": [{""productId"": 7, ""name"": ""Pechopak - Unli"", ""price"": 179, ""quantity"": 1}, {""productId"": 8, ""name"": ""Liempo - Unli"", ""price"": 199, ""quantity"": 1}, {""productId"": 5, ""name"": ""Sprite - 1 Glass"", ""price"": 30, ""quantity"": 1}, {""productId"": 4, ""name"": ""Royal - 1 Glass"", ""price"": 30, ""quantity"": 1}], ""order_mode"": ""REGULAR""}",,438.00,2026-05-06T20:02:57.981963+08:00,37
33,"{""id"": 36, ""slip_number"": ""9405892"", ""order_type"": ""DINE_IN"", ""payment_method"": ""CASH"", ""table_number"": ""1"", ""items_json"": [{""productId"": 10, ""name"": ""Leg - Unli"", ""price"": 159, ""quantity"": 2, ""discount"": 0}], ""order_mode"": ""REGULAR""}",,318.00,2026-05-06T20:01:29.541333+08:00,36
32,"{""id"": 35, ""slip_number"": ""9405891"", ""order_type"": ""DINE_IN"", ""payment_method"": ""CASH"", ""table_number"": ""2"", ""items_json"": [{""productId"": 8, ""name"": ""Liempo - Meal"", ""price"": 189, ""quantity"": 1}, {""productId"": 10, ""name"": ""Leg - Meal"", ""price"": 149, ""quantity"": 1}], ""order_mode"": ""REGULAR""}",,338.00,2026-05-06T19:32:47.375765+08:00,35
31,"{""id"": 34, ""slip_number"": ""9405890"", ""order_type"": ""DINE_IN"", ""payment_method"": ""GCASH"", ""table_number"": """", ""items_json"": [{""productId"": 3, ""name"": ""Icetea - Icetea"", ""price"": 39, ""quantity"": 1, ""discount"": 0}], ""order_mode"": ""REGULAR""}",,39.00,2026-05-06T18:01:37.904334+08:00,34
30,"{""id"": 33, ""slip_number"": ""9405889"", ""order_type"": ""DINE_IN"", ""payment_method"": ""GCASH"", ""table_number"": """", ""items_json"": [{""productId"": 9, ""name"": ""BBQ - Only"", ""price"": 129, ""quantity"": 1, ""discount"": 0}, {""productId"": 10, ""name"": ""Leg - Only"", ""price"": 139, ""quantity"": 1, ""discount"": 0}], ""order_mode"": ""REGULAR""}",,268.00,2026-05-06T17:45:55.917098+08:00,33
29,"{""id"": 32, ""slip_number"": ""9405888"", ""order_type"": ""DINE_IN"", ""payment_method"": ""CASH"", ""table_number"": """", ""items_json"": [{""productId"": 7, ""name"": ""Pechopak - Meal"", ""price"": 169, ""quantity"": 1, ""discount"": 0}], ""order_mode"": ""REGULAR""}",,169.00,2026-05-06T16:29:26.352536+08:00,32
28,"{""id"": 31, ""slip_number"": ""9405887"", ""order_type"": ""DINE_IN"", ""payment_method"": ""CASH"", ""table_number"": ""4"", ""items_json"": [{""productId"": 7, ""name"": ""Pechopak - Meal"", ""price"": 169, ""quantity"": 2, ""discount"": 0}], ""order_mode"": ""REGULAR""}",,338.00,2026-05-06T14:55:12.513207+08:00,31
27,"{""id"": 30, ""slip_number"": ""9405886"", ""order_type"": ""TAKE_OUT"", ""payment_method"": ""CASH"", ""table_number"": """", ""items_json"": [{""productId"": 10, ""name"": ""Leg - Only"", ""price"": 139, ""quantity"": 1, ""discount"": 0}], ""order_mode"": ""REGULAR""}",,139.00,2026-05-06T12:59:42.549702+08:00,30
26,"{""id"": 28, ""slip_number"": ""9405884"", ""order_type"": ""DINE_IN"", ""payment_method"": ""CASH"", ""table_number"": """", ""items_json"": [{""productId"": 9, ""name"": ""BBQ - Only"", ""price"": 129, ""quantity"": 1, ""discount"": 0}, {""productId"": 8, ""name"": ""Liempo - Only"", ""price"": 179, ""quantity"": 1, ""discount"": 0}], ""order_mode"": ""REGULAR""}",,308.00,2026-05-05T22:36:02.862226+08:00,28
25,"{""id"": 27, ""slip_number"": ""9405883"", ""order_type"": ""DINE_IN"", ""payment_method"": ""CASH"", ""table_number"": """", ""items_json"": [{""productId"": 3, ""name"": ""Icetea - Icetea"", ""price"": 39, ""quantity"": 2, ""discount"": 0}, {""productId"": 9, ""name"": ""BBQ - Unli"", ""price"": 149, ""quantity"": 2, ""discount"": 0}], ""order_mode"": ""REGULAR""}",,376.00,2026-05-05T22:35:46.861913+08:00,27
24,"{""id"": 26, ""slip_number"": ""9405882"", ""order_type"": ""DINE_IN"", ""payment_method"": ""CASH"", ""table_number"": """", ""items_json"": [{""productId"": 10, ""name"": ""Leg - Unli"", ""price"": 159, ""quantity"": 2, ""discount"": 0}, {""productId"": 3, ""name"": ""Icetea - Icetea"", ""price"": 39, ""quantity"": 2, ""discount"": 0}], ""order_mode"": ""REGULAR""}",,396.00,2026-05-05T22:35:20.642040+08:00,26
23,"{""id"": 25, ""slip_number"": ""9405881"", ""order_type"": ""DINE_IN"", ""payment_method"": ""CASH"", ""table_number"": """", ""items_json"": [{""productId"": 7, ""name"": ""Pechopak - Unli"", ""price"": 179, ""quantity"": 1, ""discount"": 0}, {""productId"": 1, ""name"": ""Coke - Mismo"", ""price"": 25, ""quantity"": 1, ""discount"": 0}], ""order_mode"": ""REGULAR""}",,204.00,2026-05-05T22:35:02.001150+08:00,25
22,"{""id"": 24, ""slip_number"": ""9405880"", ""order_type"": ""DINE_IN"", ""payment_method"": ""CASH"", ""table_number"": """", ""items_json"": [{""productId"": 10, ""name"": ""Leg - Meal"", ""price"": 149, ""quantity"": 1, ""discount"": 0}], ""order_mode"": ""REGULAR""}",,149.00,2026-05-05T22:34:07.534005+08:00,24
21,"{""id"": 23, ""slip_number"": ""9405879"", ""order_type"": ""DINE_IN"", ""payment_method"": ""CASH"", ""table_number"": """", ""items_json"": [{""productId"": 7, ""name"": ""Pechopak - Meal"", ""price"": 169, ""quantity"": 2, ""discount"": 0}], ""order_mode"": ""REGULAR""}",,338.00,2026-05-05T22:33:46.118534+08:00,23
20,"{""id"": 22, ""slip_number"": ""9405878"", ""order_type"": ""DINE_IN"", ""payment_method"": ""CASH"", ""table_number"": """", ""items_json"": [{""productId"": 10, ""name"": ""Leg - Meal"", ""price"": 149, ""quantity"": 1, ""discount"": 0}], ""order_mode"": ""REGULAR""}",,149.00,2026-05-05T22:33:35.313802+08:00,22
19,"{""id"": 21, ""slip_number"": ""9405877"", ""order_type"": ""DINE_IN"", ""payment_method"": ""CASH"", ""table_number"": """", ""items_json"": [{""productId"": 1, ""name"": ""Coke - 1.5"", ""price"": 120, ""quantity"": 1, ""discount"": 0}], ""order_mode"": ""REGULAR""}",,120.00,2026-05-05T22:33:21.474671+08:00,21
18,"{""id"": 20, ""slip_number"": ""9405876"", ""order_type"": ""DINE_IN"", ""payment_method"": ""CASH"", ""table_number"": """", ""items_json"": [{""productId"": 10, ""name"": ""Leg - Unli"", ""price"": 159, ""quantity"": 2, ""discount"": 0}, {""productId"": 7, ""name"": ""Pechopak - Unli"", ""price"": 179, ""quantity"": 2, ""discount"": 0}], ""order_mode"": ""REGULAR""}",,676.00,2026-05-05T22:32:54.983934+08:00,20
17,"{""id"": 19, ""slip_number"": ""9405875"", ""order_type"": ""DINE_IN"", ""payment_method"": ""CASH"", ""table_number"": """", ""items_json"": [{""productId"": 10, ""name"": ""Leg - Unli"", ""price"": 159, ""quantity"": 2, ""discount"": 0}], ""order_mode"": ""REGULAR""}",,318.00,2026-05-05T22:30:47.522104+08:00,19
16,"{""id"": 18, ""slip_number"": ""9405874"", ""order_type"": ""DINE_IN"", ""payment_method"": ""CASH"", ""table_number"": """", ""items_json"": [{""productId"": 10, ""name"": ""Leg - Unli"", ""price"": 159, ""quantity"": 2, ""discount"": 0}, {""productId"": 3, ""name"": ""Icetea - Icetea"", ""price"": 39, ""quantity"": 1, ""discount"": 0}], ""order_mode"": ""REGULAR""}",,357.00,2026-05-05T22:30:24.468792+08:00,18
15,"{""id"": 17, ""slip_number"": ""9405873"", ""order_type"": ""DINE_IN"", ""payment_method"": ""CASH"", ""table_number"": """", ""items_json"": [{""productId"": 10, ""name"": ""Leg - Only"", ""price"": 139, ""quantity"": 2, ""discount"": 0}, {""productId"": 11, ""name"": ""Wings - Only"", ""price"": 119, ""quantity"": 1, ""discount"": 0}], ""order_mode"": ""REGULAR""}",,397.00,2026-05-05T22:30:07.370026+08:00,17
14,"{""id"": 16, ""slip_number"": ""9405872"", ""order_type"": ""DINE_IN"", ""payment_method"": ""CASH"", ""table_number"": """", ""items_json"": [{""productId"": 7, ""name"": ""Pechopak - Only"", ""price"": 159, ""quantity"": 2, ""discount"": 0}], ""order_mode"": ""REGULAR""}",,318.00,2026-05-05T22:29:29.477136+08:00,16
13,"{""id"": 15, ""slip_number"": ""9405871"", ""order_type"": ""DINE_IN"", ""payment_method"": ""CASH"", ""table_number"": """", ""items_json"": [{""productId"": 7, ""name"": ""Pechopak - Unli"", ""price"": 179, ""quantity"": 2, ""discount"": 0}, {""productId"": 1, ""name"": ""Coke - Mismo"", ""price"": 25, ""quantity"": 1, ""discount"": 0}], ""order_mode"": ""REGULAR""}",,383.00,2026-05-05T22:29:13.321940+08:00,15
12,"{""id"": 14, ""slip_number"": ""9405870"", ""order_type"": ""DINE_IN"", ""payment_method"": ""CASH"", ""table_number"": """", ""items_json"": [{""productId"": 7, ""name"": ""Pechopak - Meal"", ""price"": 169, ""quantity"": 1, ""discount"": 0}, {""productId"": 10, ""name"": ""Leg - Meal"", ""price"": 149, ""quantity"": 1, ""discount"": 0}], ""order_mode"": ""REGULAR""}",,318.00,2026-05-05T22:28:27.967415+08:00,14
11,"{""id"": 13, ""slip_number"": ""9405869"", ""order_type"": ""DINE_IN"", ""payment_method"": ""CASH"", ""table_number"": """", ""items_json"": [{""productId"": 8, ""name"": ""Liempo - Unli"", ""price"": 199, ""quantity"": 2, ""discount"": 0}], ""order_mode"": ""REGULAR""}",,398.00,2026-05-05T22:26:37.069787+08:00,13
10,"{""id"": 12, ""slip_number"": ""9405868"", ""order_type"": ""DINE_IN"", ""payment_method"": ""CASH"", ""table_number"": """", ""items_json"": [{""productId"": 7, ""name"": ""Pechopak - Unli"", ""price"": 179, ""quantity"": 1, ""discount"": 0}, {""productId"": 11, ""name"": ""Wings - Meal"", ""price"": 129, ""quantity"": 1, ""discount"": 0}, {""productId"": 10, ""name"": ""Leg - Meal"", ""price"": 149, ""quantity"": 1, ""discount"": 0}, {""productId"": 10, ""name"": ""Leg - Unli"", ""price"": 159, ""quantity"": 1, ""discount"": 0}, {""productId"": 9, ""name"": ""BBQ - Meal"", ""price"": 139, ""quantity"": 1, ""discount"": 0}, {""productId"": 6, ""name"": ""Delivery Fee - DF1"", ""price"": 30, ""quantity"": 1, ""discount"": 0}], ""order_mode"": ""REGULAR""}",,785.00,2026-05-05T22:25:50.912056+08:00,12
9,"{""id"": 11, ""slip_number"": ""9405867"", ""order_type"": ""DINE_IN"", ""payment_method"": ""CASH"", ""table_number"": """", ""items_json"": [{""productId"": 11, ""name"": ""Wings - One Piece Meal"", ""price"": 79, ""quantity"": 1, ""discount"": 0}], ""order_mode"": ""REGULAR""}",,79.00,2026-05-05T22:25:17.863459+08:00,11
8,"{""id"": 10, ""slip_number"": ""9405866"", ""order_type"": ""DINE_IN"", ""payment_method"": ""CASH"", ""table_number"": """", ""items_json"": [{""productId"": 11, ""name"": ""Wings - Unli"", ""price"": 139, ""quantity"": 1, ""discount"": 0}, {""productId"": 9, ""name"": ""BBQ - Unli"", ""price"": 149, ""quantity"": 1, ""discount"": 0}], ""order_mode"": ""REGULAR""}",,288.00,2026-05-05T22:24:17.620045+08:00,10
7,"{""id"": 9, ""slip_number"": ""9405865"", ""order_type"": ""DINE_IN"", ""payment_method"": ""CASH"", ""table_number"": """", ""items_json"": [{""productId"": 1, ""name"": ""Coke - Mismo"", ""price"": 25, ""quantity"": 1, ""discount"": 0}], ""order_mode"": ""REGULAR""}",,25.00,2026-05-05T22:23:47.879890+08:00,9
6,"{""id"": 8, ""slip_number"": ""9405864"", ""order_type"": ""DINE_IN"", ""payment_method"": ""CASH"", ""table_number"": """", ""items_json"": [{""productId"": 7, ""name"": ""Pechopak - Unli"", ""price"": 179, ""quantity"": 1, ""discount"": 0}, {""productId"": 7, ""name"": ""Pechopak - Unli"", ""price"": 179, ""quantity"": 1, ""discount"": 20}], ""order_mode"": ""REGULAR""}",,322.20,2026-05-05T22:23:28.462149+08:00,8
5,"{""id"": 5, ""slip_number"": ""9405863"", ""order_type"": ""DINE_IN"", ""payment_method"": ""CASH"", ""table_number"": """", ""items_json"": [{""productId"": 10, ""name"": ""Leg - Unli"", ""price"": 159, ""quantity"": 2, ""discount"": 0}, {""productId"": 7, ""name"": ""Pechopak - Unli"", ""price"": 179, ""quantity"": 1, ""discount"": 0}, {""productId"": 7, ""name"": ""Pechopak - Meal"", ""price"": 169, ""quantity"": 2, ""discount"": 0}, {""productId"": 9, ""name"": ""BBQ - Meal"", ""price"": 139, ""quantity"": 2, ""discount"": 0}, {""productId"": 6, ""name"": ""Delivery Fee - DF1"", ""price"": 30, ""quantity"": 1, ""discount"": 0}], ""order_mode"": ""REGULAR""}",,1143.00,2026-05-05T22:13:24.439326+08:00,5
276,"{""id"": 297, ""slip_number"": ""9404835"", ""order_type"": """", ""payment_method"": """", ""table_number"": """", ""items_json"": [{""productId"": 7, ""name"": ""Pechopak - Unli"", ""price"": 179, ""quantity"": 1}], ""order_mode"": ""REGULAR""}",,179.00,2026-05-04T12:00:00+08:00,297
277,"{""id"": 298, ""slip_number"": ""9404836"", ""order_type"": """", ""payment_method"": """", ""table_number"": """", ""items_json"": [{""productId"": 9, ""name"": ""BBQ - Unli"", ""price"": 149, ""quantity"": 2}, {""productId"": 5, ""name"": ""Sprite - Mismo"", ""price"": 25, ""quantity"": 1}, {""productId"": 1, ""name"": ""Coke - Mismo"", ""price"": 25, ""quantity"": 1}], ""order_mode"": ""REGULAR""}",,348.00,2026-05-04T12:00:00+08:00,298
278,"{""id"": 299, ""slip_number"": ""9404837"", ""order_type"": """", ""payment_method"": """", ""table_number"": """", ""items_json"": [{""productId"": 7, ""name"": ""Pechopak - Unli"", ""price"": 179, ""quantity"": 2}, {""productId"": 0, ""name"": ""Delivery Fee 1"", ""price"": 0, ""quantity"": 1}], ""order_mode"": ""REGULAR""}",,358.00,2026-05-04T12:00:00+08:00,299
279,"{""id"": 300, ""slip_number"": ""9404838"", ""order_type"": """", ""payment_method"": """", ""table_number"": """", ""items_json"": [{""productId"": 10, ""name"": ""Leg - Unli"", ""price"": 159, ""quantity"": 3}], ""order_mode"": ""REGULAR""}",,477.00,2026-05-04T12:00:00+08:00,300
280,"{""id"": 301, ""slip_number"": ""9404840"", ""order_type"": """", ""payment_method"": """", ""table_number"": """", ""items_json"": [{""productId"": 10, ""name"": ""Leg - Meal"", ""price"": 149, ""quantity"": 2}, {""productId"": 7, ""name"": ""Pechopak - Meal"", ""price"": 169, ""quantity"": 4}, {""productId"": 7, ""name"": ""Pechopak - Unli"", ""price"": 179, ""quantity"": 1}, {""productId"": 9, ""name"": ""BBQ - Meal"", ""price"": 139, ""quantity"": 1}, {""productId"": 11, ""name"": ""Wings - Meal"", ""price"": 129, ""quantity"": 1}, {""productId"": 1, ""name"": ""Coke - 1.5"", ""price"": 120, ""quantity"": 1}], ""order_mode"": ""REGULAR""}",,1541.00,2026-05-04T12:00:00+08:00,301
281,"{""id"": 302, ""slip_number"": ""9404841"", ""order_type"": """", ""payment_method"": """", ""table_number"": """", ""items_json"": [{""productId"": 10, ""name"": ""Leg - Unli"", ""price"": 159, ""quantity"": 1}, {""productId"": 8, ""name"": ""Liempo - Unli"", ""price"": 199, ""quantity"": 1}], ""order_mode"": ""REGULAR""}",,358.00,2026-05-04T12:00:00+08:00,302
282,"{""id"": 303, ""slip_number"": ""9404842"", ""order_type"": """", ""payment_method"": """", ""table_number"": """", ""items_json"": [{""productId"": 10, ""name"": ""Leg - Meal"", ""price"": 149, ""quantity"": 3}], ""order_mode"": ""REGULAR""}",,447.00,2026-05-04T12:00:00+08:00,303
283,"{""id"": 304, ""slip_number"": ""9404843"", ""order_type"": """", ""payment_method"": """", ""table_number"": """", ""items_json"": [{""productId"": 10, ""name"": ""Leg - Only"", ""price"": 139, ""quantity"": 2}], ""order_mode"": ""REGULAR""}",,278.00,2026-05-04T12:00:00+08:00,304
284,"{""id"": 305, ""slip_number"": ""9404844"", ""order_type"": """", ""payment_method"": """", ""table_number"": """", ""items_json"": [{""productId"": 10, ""name"": ""Leg - Unli"", ""price"": 159, ""quantity"": 2}], ""order_mode"": ""REGULAR""}",,318.00,2026-05-04T12:00:00+08:00,305
285,"{""id"": 306, ""slip_number"": ""9404845"", ""order_type"": """", ""payment_method"": """", ""table_number"": """", ""items_json"": [{""productId"": 7, ""name"": ""Pechopak - Unli"", ""price"": 179, ""quantity"": 2}], ""order_mode"": ""REGULAR""}",,358.00,2026-05-04T12:00:00+08:00,306
286,"{""id"": 307, ""slip_number"": ""9404846"", ""order_type"": """", ""payment_method"": """", ""table_number"": """", ""items_json"": [{""productId"": 7, ""name"": ""Pechopak - Unli"", ""price"": 179, ""quantity"": 1}, {""productId"": 10, ""name"": ""Leg - Meal"", ""price"": 149, ""quantity"": 1}], ""order_mode"": ""REGULAR""}",,328.00,2026-05-04T12:00:00+08:00,307
287,"{""id"": 308, ""slip_number"": ""9404847"", ""order_type"": """", ""payment_method"": """", ""table_number"": """", ""items_json"": [{""productId"": 7, ""name"": ""Pechopak - Meal"", ""price"": 169, ""quantity"": 2}, {""productId"": 7, ""name"": ""Pechopak - Unli"", ""price"": 179, ""quantity"": 1}], ""order_mode"": ""REGULAR""}",,517.00,2026-05-04T12:00:00+08:00,308
288,"{""id"": 309, ""slip_number"": ""9404848"", ""order_type"": """", ""payment_method"": """", ""table_number"": """", ""items_json"": [{""productId"": 7, ""name"": ""Pechopak - Only"", ""price"": 159, ""quantity"": 1}], ""order_mode"": ""REGULAR""}",,159.00,2026-05-04T12:00:00+08:00,309
289,"{""id"": 310, ""slip_number"": ""9404849"", ""order_type"": """", ""payment_method"": """", ""table_number"": """", ""items_json"": [{""productId"": 7, ""name"": ""Pechopak - Unli"", ""price"": 179, ""quantity"": 1}], ""order_mode"": ""REGULAR""}",,179.00,2026-05-04T12:00:00+08:00,310
290,"{""id"": 311, ""slip_number"": ""9404850"", ""order_type"": """", ""payment_method"": """", ""table_number"": """", ""items_json"": [{""productId"": 10, ""name"": ""Leg - Unli"", ""price"": 159, ""quantity"": 4}], ""order_mode"": ""REGULAR""}",,636.00,2026-05-04T12:00:00+08:00,311
291,"{""id"": 312, ""slip_number"": ""9404851"", ""order_type"": """", ""payment_method"": """", ""table_number"": """", ""items_json"": [{""productId"": 7, ""name"": ""Pechopak - Meal"", ""price"": 169, ""quantity"": 2}], ""order_mode"": ""REGULAR""}",,338.00,2026-05-04T12:00:00+08:00,312
292,"{""id"": 313, ""slip_number"": ""9404852"", ""order_type"": """", ""payment_method"": """", ""table_number"": """", ""items_json"": [{""productId"": 3, ""name"": ""Icetea - Icetea Glass"", ""price"": 39, ""quantity"": 2}], ""order_mode"": ""REGULAR""}",,78.00,2026-05-04T12:00:00+08:00,313
293,"{""id"": 314, ""slip_number"": ""9404853"", ""order_type"": """", ""payment_method"": """", ""table_number"": """", ""items_json"": [{""productId"": 1, ""name"": ""Coke - Mismo"", ""price"": 25, ""quantity"": 1}, {""productId"": 2, ""name"": ""Rice - Extra"", ""price"": 20, ""quantity"": 1}], ""order_mode"": ""REGULAR""}",,45.00,2026-05-04T12:00:00+08:00,314
294,"{""id"": 315, ""slip_number"": ""9404854"", ""order_type"": """", ""payment_method"": """", ""table_number"": """", ""items_json"": [{""productId"": 7, ""name"": ""Pechopak - Unli"", ""price"": 179, ""quantity"": 2}, {""productId"": 8, ""name"": ""Liempo - Unli"", ""price"": 199, ""quantity"": 2}, {""productId"": 1, ""name"": ""Coke - 1.5"", ""price"": 120, ""quantity"": 1}], ""order_mode"": ""REGULAR""}",,876.00,2026-05-04T12:00:00+08:00,315
295,"{""id"": 316, ""slip_number"": ""9404855"", ""order_type"": """", ""payment_method"": """", ""table_number"": """", ""items_json"": [{""productId"": 10, ""name"": ""Leg - Unli"", ""price"": 159, ""quantity"": 2}, {""productId"": 7, ""name"": ""Pechopak - Meal"", ""price"": 169, ""quantity"": 1}, {""productId"": 3, ""name"": ""Icetea - Icetea Glass"", ""price"": 39, ""quantity"": 2}], ""order_mode"": ""REGULAR""}",,565.00,2026-05-04T12:00:00+08:00,316
296,"{""id"": 317, ""slip_number"": ""9404856"", ""order_type"": """", ""payment_method"": """", ""table_number"": """", ""items_json"": [{""productId"": 8, ""name"": ""Liempo - Meal"", ""price"": 189, ""quantity"": 1}, {""productId"": 3, ""name"": ""Icetea - Icetea Glass"", ""price"": 39, ""quantity"": 2}], ""order_mode"": ""REGULAR""}",,267.00,2026-05-04T12:00:00+08:00,317
297,"{""id"": 318, ""slip_number"": ""9404857"", ""order_type"": """", ""payment_method"": """", ""table_number"": """", ""items_json"": [{""productId"": 7, ""name"": ""Pechopak - Unli"", ""price"": 179, ""quantity"": 4}, {""productId"": 10, ""name"": ""Leg - Meal"", ""price"": 149, ""quantity"": 1}, {""productId"": 10, ""name"": ""Leg - Unli"", ""price"": 159, ""quantity"": 1}], ""order_mode"": ""REGULAR""}",,1024.00,2026-05-04T12:00:00+08:00,318
298,"{""id"": 319, ""slip_number"": ""9404858"", ""order_type"": """", ""payment_method"": """", ""table_number"": """", ""items_json"": [{""productId"": 10, ""name"": ""Leg - Unli"", ""price"": 159, ""quantity"": 2}, {""productId"": 7, ""name"": ""Pechopak - Unli"", ""price"": 179, ""quantity"": 1}, {""productId"": 9, ""name"": ""BBQ - Meal"", ""price"": 139, ""quantity"": 2}, {""productId"": 1, ""name"": ""Coke - 1.5"", ""price"": 120, ""quantity"": 2}], ""order_mode"": ""REGULAR""}",,1015.00,2026-05-04T12:00:00+08:00,319
299,"{""id"": 320, ""slip_number"": ""9404859"", ""order_type"": """", ""payment_method"": """", ""table_number"": """", ""items_json"": [{""productId"": 8, ""name"": ""Liempo - Unli"", ""price"": 199, ""quantity"": 2}, {""productId"": 5, ""name"": ""Sprite - Mismo"", ""price"": 25, ""quantity"": 1}, {""productId"": 3, ""name"": ""Icetea - Icetea Glass"", ""price"": 39, ""quantity"": 1}], ""order_mode"": ""REGULAR""}",,462.00,2026-05-04T12:00:00+08:00,320
300,"{""id"": 321, ""slip_number"": ""9404860"", ""order_type"": """", ""payment_method"": """", ""table_number"": """", ""items_json"": [{""productId"": 7, ""name"": ""Pechopak - Meal"", ""price"": 169, ""quantity"": 1}], ""order_mode"": ""REGULAR""}",,169.00,2026-05-04T12:00:00+08:00,321
301,"{""id"": 322, ""slip_number"": ""9404861"", ""order_type"": """", ""payment_method"": """", ""table_number"": """", ""items_json"": [{""productId"": 10, ""name"": ""Leg - Meal"", ""price"": 149, ""quantity"": 2}], ""order_mode"": ""REGULAR""}",,298.00,2026-05-04T12:00:00+08:00,322
302,"{""id"": 323, ""slip_number"": ""9404862"", ""order_type"": """", ""payment_method"": """", ""table_number"": """", ""items_json"": [{""productId"": 2, ""name"": ""Rice - Extra"", ""price"": 20, ""quantity"": 1}], ""order_mode"": ""REGULAR""}",,20.00,2026-05-04T12:00:00+08:00,323
243,"{""id"": 264, ""slip_number"": ""6490902"", ""order_type"": """", ""payment_method"": """", ""table_number"": """", ""items_json"": [{""productId"": 9, ""name"": ""BBQ - Unli"", ""price"": 149, ""quantity"": 1}, {""productId"": 8, ""name"": ""Liempo - Meal"", ""price"": 189, ""quantity"": 1}, {""productId"": 10, ""name"": ""Leg - Meal"", ""price"": 149, ""quantity"": 1}], ""order_mode"": ""REGULAR""}",,487.00,2026-05-03T12:00:00+08:00,264
244,"{""id"": 265, ""slip_number"": ""6490903"", ""order_type"": """", ""payment_method"": """", ""table_number"": """", ""items_json"": [{""productId"": 7, ""name"": ""Pechopak - Meal"", ""price"": 169, ""quantity"": 1}, {""productId"": 9, ""name"": ""BBQ - Meal"", ""price"": 139, ""quantity"": 1}], ""order_mode"": ""REGULAR""}",,308.00,2026-05-03T12:00:00+08:00,265
245,"{""id"": 266, ""slip_number"": ""6490904"", ""order_type"": """", ""payment_method"": """", ""table_number"": """", ""items_json"": [{""productId"": 10, ""name"": ""Leg - Unli"", ""price"": 159, ""quantity"": 2}], ""order_mode"": ""REGULAR""}",,318.00,2026-05-03T12:00:00+08:00,266
246,"{""id"": 267, ""slip_number"": ""6490905"", ""order_type"": """", ""payment_method"": """", ""table_number"": """", ""items_json"": [{""productId"": 10, ""name"": ""Leg - Only"", ""price"": 139, ""quantity"": 1}], ""order_mode"": ""REGULAR""}",,139.00,2026-05-03T12:00:00+08:00,267
247,"{""id"": 268, ""slip_number"": ""6490906"", ""order_type"": """", ""payment_method"": """", ""table_number"": """", ""items_json"": [{""productId"": 8, ""name"": ""Liempo - Meal"", ""price"": 189, ""quantity"": 1}, {""productId"": 7, ""name"": ""Pechopak - Unli"", ""price"": 179, ""quantity"": 1}, {""productId"": 10, ""name"": ""Leg - Meal"", ""price"": 149, ""quantity"": 1}, {""productId"": 1, ""name"": ""Coke - 1.5"", ""price"": 120, ""quantity"": 1}], ""order_mode"": ""REGULAR""}",,637.00,2026-05-03T12:00:00+08:00,268
248,"{""id"": 269, ""slip_number"": ""6490907"", ""order_type"": """", ""payment_method"": """", ""table_number"": """", ""items_json"": [{""productId"": 10, ""name"": ""Leg - Meal"", ""price"": 149, ""quantity"": 1}, {""productId"": 7, ""name"": ""Pechopak - Unli"", ""price"": 179, ""quantity"": 1}], ""order_mode"": ""REGULAR""}",,328.00,2026-05-03T12:00:00+08:00,269
249,"{""id"": 270, ""slip_number"": ""6490908"", ""order_type"": """", ""payment_method"": """", ""table_number"": """", ""items_json"": [{""productId"": 7, ""name"": ""Pechopak - Unli"", ""price"": 179, ""quantity"": 2}, {""productId"": 1, ""name"": ""Coke - Mismo"", ""price"": 25, ""quantity"": 2}], ""order_mode"": ""REGULAR""}",,408.00,2026-05-03T12:00:00+08:00,270
250,"{""id"": 271, ""slip_number"": ""6490909"", ""order_type"": """", ""payment_method"": """", ""table_number"": """", ""items_json"": [{""productId"": 7, ""name"": ""Pechopak - Meal"", ""price"": 169, ""quantity"": 1}], ""order_mode"": ""REGULAR""}",,169.00,2026-05-03T12:00:00+08:00,271
251,"{""id"": 272, ""slip_number"": ""6490910"", ""order_type"": """", ""payment_method"": """", ""table_number"": """", ""items_json"": [{""productId"": 10, ""name"": ""Leg - Unli"", ""price"": 159, ""quantity"": 4}, {""productId"": 5, ""name"": ""Sprite - 1.5"", ""price"": 120, ""quantity"": 1}], ""order_mode"": ""REGULAR""}",,756.00,2026-05-03T12:00:00+08:00,272
252,"{""id"": 273, ""slip_number"": ""6490911"", ""order_type"": """", ""payment_method"": """", ""table_number"": """", ""items_json"": [{""productId"": 11, ""name"": ""Wings - Unli"", ""price"": 139, ""quantity"": 2}], ""order_mode"": ""REGULAR""}",,278.00,2026-05-03T12:00:00+08:00,273
253,"{""id"": 274, ""slip_number"": ""6490912"", ""order_type"": """", ""payment_method"": """", ""table_number"": """", ""items_json"": [{""productId"": 10, ""name"": ""Leg - Unli"", ""price"": 159, ""quantity"": 2}], ""order_mode"": ""REGULAR""}",,318.00,2026-05-03T12:00:00+08:00,274
254,"{""id"": 275, ""slip_number"": ""6490913"", ""order_type"": """", ""payment_method"": """", ""table_number"": """", ""items_json"": [{""productId"": 10, ""name"": ""Leg - Unli"", ""price"": 159, ""quantity"": 2}], ""order_mode"": ""REGULAR""}",,318.00,2026-05-03T12:00:00+08:00,275
255,"{""id"": 276, ""slip_number"": ""6490914"", ""order_type"": """", ""payment_method"": """", ""table_number"": """", ""items_json"": [{""productId"": 7, ""name"": ""Pechopak - Unli"", ""price"": 179, ""quantity"": 2}], ""order_mode"": ""REGULAR""}",,358.00,2026-05-03T12:00:00+08:00,276
256,"{""id"": 277, ""slip_number"": ""6490915"", ""order_type"": """", ""payment_method"": """", ""table_number"": """", ""items_json"": [{""productId"": 10, ""name"": ""Leg - Meal"", ""price"": 149, ""quantity"": 3}, {""productId"": 1, ""name"": ""Coke - Mismo"", ""price"": 25, ""quantity"": 2}], ""order_mode"": ""REGULAR""}",,497.00,2026-05-03T12:00:00+08:00,277
257,"{""id"": 278, ""slip_number"": ""6490916"", ""order_type"": """", ""payment_method"": """", ""table_number"": """", ""items_json"": [{""productId"": 7, ""name"": ""Pechopak - Unli"", ""price"": 179, ""quantity"": 1}], ""order_mode"": ""REGULAR""}",,179.00,2026-05-03T12:00:00+08:00,278
258,"{""id"": 279, ""slip_number"": ""6490917"", ""order_type"": """", ""payment_method"": """", ""table_number"": """", ""items_json"": [{""productId"": 10, ""name"": ""Leg - Only"", ""price"": 139, ""quantity"": 3}], ""order_mode"": ""REGULAR""}",,417.00,2026-05-03T12:00:00+08:00,279
259,"{""id"": 280, ""slip_number"": ""6490918"", ""order_type"": """", ""payment_method"": """", ""table_number"": """", ""items_json"": [{""productId"": 10, ""name"": ""Leg - Unli"", ""price"": 159, ""quantity"": 1}, {""productId"": 7, ""name"": ""Pechopak - Unli"", ""price"": 179, ""quantity"": 1}], ""order_mode"": ""REGULAR""}",,338.00,2026-05-03T12:00:00+08:00,280
260,"{""id"": 281, ""slip_number"": ""6490919"", ""order_type"": """", ""payment_method"": """", ""table_number"": """", ""items_json"": [{""productId"": 8, ""name"": ""Liempo - Meal"", ""price"": 189, ""quantity"": 1}], ""order_mode"": ""REGULAR""}",,189.00,2026-05-03T12:00:00+08:00,281
261,"{""id"": 282, ""slip_number"": ""6490920"", ""order_type"": """", ""payment_method"": """", ""table_number"": """", ""items_json"": [{""productId"": 9, ""name"": ""BBQ - Meal"", ""price"": 139, ""quantity"": 1}, {""productId"": 10, ""name"": ""Leg - Unli"", ""price"": 159, ""quantity"": 1}, {""productId"": 1, ""name"": ""Coke - Mismo"", ""price"": 25, ""quantity"": 1}, {""productId"": 4, ""name"": ""Royal - Mismo"", ""price"": 25, ""quantity"": 1}], ""order_mode"": ""REGULAR""}",,348.00,2026-05-03T12:00:00+08:00,282
262,"{""id"": 283, ""slip_number"": ""9404821"", ""order_type"": """", ""payment_method"": """", ""table_number"": """", ""items_json"": [{""productId"": 7, ""name"": ""Pechopak - Meal"", ""price"": 169, ""quantity"": 2}, {""productId"": 10, ""name"": ""Leg - Meal"", ""price"": 149, ""quantity"": 1}, {""productId"": 7, ""name"": ""Pechopak - Unli"", ""price"": 179, ""quantity"": 3}], ""order_mode"": ""REGULAR""}",,1024.00,2026-05-03T12:00:00+08:00,283
263,"{""id"": 284, ""slip_number"": ""9404822"", ""order_type"": """", ""payment_method"": """", ""table_number"": """", ""items_json"": [{""productId"": 10, ""name"": ""Leg - Meal"", ""price"": 149, ""quantity"": 1}, {""productId"": 7, ""name"": ""Pechopak - Meal"", ""price"": 169, ""quantity"": 1}, {""productId"": 3, ""name"": ""Icetea - Icetea Glass"", ""price"": 39, ""quantity"": 1}], ""order_mode"": ""REGULAR""}",,357.00,2026-05-03T12:00:00+08:00,284
264,"{""id"": 285, ""slip_number"": ""9404823"", ""order_type"": """", ""payment_method"": """", ""table_number"": """", ""items_json"": [{""productId"": 2, ""name"": ""Rice - Extra"", ""price"": 20, ""quantity"": 1}], ""order_mode"": ""REGULAR""}",,20.00,2026-05-03T12:00:00+08:00,285
265,"{""id"": 286, ""slip_number"": ""9404824"", ""order_type"": """", ""payment_method"": """", ""table_number"": """", ""items_json"": [{""productId"": 7, ""name"": ""Pechopak - Only"", ""price"": 159, ""quantity"": 1}], ""order_mode"": ""REGULAR""}",,159.00,2026-05-03T12:00:00+08:00,286
266,"{""id"": 287, ""slip_number"": ""9404825"", ""order_type"": """", ""payment_method"": """", ""table_number"": """", ""items_json"": [{""productId"": 7, ""name"": ""Pechopak - Unli"", ""price"": 179, ""quantity"": 3}, {""productId"": 7, ""name"": ""Pechopak - Meal"", ""price"": 169, ""quantity"": 1}], ""order_mode"": ""REGULAR""}",,706.00,2026-05-03T12:00:00+08:00,287
267,"{""id"": 288, ""slip_number"": ""9404826"", ""order_type"": """", ""payment_method"": """", ""table_number"": """", ""items_json"": [{""productId"": 8, ""name"": ""Liempo - Unli"", ""price"": 199, ""quantity"": 1}, {""productId"": 7, ""name"": ""Pechopak - Meal"", ""price"": 169, ""quantity"": 1}, {""productId"": 3, ""name"": ""Icetea - Icetea Glass"", ""price"": 39, ""quantity"": 1}], ""order_mode"": ""REGULAR""}",,407.00,2026-05-03T12:00:00+08:00,288
268,"{""id"": 289, ""slip_number"": ""9404827"", ""order_type"": """", ""payment_method"": """", ""table_number"": """", ""items_json"": [{""productId"": 10, ""name"": ""Leg - Unli"", ""price"": 159, ""quantity"": 1}, {""productId"": 7, ""name"": ""Pechopak - Meal"", ""price"": 169, ""quantity"": 1}, {""productId"": 7, ""name"": ""Pechopak - Unli"", ""price"": 179, ""quantity"": 1}, {""productId"": 3, ""name"": ""Icetea - Icetea Glass"", ""price"": 39, ""quantity"": 2}], ""order_mode"": ""REGULAR""}",,585.00,2026-05-03T12:00:00+08:00,289
269,"{""id"": 290, ""slip_number"": ""9404828"", ""order_type"": """", ""payment_method"": """", ""table_number"": """", ""items_json"": [{""productId"": 11, ""name"": ""Wings - Unli"", ""price"": 139, ""quantity"": 2}], ""order_mode"": ""REGULAR""}",,278.00,2026-05-03T12:00:00+08:00,290
270,"{""id"": 291, ""slip_number"": ""9404829"", ""order_type"": """", ""payment_method"": """", ""table_number"": """", ""items_json"": [{""productId"": 11, ""name"": ""Wings - Unli"", ""price"": 139, ""quantity"": 4}], ""order_mode"": ""REGULAR""}",,556.00,2026-05-03T12:00:00+08:00,291
271,"{""id"": 292, ""slip_number"": ""9404830"", ""order_type"": """", ""payment_method"": """", ""table_number"": """", ""items_json"": [{""productId"": 9, ""name"": ""BBQ - Unli"", ""price"": 149, ""quantity"": 1}], ""order_mode"": ""REGULAR""}",,149.00,2026-05-03T12:00:00+08:00,292
272,"{""id"": 293, ""slip_number"": ""9404831"", ""order_type"": """", ""payment_method"": """", ""table_number"": """", ""items_json"": [{""productId"": 3, ""name"": ""Icetea - Icetea Glass"", ""price"": 39, ""quantity"": 2}], ""order_mode"": ""REGULAR""}",,78.00,2026-05-03T12:00:00+08:00,293
273,"{""id"": 294, ""slip_number"": ""9404832"", ""order_type"": """", ""payment_method"": """", ""table_number"": """", ""items_json"": [{""productId"": 3, ""name"": ""Icetea - Icetea Pitcher"", ""price"": 129, ""quantity"": 1}], ""order_mode"": ""REGULAR""}",,129.00,2026-05-03T12:00:00+08:00,294
274,"{""id"": 295, ""slip_number"": ""9404833"", ""order_type"": """", ""payment_method"": """", ""table_number"": """", ""items_json"": [{""productId"": 9, ""name"": ""BBQ - Only"", ""price"": 129, ""quantity"": 1}], ""order_mode"": ""REGULAR""}",,129.00,2026-05-03T12:00:00+08:00,295
275,"{""id"": 296, ""slip_number"": ""9404834"", ""order_type"": """", ""payment_method"": """", ""table_number"": """", ""items_json"": [{""productId"": 7, ""name"": ""Pechopak - Unli"", ""price"": 179, ""quantity"": 1}, {""productId"": 9, ""name"": ""BBQ - Meal"", ""price"": 139, ""quantity"": 1}], ""order_mode"": ""REGULAR""}",,318.00,2026-05-03T12:00:00+08:00,296
217,"{""id"": 238, ""slip_number"": ""6490875"", ""order_type"": """", ""payment_method"": """", ""table_number"": """", ""items_json"": [{""productId"": 10, ""name"": ""Leg - Meal"", ""price"": 149, ""quantity"": 2}, {""productId"": 9, ""name"": ""BBQ - Unli"", ""price"": 149, ""quantity"": 1}, {""productId"": 1, ""name"": ""Coke - Mismo"", ""price"": 25, ""quantity"": 2}], ""order_mode"": ""REGULAR""}",,497.00,2026-05-02T12:00:00+08:00,238
218,"{""id"": 239, ""slip_number"": ""6490876"", ""order_type"": """", ""payment_method"": """", ""table_number"": """", ""items_json"": [{""productId"": 10, ""name"": ""Leg - Unli"", ""price"": 159, ""quantity"": 1}], ""order_mode"": ""REGULAR""}",,159.00,2026-05-02T12:00:00+08:00,239
219,"{""id"": 240, ""slip_number"": ""6490877"", ""order_type"": """", ""payment_method"": """", ""table_number"": """", ""items_json"": [{""productId"": 7, ""name"": ""Pechopak - Unli"", ""price"": 179, ""quantity"": 1}, {""productId"": 8, ""name"": ""Liempo - Unli"", ""price"": 199, ""quantity"": 1}], ""order_mode"": ""REGULAR""}",,378.00,2026-05-02T12:00:00+08:00,240
220,"{""id"": 241, ""slip_number"": ""6490878"", ""order_type"": """", ""payment_method"": """", ""table_number"": """", ""items_json"": [{""productId"": 10, ""name"": ""Leg - Meal"", ""price"": 149, ""quantity"": 1}, {""productId"": 10, ""name"": ""Leg - Unli"", ""price"": 159, ""quantity"": 1}], ""order_mode"": ""REGULAR""}",,308.00,2026-05-02T12:00:00+08:00,241
221,"{""id"": 242, ""slip_number"": ""6490879"", ""order_type"": """", ""payment_method"": """", ""table_number"": """", ""items_json"": [{""productId"": 7, ""name"": ""Pechopak - Unli"", ""price"": 179, ""quantity"": 1}, {""productId"": 8, ""name"": ""Liempo - Meal"", ""price"": 189, ""quantity"": 1}, {""productId"": 1, ""name"": ""Coke - Mismo"", ""price"": 25, ""quantity"": 1}, {""productId"": 4, ""name"": ""Royal - Mismo"", ""price"": 25, ""quantity"": 1}], ""order_mode"": ""REGULAR""}",,418.00,2026-05-02T12:00:00+08:00,242
222,"{""id"": 243, ""slip_number"": ""6490880"", ""order_type"": """", ""payment_method"": """", ""table_number"": """", ""items_json"": [{""productId"": 9, ""name"": ""BBQ - Meal"", ""price"": 139, ""quantity"": 1}, {""productId"": 10, ""name"": ""Leg - Unli"", ""price"": 159, ""quantity"": 1}], ""order_mode"": ""REGULAR""}",,298.00,2026-05-02T12:00:00+08:00,243
223,"{""id"": 244, ""slip_number"": ""6490881"", ""order_type"": """", ""payment_method"": """", ""table_number"": """", ""items_json"": [{""productId"": 9, ""name"": ""BBQ - Meal"", ""price"": 139, ""quantity"": 1}], ""order_mode"": ""REGULAR""}",,139.00,2026-05-02T12:00:00+08:00,244
224,"{""id"": 245, ""slip_number"": ""6490882"", ""order_type"": """", ""payment_method"": """", ""table_number"": """", ""items_json"": [{""productId"": 8, ""name"": ""Liempo - Unli"", ""price"": 199, ""quantity"": 1}, {""productId"": 10, ""name"": ""Leg - Meal"", ""price"": 149, ""quantity"": 1}], ""order_mode"": ""REGULAR""}",,348.00,2026-05-02T12:00:00+08:00,245
225,"{""id"": 246, ""slip_number"": ""6490883"", ""order_type"": """", ""payment_method"": """", ""table_number"": """", ""items_json"": [{""productId"": 8, ""name"": ""Liempo - Meal"", ""price"": 189, ""quantity"": 2}], ""order_mode"": ""REGULAR""}",,378.00,2026-05-02T12:00:00+08:00,246
226,"{""id"": 247, ""slip_number"": ""6490884"", ""order_type"": """", ""payment_method"": """", ""table_number"": """", ""items_json"": [{""productId"": 10, ""name"": ""Leg - Meal"", ""price"": 149, ""quantity"": 2}, {""productId"": 1, ""name"": ""Coke - Mismo"", ""price"": 25, ""quantity"": 1}, {""productId"": 4, ""name"": ""Royal - Mismo"", ""price"": 25, ""quantity"": 1}], ""order_mode"": ""REGULAR""}",,348.00,2026-05-02T12:00:00+08:00,247
227,"{""id"": 248, ""slip_number"": ""6490886"", ""order_type"": """", ""payment_method"": """", ""table_number"": """", ""items_json"": [{""productId"": 9, ""name"": ""BBQ - Meal"", ""price"": 139, ""quantity"": 1}, {""productId"": 10, ""name"": ""Leg - Meal"", ""price"": 149, ""quantity"": 1}], ""order_mode"": ""REGULAR""}",,288.00,2026-05-02T12:00:00+08:00,248
228,"{""id"": 249, ""slip_number"": ""6490887"", ""order_type"": """", ""payment_method"": """", ""table_number"": """", ""items_json"": [{""productId"": 9, ""name"": ""BBQ - Only"", ""price"": 129, ""quantity"": 3}], ""order_mode"": ""REGULAR""}",,387.00,2026-05-02T12:00:00+08:00,249
229,"{""id"": 250, ""slip_number"": ""6490888"", ""order_type"": """", ""payment_method"": """", ""table_number"": """", ""items_json"": [{""productId"": 7, ""name"": ""Pechopak - Unli"", ""price"": 179, ""quantity"": 1}, {""productId"": 9, ""name"": ""BBQ - Meal"", ""price"": 139, ""quantity"": 1}], ""order_mode"": ""REGULAR""}",,318.00,2026-05-02T12:00:00+08:00,250
230,"{""id"": 251, ""slip_number"": ""6490889"", ""order_type"": """", ""payment_method"": """", ""table_number"": """", ""items_json"": [{""productId"": 10, ""name"": ""Leg - Unli"", ""price"": 159, ""quantity"": 1}, {""productId"": 7, ""name"": ""Pechopak - Meal"", ""price"": 169, ""quantity"": 1}], ""order_mode"": ""REGULAR""}",,328.00,2026-05-02T12:00:00+08:00,251
231,"{""id"": 252, ""slip_number"": ""6490890"", ""order_type"": """", ""payment_method"": """", ""table_number"": """", ""items_json"": [{""productId"": 8, ""name"": ""Liempo - Meal"", ""price"": 189, ""quantity"": 1}, {""productId"": 7, ""name"": ""Pechopak - Meal"", ""price"": 169, ""quantity"": 1}], ""order_mode"": ""REGULAR""}",,358.00,2026-05-02T12:00:00+08:00,252
232,"{""id"": 253, ""slip_number"": ""6490891"", ""order_type"": """", ""payment_method"": """", ""table_number"": """", ""items_json"": [{""productId"": 10, ""name"": ""Leg - Unli"", ""price"": 159, ""quantity"": 2}, {""productId"": 7, ""name"": ""Pechopak - Unli"", ""price"": 179, ""quantity"": 1}], ""order_mode"": ""REGULAR""}",,497.00,2026-05-02T12:00:00+08:00,253
233,"{""id"": 254, ""slip_number"": ""6490892"", ""order_type"": """", ""payment_method"": """", ""table_number"": """", ""items_json"": [{""productId"": 8, ""name"": ""Liempo - Meal"", ""price"": 189, ""quantity"": 1}, {""productId"": 0, ""name"": ""Delivery Fee 1"", ""price"": 0, ""quantity"": 1}], ""order_mode"": ""REGULAR""}",,189.00,2026-05-02T12:00:00+08:00,254
234,"{""id"": 255, ""slip_number"": ""6490893"", ""order_type"": """", ""payment_method"": """", ""table_number"": """", ""items_json"": [{""productId"": 10, ""name"": ""Leg - Meal"", ""price"": 149, ""quantity"": 1}, {""productId"": 8, ""name"": ""Liempo - Meal"", ""price"": 189, ""quantity"": 1}], ""order_mode"": ""REGULAR""}",,338.00,2026-05-02T12:00:00+08:00,255
235,"{""id"": 256, ""slip_number"": ""6490894"", ""order_type"": """", ""payment_method"": """", ""table_number"": """", ""items_json"": [{""productId"": 7, ""name"": ""Pechopak - Meal"", ""price"": 169, ""quantity"": 1}, {""productId"": 7, ""name"": ""Pechopak - Unli"", ""price"": 179, ""quantity"": 1}], ""order_mode"": ""REGULAR""}",,348.00,2026-05-02T12:00:00+08:00,256
236,"{""id"": 257, ""slip_number"": ""6490895"", ""order_type"": """", ""payment_method"": """", ""table_number"": """", ""items_json"": [{""productId"": 7, ""name"": ""Pechopak - Unli"", ""price"": 179, ""quantity"": 4}, {""productId"": 7, ""name"": ""Pechopak - Meal"", ""price"": 169, ""quantity"": 1}, {""productId"": 10, ""name"": ""Leg - Meal"", ""price"": 149, ""quantity"": 2}, {""productId"": 10, ""name"": ""Leg - Unli"", ""price"": 159, ""quantity"": 1}], ""order_mode"": ""REGULAR""}",,1342.00,2026-05-02T12:00:00+08:00,257
237,"{""id"": 258, ""slip_number"": ""6490896"", ""order_type"": """", ""payment_method"": """", ""table_number"": """", ""items_json"": [{""productId"": 9, ""name"": ""BBQ - Unli"", ""price"": 149, ""quantity"": 1}, {""productId"": 10, ""name"": ""Leg - Meal"", ""price"": 149, ""quantity"": 1}], ""order_mode"": ""REGULAR""}",,298.00,2026-05-02T12:00:00+08:00,258
238,"{""id"": 259, ""slip_number"": ""6490897"", ""order_type"": """", ""payment_method"": """", ""table_number"": """", ""items_json"": [{""productId"": 7, ""name"": ""Pechopak - Meal"", ""price"": 169, ""quantity"": 2}, {""productId"": 8, ""name"": ""Liempo - Meal"", ""price"": 189, ""quantity"": 1}], ""order_mode"": ""REGULAR""}",,527.00,2026-05-02T12:00:00+08:00,259
239,"{""id"": 260, ""slip_number"": ""6490898"", ""order_type"": """", ""payment_method"": """", ""table_number"": """", ""items_json"": [{""productId"": 11, ""name"": ""Wings - Only"", ""price"": 119, ""quantity"": 1}], ""order_mode"": ""REGULAR""}",,119.00,2026-05-02T12:00:00+08:00,260
240,"{""id"": 261, ""slip_number"": ""6490899"", ""order_type"": """", ""payment_method"": """", ""table_number"": """", ""items_json"": [{""productId"": 7, ""name"": ""Pechopak - Only"", ""price"": 159, ""quantity"": 1}], ""order_mode"": ""REGULAR""}",,159.00,2026-05-02T12:00:00+08:00,261
241,"{""id"": 262, ""slip_number"": ""6490900"", ""order_type"": """", ""payment_method"": """", ""table_number"": """", ""items_json"": [{""productId"": 8, ""name"": ""Liempo - Meal"", ""price"": 189, ""quantity"": 1}], ""order_mode"": ""REGULAR""}",,189.00,2026-05-02T12:00:00+08:00,262
242,"{""id"": 263, ""slip_number"": ""6490901"", ""order_type"": """", ""payment_method"": """", ""table_number"": """", ""items_json"": [{""productId"": 10, ""name"": ""Leg - Unli"", ""price"": 159, ""quantity"": 2}, {""productId"": 1, ""name"": ""Coke - Mismo"", ""price"": 25, ""quantity"": 2}], ""order_mode"": ""REGULAR""}",,368.00,2026-05-02T12:00:00+08:00,263
196,"{""id"": 217, ""slip_number"": ""9740694"", ""order_type"": """", ""payment_method"": """", ""table_number"": """", ""items_json"": [{""productId"": 10, ""name"": ""Leg - Meal"", ""price"": 149, ""quantity"": 1}], ""order_mode"": ""REGULAR""}",,149.00,2026-05-01T12:00:00+08:00,217
197,"{""id"": 218, ""slip_number"": ""9740695"", ""order_type"": """", ""payment_method"": """", ""table_number"": """", ""items_json"": [{""productId"": 9, ""name"": ""BBQ - Only"", ""price"": 129, ""quantity"": 2}], ""order_mode"": ""REGULAR""}",,258.00,2026-05-01T12:00:00+08:00,218
198,"{""id"": 219, ""slip_number"": ""9740696"", ""order_type"": """", ""payment_method"": """", ""table_number"": """", ""items_json"": [{""productId"": 11, ""name"": ""Wings - Unli"", ""price"": 139, ""quantity"": 1}, {""productId"": 10, ""name"": ""Leg - Unli"", ""price"": 159, ""quantity"": 1}], ""order_mode"": ""REGULAR""}",,298.00,2026-05-01T12:00:00+08:00,219
199,"{""id"": 220, ""slip_number"": ""9740697"", ""order_type"": """", ""payment_method"": """", ""table_number"": """", ""items_json"": [{""productId"": 10, ""name"": ""Leg - Unli"", ""price"": 159, ""quantity"": 2}, {""productId"": 1, ""name"": ""Coke - Mismo"", ""price"": 25, ""quantity"": 1}], ""order_mode"": ""REGULAR""}",,343.00,2026-05-01T12:00:00+08:00,220
200,"{""id"": 221, ""slip_number"": ""9740698"", ""order_type"": """", ""payment_method"": """", ""table_number"": """", ""items_json"": [{""productId"": 11, ""name"": ""Wings - Meal"", ""price"": 129, ""quantity"": 4}, {""productId"": 7, ""name"": ""Pechopak - Unli"", ""price"": 179, ""quantity"": 2}, {""productId"": 10, ""name"": ""Leg - Meal"", ""price"": 149, ""quantity"": 1}, {""productId"": 8, ""name"": ""Liempo - Unli"", ""price"": 199, ""quantity"": 1}, {""productId"": 1, ""name"": ""Coke - 1 Glass"", ""price"": 30, ""quantity"": 4}], ""order_mode"": ""REGULAR""}",,1342.00,2026-05-01T12:00:00+08:00,221
201,"{""id"": 222, ""slip_number"": ""9740699"", ""order_type"": """", ""payment_method"": """", ""table_number"": """", ""items_json"": [{""productId"": 7, ""name"": ""Pechopak - Unli"", ""price"": 179, ""quantity"": 1}, {""productId"": 8, ""name"": ""Liempo - Unli"", ""price"": 199, ""quantity"": 1}], ""order_mode"": ""REGULAR""}",,378.00,2026-05-01T12:00:00+08:00,222
202,"{""id"": 223, ""slip_number"": ""9740700"", ""order_type"": """", ""payment_method"": """", ""table_number"": """", ""items_json"": [{""productId"": 1, ""name"": ""Coke - 1 Glass"", ""price"": 30, ""quantity"": 4}], ""order_mode"": ""REGULAR""}",,120.00,2026-05-01T12:00:00+08:00,223
203,"{""id"": 224, ""slip_number"": ""6490861"", ""order_type"": """", ""payment_method"": """", ""table_number"": """", ""items_json"": [{""productId"": 7, ""name"": ""Pechopak - Unli"", ""price"": 179, ""quantity"": 2}], ""order_mode"": ""REGULAR""}",,358.00,2026-05-01T12:00:00+08:00,224
204,"{""id"": 225, ""slip_number"": ""6490862"", ""order_type"": """", ""payment_method"": """", ""table_number"": """", ""items_json"": [{""productId"": 7, ""name"": ""Pechopak - Unli"", ""price"": 179, ""quantity"": 1}, {""productId"": 10, ""name"": ""Leg - Meal"", ""price"": 149, ""quantity"": 1}], ""order_mode"": ""REGULAR""}",,328.00,2026-05-01T12:00:00+08:00,225
205,"{""id"": 226, ""slip_number"": ""6490863"", ""order_type"": """", ""payment_method"": """", ""table_number"": """", ""items_json"": [{""productId"": 1, ""name"": ""Coke - Mismo"", ""price"": 25, ""quantity"": 2}], ""order_mode"": ""REGULAR""}",,50.00,2026-05-01T12:00:00+08:00,226
206,"{""id"": 227, ""slip_number"": ""6490864"", ""order_type"": """", ""payment_method"": """", ""table_number"": """", ""items_json"": [{""productId"": 10, ""name"": ""Leg - Unli"", ""price"": 159, ""quantity"": 1}], ""order_mode"": ""REGULAR""}",,159.00,2026-05-01T12:00:00+08:00,227
207,"{""id"": 228, ""slip_number"": ""6490865"", ""order_type"": """", ""payment_method"": """", ""table_number"": """", ""items_json"": [{""productId"": 10, ""name"": ""Leg - Unli"", ""price"": 159, ""quantity"": 3}, {""productId"": 5, ""name"": ""Sprite - 1 Glass"", ""price"": 30, ""quantity"": 4}], ""order_mode"": ""REGULAR""}",,597.00,2026-05-01T12:00:00+08:00,228
208,"{""id"": 229, ""slip_number"": ""6490866"", ""order_type"": """", ""payment_method"": """", ""table_number"": """", ""items_json"": [{""productId"": 7, ""name"": ""Pechopak - Meal"", ""price"": 169, ""quantity"": 1}, {""productId"": 7, ""name"": ""Pechopak - Unli"", ""price"": 179, ""quantity"": 3}, {""productId"": 5, ""name"": ""Sprite - 1 Glass"", ""price"": 30, ""quantity"": 4}], ""order_mode"": ""REGULAR""}",,826.00,2026-05-01T12:00:00+08:00,229
209,"{""id"": 230, ""slip_number"": ""6490867"", ""order_type"": """", ""payment_method"": """", ""table_number"": """", ""items_json"": [{""productId"": 10, ""name"": ""Leg - Unli"", ""price"": 159, ""quantity"": 1}, {""productId"": 7, ""name"": ""Pechopak - Unli"", ""price"": 179, ""quantity"": 1}], ""order_mode"": ""REGULAR""}",,338.00,2026-05-01T12:00:00+08:00,230
210,"{""id"": 231, ""slip_number"": ""6490868"", ""order_type"": """", ""payment_method"": """", ""table_number"": """", ""items_json"": [{""productId"": 10, ""name"": ""Leg - Unli"", ""price"": 159, ""quantity"": 1}, {""productId"": 7, ""name"": ""Pechopak - Unli"", ""price"": 179, ""quantity"": 1}], ""order_mode"": ""REGULAR""}",,338.00,2026-05-01T12:00:00+08:00,231
211,"{""id"": 232, ""slip_number"": ""6490869"", ""order_type"": """", ""payment_method"": """", ""table_number"": """", ""items_json"": [{""productId"": 10, ""name"": ""Leg - Meal"", ""price"": 149, ""quantity"": 1}], ""order_mode"": ""REGULAR""}",,149.00,2026-05-01T12:00:00+08:00,232
212,"{""id"": 233, ""slip_number"": ""6490870"", ""order_type"": """", ""payment_method"": """", ""table_number"": """", ""items_json"": [{""productId"": 10, ""name"": ""Leg - Meal"", ""price"": 149, ""quantity"": 2}, {""productId"": 8, ""name"": ""Liempo - Unli"", ""price"": 199, ""quantity"": 1}, {""productId"": 1, ""name"": ""Coke - 1 Glass"", ""price"": 30, ""quantity"": 4}], ""order_mode"": ""REGULAR""}",,617.00,2026-05-01T12:00:00+08:00,233
213,"{""id"": 234, ""slip_number"": ""6490871"", ""order_type"": """", ""payment_method"": """", ""table_number"": """", ""items_json"": [{""productId"": 10, ""name"": ""Leg - Unli"", ""price"": 159, ""quantity"": 1}, {""productId"": 9, ""name"": ""BBQ - Meal"", ""price"": 139, ""quantity"": 1}, {""productId"": 1, ""name"": ""Coke - Mismo"", ""price"": 25, ""quantity"": 1}], ""order_mode"": ""REGULAR""}",,323.00,2026-05-01T12:00:00+08:00,234
214,"{""id"": 235, ""slip_number"": ""6490872"", ""order_type"": """", ""payment_method"": """", ""table_number"": """", ""items_json"": [{""productId"": 10, ""name"": ""Leg - Unli"", ""price"": 159, ""quantity"": 2}], ""order_mode"": ""REGULAR""}",,318.00,2026-05-01T12:00:00+08:00,235
215,"{""id"": 236, ""slip_number"": ""6490873"", ""order_type"": """", ""payment_method"": """", ""table_number"": """", ""items_json"": [{""productId"": 5, ""name"": ""Sprite - 1 Glass"", ""price"": 30, ""quantity"": 1}], ""order_mode"": ""REGULAR""}",,30.00,2026-05-01T12:00:00+08:00,236
216,"{""id"": 237, ""slip_number"": ""6490874"", ""order_type"": """", ""payment_method"": """", ""table_number"": """", ""items_json"": [{""productId"": 7, ""name"": ""Pechopak - Meal"", ""price"": 169, ""quantity"": 1}, {""productId"": 11, ""name"": ""Wings - Meal"", ""price"": 129, ""quantity"": 1}], ""order_mode"": ""REGULAR""}",,298.00,2026-05-01T12:00:00+08:00,237
178,"{""id"": 199, ""slip_number"": ""6049645"", ""order_type"": """", ""payment_method"": """", ""table_number"": """", ""items_json"": [{""productId"": 7, ""name"": ""Pechopak - Meal"", ""price"": 169, ""quantity"": 4}, {""productId"": 10, ""name"": ""Leg - Meal"", ""price"": 149, ""quantity"": 3}, {""productId"": 11, ""name"": ""Wings - Meal"", ""price"": 129, ""quantity"": 1}, {""productId"": 9, ""name"": ""BBQ - Meal"", ""price"": 139, ""quantity"": 1}, {""productId"": 0, ""name"": ""Delivery Fee 1"", ""price"": 0, ""quantity"": 1}], ""order_mode"": ""REGULAR""}",,1391.00,2026-04-30T12:00:00+08:00,199
179,"{""id"": 200, ""slip_number"": ""6049646"", ""order_type"": """", ""payment_method"": """", ""table_number"": """", ""items_json"": [{""productId"": 11, ""name"": ""Wings - One Piece Only"", ""price"": 69, ""quantity"": 3}], ""order_mode"": ""REGULAR""}",,207.00,2026-04-30T12:00:00+08:00,200
180,"{""id"": 201, ""slip_number"": ""6049647"", ""order_type"": """", ""payment_method"": """", ""table_number"": """", ""items_json"": [{""productId"": 9, ""name"": ""BBQ - Only"", ""price"": 129, ""quantity"": 1}], ""order_mode"": ""REGULAR""}",,129.00,2026-04-30T12:00:00+08:00,201
181,"{""id"": 202, ""slip_number"": ""6049648"", ""order_type"": """", ""payment_method"": """", ""table_number"": """", ""items_json"": [{""productId"": 10, ""name"": ""Leg - Meal"", ""price"": 149, ""quantity"": 1}], ""order_mode"": ""REGULAR""}",,149.00,2026-04-30T12:00:00+08:00,202
182,"{""id"": 203, ""slip_number"": ""6049649"", ""order_type"": """", ""payment_method"": """", ""table_number"": """", ""items_json"": [{""productId"": 7, ""name"": ""Pechopak - Unli"", ""price"": 179, ""quantity"": 1}], ""order_mode"": ""REGULAR""}",,179.00,2026-04-30T12:00:00+08:00,203
183,"{""id"": 204, ""slip_number"": ""6049650"", ""order_type"": """", ""payment_method"": """", ""table_number"": """", ""items_json"": [{""productId"": 7, ""name"": ""Pechopak - Unli"", ""price"": 179, ""quantity"": 2}], ""order_mode"": ""REGULAR""}",,358.00,2026-04-30T12:00:00+08:00,204
184,"{""id"": 205, ""slip_number"": ""6049651"", ""order_type"": """", ""payment_method"": """", ""table_number"": """", ""items_json"": [{""productId"": 11, ""name"": ""Wings - Unli"", ""price"": 139, ""quantity"": 1}], ""order_mode"": ""REGULAR""}",,139.00,2026-04-30T12:00:00+08:00,205
185,"{""id"": 206, ""slip_number"": ""6049652"", ""order_type"": """", ""payment_method"": """", ""table_number"": """", ""items_json"": [{""productId"": 10, ""name"": ""Leg - Meal"", ""price"": 149, ""quantity"": 1}, {""productId"": 7, ""name"": ""Pechopak - Meal"", ""price"": 169, ""quantity"": 1}], ""order_mode"": ""REGULAR""}",,318.00,2026-04-30T12:00:00+08:00,206
186,"{""id"": 207, ""slip_number"": ""6049653"", ""order_type"": """", ""payment_method"": """", ""table_number"": """", ""items_json"": [{""productId"": 7, ""name"": ""Pechopak - Unli"", ""price"": 179, ""quantity"": 1}, {""productId"": 7, ""name"": ""Pechopak - Meal"", ""price"": 169, ""quantity"": 2}], ""order_mode"": ""REGULAR""}",,517.00,2026-04-30T12:00:00+08:00,207
187,"{""id"": 208, ""slip_number"": ""6049654"", ""order_type"": """", ""payment_method"": """", ""table_number"": """", ""items_json"": [{""productId"": 10, ""name"": ""Leg - Meal"", ""price"": 149, ""quantity"": 2}], ""order_mode"": ""REGULAR""}",,298.00,2026-04-30T12:00:00+08:00,208
188,"{""id"": 209, ""slip_number"": ""6049655"", ""order_type"": """", ""payment_method"": """", ""table_number"": """", ""items_json"": [{""productId"": 8, ""name"": ""Liempo - Meal"", ""price"": 189, ""quantity"": 1}, {""productId"": 10, ""name"": ""Leg - Unli"", ""price"": 159, ""quantity"": 1}], ""order_mode"": ""REGULAR""}",,348.00,2026-04-30T12:00:00+08:00,209
189,"{""id"": 210, ""slip_number"": ""6049656"", ""order_type"": """", ""payment_method"": """", ""table_number"": """", ""items_json"": [{""productId"": 10, ""name"": ""Leg - Meal"", ""price"": 149, ""quantity"": 1}], ""order_mode"": ""REGULAR""}",,149.00,2026-04-30T12:00:00+08:00,210
190,"{""id"": 211, ""slip_number"": ""6049657"", ""order_type"": """", ""payment_method"": """", ""table_number"": """", ""items_json"": [{""productId"": 10, ""name"": ""Leg - Meal"", ""price"": 149, ""quantity"": 2}], ""order_mode"": ""REGULAR""}",,298.00,2026-04-30T12:00:00+08:00,211
191,"{""id"": 212, ""slip_number"": ""6049658"", ""order_type"": """", ""payment_method"": """", ""table_number"": """", ""items_json"": [{""productId"": 8, ""name"": ""Liempo - Meal"", ""price"": 189, ""quantity"": 1}, {""productId"": 9, ""name"": ""BBQ - Meal"", ""price"": 139, ""quantity"": 4}, {""productId"": 10, ""name"": ""Leg - Unli"", ""price"": 159, ""quantity"": 2}, {""productId"": 1, ""name"": ""Coke - 1 Glass"", ""price"": 30, ""quantity"": 4}], ""order_mode"": ""REGULAR""}",,1183.00,2026-04-30T12:00:00+08:00,212
192,"{""id"": 213, ""slip_number"": ""6049659"", ""order_type"": """", ""payment_method"": """", ""table_number"": """", ""items_json"": [{""productId"": 10, ""name"": ""Leg - Only"", ""price"": 139, ""quantity"": 1}], ""order_mode"": ""REGULAR""}",,139.00,2026-04-30T12:00:00+08:00,213
193,"{""id"": 214, ""slip_number"": ""6049660"", ""order_type"": """", ""payment_method"": """", ""table_number"": """", ""items_json"": [{""productId"": 10, ""name"": ""Leg - Unli"", ""price"": 159, ""quantity"": 2}, {""productId"": 9, ""name"": ""BBQ - Meal"", ""price"": 139, ""quantity"": 1}], ""order_mode"": ""REGULAR""}",,457.00,2026-04-30T12:00:00+08:00,214
194,"{""id"": 215, ""slip_number"": ""9740692"", ""order_type"": """", ""payment_method"": """", ""table_number"": """", ""items_json"": [{""productId"": 11, ""name"": ""Wings - Unli"", ""price"": 139, ""quantity"": 2}], ""order_mode"": ""REGULAR""}",,278.00,2026-04-30T12:00:00+08:00,215
195,"{""id"": 216, ""slip_number"": ""9740693"", ""order_type"": """", ""payment_method"": """", ""table_number"": """", ""items_json"": [{""productId"": 2, ""name"": ""Rice - Extra"", ""price"": 20, ""quantity"": 2}], ""order_mode"": ""REGULAR""}",,40.00,2026-04-30T12:00:00+08:00,216
154,"{""id"": 175, ""slip_number"": ""6049621"", ""order_type"": """", ""payment_method"": """", ""table_number"": """", ""items_json"": [{""productId"": 7, ""name"": ""Pechopak - Unli"", ""price"": 179, ""quantity"": 1}, {""productId"": 0, ""name"": ""Pakpak solo (temp 100)"", ""price"": 0, ""quantity"": 1}, {""productId"": 7, ""name"": ""Pechopak - Meal"", ""price"": 169, ""quantity"": 1}], ""order_mode"": ""REGULAR""}",,348.00,2026-04-29T12:00:00+08:00,175
155,"{""id"": 176, ""slip_number"": ""6049622"", ""order_type"": """", ""payment_method"": """", ""table_number"": """", ""items_json"": [{""productId"": 10, ""name"": ""Leg - Unli"", ""price"": 159, ""quantity"": 2}], ""order_mode"": ""REGULAR""}",,318.00,2026-04-29T12:00:00+08:00,176
156,"{""id"": 177, ""slip_number"": ""6049623"", ""order_type"": """", ""payment_method"": """", ""table_number"": """", ""items_json"": [{""productId"": 0, ""name"": ""Heavygat na Pechopak (temp 160)"", ""price"": 0, ""quantity"": 2}, {""productId"": 0, ""name"": ""BBQ na siksik solo (temp 130)"", ""price"": 0, ""quantity"": 2}], ""order_mode"": ""REGULAR""}",,0.00,2026-04-29T12:00:00+08:00,177
157,"{""id"": 178, ""slip_number"": ""6049624"", ""order_type"": """", ""payment_method"": """", ""table_number"": """", ""items_json"": [{""productId"": 11, ""name"": ""Wings - Unli"", ""price"": 139, ""quantity"": 2}], ""order_mode"": ""REGULAR""}",,278.00,2026-04-29T12:00:00+08:00,178
158,"{""id"": 179, ""slip_number"": ""6049625"", ""order_type"": """", ""payment_method"": """", ""table_number"": """", ""items_json"": [{""productId"": 10, ""name"": ""Leg - Meal"", ""price"": 149, ""quantity"": 1}], ""order_mode"": ""REGULAR""}",,149.00,2026-04-29T12:00:00+08:00,179
159,"{""id"": 180, ""slip_number"": ""6049626"", ""order_type"": """", ""payment_method"": """", ""table_number"": """", ""items_json"": [{""productId"": 7, ""name"": ""Pechopak - Unli"", ""price"": 179, ""quantity"": 2}, {""productId"": 10, ""name"": ""Leg - Unli"", ""price"": 159, ""quantity"": 2}], ""order_mode"": ""REGULAR""}",,676.00,2026-04-29T12:00:00+08:00,180
160,"{""id"": 181, ""slip_number"": ""6049627"", ""order_type"": """", ""payment_method"": """", ""table_number"": """", ""items_json"": [{""productId"": 10, ""name"": ""Leg - Unli"", ""price"": 159, ""quantity"": 2}], ""order_mode"": ""REGULAR""}",,318.00,2026-04-29T12:00:00+08:00,181
161,"{""id"": 182, ""slip_number"": ""6049628"", ""order_type"": """", ""payment_method"": """", ""table_number"": """", ""items_json"": [{""productId"": 7, ""name"": ""Pechopak - Unli"", ""price"": 179, ""quantity"": 1}, {""productId"": 0, ""name"": ""Delivery Fee 1"", ""price"": 0, ""quantity"": 1}], ""order_mode"": ""REGULAR""}",,179.00,2026-04-29T12:00:00+08:00,182
162,"{""id"": 183, ""slip_number"": ""6049629"", ""order_type"": """", ""payment_method"": """", ""table_number"": """", ""items_json"": [{""productId"": 7, ""name"": ""Pechopak - Only"", ""price"": 159, ""quantity"": 1}], ""order_mode"": ""REGULAR""}",,159.00,2026-04-29T12:00:00+08:00,183
163,"{""id"": 184, ""slip_number"": ""6049630"", ""order_type"": """", ""payment_method"": """", ""table_number"": """", ""items_json"": [{""productId"": 11, ""name"": ""Wings - Meal"", ""price"": 129, ""quantity"": 1}, {""productId"": 9, ""name"": ""BBQ - Meal"", ""price"": 139, ""quantity"": 1}, {""productId"": 5, ""name"": ""Sprite - 1 Glass"", ""price"": 30, ""quantity"": 2}], ""order_mode"": ""REGULAR""}",,328.00,2026-04-29T12:00:00+08:00,184
164,"{""id"": 185, ""slip_number"": ""6049631"", ""order_type"": """", ""payment_method"": """", ""table_number"": """", ""items_json"": [{""productId"": 9, ""name"": ""BBQ - Unli"", ""price"": 149, ""quantity"": 1}], ""order_mode"": ""REGULAR""}",,149.00,2026-04-29T12:00:00+08:00,185
165,"{""id"": 186, ""slip_number"": ""6049632"", ""order_type"": """", ""payment_method"": """", ""table_number"": """", ""items_json"": [{""productId"": 7, ""name"": ""Pechopak - Unli"", ""price"": 179, ""quantity"": 2}], ""order_mode"": ""REGULAR""}",,358.00,2026-04-29T12:00:00+08:00,186
166,"{""id"": 187, ""slip_number"": ""6049633"", ""order_type"": """", ""payment_method"": """", ""table_number"": """", ""items_json"": [{""productId"": 10, ""name"": ""Leg - Unli"", ""price"": 159, ""quantity"": 1}], ""order_mode"": ""REGULAR""}",,159.00,2026-04-29T12:00:00+08:00,187
167,"{""id"": 188, ""slip_number"": ""6049634"", ""order_type"": """", ""payment_method"": """", ""table_number"": """", ""items_json"": [{""productId"": 7, ""name"": ""Pechopak - Unli"", ""price"": 179, ""quantity"": 1}, {""productId"": 9, ""name"": ""BBQ - Unli"", ""price"": 149, ""quantity"": 1}], ""order_mode"": ""REGULAR""}",,328.00,2026-04-29T12:00:00+08:00,188
168,"{""id"": 189, ""slip_number"": ""6049635"", ""order_type"": """", ""payment_method"": """", ""table_number"": """", ""items_json"": [{""productId"": 7, ""name"": ""Pechopak - Unli"", ""price"": 179, ""quantity"": 1}], ""order_mode"": ""REGULAR""}",,179.00,2026-04-29T12:00:00+08:00,189
169,"{""id"": 190, ""slip_number"": ""6049636"", ""order_type"": """", ""payment_method"": """", ""table_number"": """", ""items_json"": [{""productId"": 7, ""name"": ""Pechopak - Unli"", ""price"": 179, ""quantity"": 1}], ""order_mode"": ""REGULAR""}",,179.00,2026-04-29T12:00:00+08:00,190
170,"{""id"": 191, ""slip_number"": ""6049637"", ""order_type"": """", ""payment_method"": """", ""table_number"": """", ""items_json"": [{""productId"": 10, ""name"": ""Leg - Meal"", ""price"": 149, ""quantity"": 2}, {""productId"": 10, ""name"": ""Leg - Unli"", ""price"": 159, ""quantity"": 1}], ""order_mode"": ""REGULAR""}",,457.00,2026-04-29T12:00:00+08:00,191
171,"{""id"": 192, ""slip_number"": ""6049638"", ""order_type"": """", ""payment_method"": """", ""table_number"": """", ""items_json"": [{""productId"": 10, ""name"": ""Leg - Unli"", ""price"": 159, ""quantity"": 1}, {""productId"": 7, ""name"": ""Pechopak - Unli"", ""price"": 179, ""quantity"": 1}], ""order_mode"": ""REGULAR""}",,338.00,2026-04-29T12:00:00+08:00,192
172,"{""id"": 193, ""slip_number"": ""6049639"", ""order_type"": """", ""payment_method"": """", ""table_number"": """", ""items_json"": [{""productId"": 10, ""name"": ""Leg - Unli"", ""price"": 159, ""quantity"": 1}, {""productId"": 10, ""name"": ""Leg - Meal"", ""price"": 149, ""quantity"": 1}, {""productId"": 8, ""name"": ""Liempo - Unli"", ""price"": 199, ""quantity"": 2}, {""productId"": 1, ""name"": ""Coke - 1 Glass"", ""price"": 30, ""quantity"": 4}], ""order_mode"": ""REGULAR""}",,826.00,2026-04-29T12:00:00+08:00,193
173,"{""id"": 194, ""slip_number"": ""6049640"", ""order_type"": """", ""payment_method"": """", ""table_number"": """", ""items_json"": [{""productId"": 7, ""name"": ""Pechopak - Meal"", ""price"": 169, ""quantity"": 1}], ""order_mode"": ""REGULAR""}",,169.00,2026-04-29T12:00:00+08:00,194
174,"{""id"": 195, ""slip_number"": ""6049641"", ""order_type"": """", ""payment_method"": """", ""table_number"": """", ""items_json"": [{""productId"": 10, ""name"": ""Leg - Meal"", ""price"": 149, ""quantity"": 1}, {""productId"": 7, ""name"": ""Pechopak - Meal"", ""price"": 169, ""quantity"": 1}], ""order_mode"": ""REGULAR""}",,318.00,2026-04-29T12:00:00+08:00,195
175,"{""id"": 196, ""slip_number"": ""6049642"", ""order_type"": """", ""payment_method"": """", ""table_number"": """", ""items_json"": [{""productId"": 7, ""name"": ""Pechopak - Only"", ""price"": 159, ""quantity"": 2}], ""order_mode"": ""REGULAR""}",,318.00,2026-04-29T12:00:00+08:00,196
176,"{""id"": 197, ""slip_number"": ""6049643"", ""order_type"": """", ""payment_method"": """", ""table_number"": """", ""items_json"": [{""productId"": 11, ""name"": ""Wings - Unli"", ""price"": 139, ""quantity"": 1}, {""productId"": 1, ""name"": ""Coke - 1 Glass"", ""price"": 30, ""quantity"": 1}], ""order_mode"": ""REGULAR""}",,169.00,2026-04-29T12:00:00+08:00,197
177,"{""id"": 198, ""slip_number"": ""6049644"", ""order_type"": """", ""payment_method"": """", ""table_number"": """", ""items_json"": [{""productId"": 10, ""name"": ""Leg - Unli"", ""price"": 159, ""quantity"": 1}], ""order_mode"": ""REGULAR""}",,159.00,2026-04-29T12:00:00+08:00,198
123,"{""id"": 144, ""slip_number"": ""9740561"", ""order_type"": """", ""payment_method"": """", ""table_number"": """", ""items_json"": [{""productId"": 10, ""name"": ""Leg - Meal"", ""price"": 149, ""quantity"": 1}, {""productId"": 9, ""name"": ""BBQ - Meal"", ""price"": 139, ""quantity"": 1}], ""order_mode"": ""REGULAR""}",,288.00,2026-04-28T12:00:00+08:00,144
124,"{""id"": 145, ""slip_number"": ""9740562"", ""order_type"": """", ""payment_method"": """", ""table_number"": """", ""items_json"": [{""productId"": 7, ""name"": ""Pechopak - Meal"", ""price"": 169, ""quantity"": 1}], ""order_mode"": ""REGULAR""}",,169.00,2026-04-28T12:00:00+08:00,145
125,"{""id"": 146, ""slip_number"": ""9740563"", ""order_type"": """", ""payment_method"": """", ""table_number"": """", ""items_json"": [{""productId"": 7, ""name"": ""Pechopak - Unli"", ""price"": 179, ""quantity"": 1}, {""productId"": 8, ""name"": ""Liempo - Unli"", ""price"": 199, ""quantity"": 1}], ""order_mode"": ""REGULAR""}",,378.00,2026-04-28T12:00:00+08:00,146
126,"{""id"": 147, ""slip_number"": ""9740564"", ""order_type"": """", ""payment_method"": """", ""table_number"": """", ""items_json"": [{""productId"": 11, ""name"": ""Wings - Meal"", ""price"": 129, ""quantity"": 1}], ""order_mode"": ""REGULAR""}",,129.00,2026-04-28T12:00:00+08:00,147
127,"{""id"": 148, ""slip_number"": ""9740565"", ""order_type"": """", ""payment_method"": """", ""table_number"": """", ""items_json"": [{""productId"": 10, ""name"": ""Leg - Meal"", ""price"": 149, ""quantity"": 1}], ""order_mode"": ""REGULAR""}",,149.00,2026-04-28T12:00:00+08:00,148
128,"{""id"": 149, ""slip_number"": ""9740566"", ""order_type"": """", ""payment_method"": """", ""table_number"": """", ""items_json"": [{""productId"": 7, ""name"": ""Pechopak - Meal"", ""price"": 169, ""quantity"": 1}, {""productId"": 0, ""name"": ""Delivery Fee 1"", ""price"": 0, ""quantity"": 1}], ""order_mode"": ""REGULAR""}",,169.00,2026-04-28T12:00:00+08:00,149
129,"{""id"": 150, ""slip_number"": ""9740567"", ""order_type"": """", ""payment_method"": """", ""table_number"": """", ""items_json"": [{""productId"": 0, ""name"": ""Pakpak 1 piece (temp)"", ""price"": 0, ""quantity"": 1}], ""order_mode"": ""REGULAR""}",,0.00,2026-04-28T12:00:00+08:00,150
130,"{""id"": 151, ""slip_number"": ""9740568"", ""order_type"": """", ""payment_method"": """", ""table_number"": """", ""items_json"": [{""productId"": 7, ""name"": ""Pechopak - Meal"", ""price"": 169, ""quantity"": 4}, {""productId"": 9, ""name"": ""BBQ - Meal"", ""price"": 139, ""quantity"": 1}], ""order_mode"": ""REGULAR""}",,815.00,2026-04-28T12:00:00+08:00,151
131,"{""id"": 152, ""slip_number"": ""9740569"", ""order_type"": """", ""payment_method"": """", ""table_number"": """", ""items_json"": [{""productId"": 7, ""name"": ""Pechopak - Meal"", ""price"": 169, ""quantity"": 2}], ""order_mode"": ""REGULAR""}",,338.00,2026-04-28T12:00:00+08:00,152
132,"{""id"": 153, ""slip_number"": ""9740570"", ""order_type"": """", ""payment_method"": """", ""table_number"": """", ""items_json"": [{""productId"": 10, ""name"": ""Leg - Meal"", ""price"": 149, ""quantity"": 2}], ""order_mode"": ""REGULAR""}",,298.00,2026-04-28T12:00:00+08:00,153
133,"{""id"": 154, ""slip_number"": ""9740571"", ""order_type"": """", ""payment_method"": """", ""table_number"": """", ""items_json"": [{""productId"": 9, ""name"": ""BBQ - Only"", ""price"": 129, ""quantity"": 1}], ""order_mode"": ""REGULAR""}",,129.00,2026-04-28T12:00:00+08:00,154
134,"{""id"": 155, ""slip_number"": ""9740572"", ""order_type"": """", ""payment_method"": """", ""table_number"": """", ""items_json"": [{""productId"": 9, ""name"": ""BBQ - Only"", ""price"": 129, ""quantity"": 1}], ""order_mode"": ""REGULAR""}",,129.00,2026-04-28T12:00:00+08:00,155
135,"{""id"": 156, ""slip_number"": ""9740573"", ""order_type"": """", ""payment_method"": """", ""table_number"": """", ""items_json"": [{""productId"": 11, ""name"": ""Wings - Only"", ""price"": 119, ""quantity"": 1}, {""productId"": 9, ""name"": ""BBQ - Only"", ""price"": 129, ""quantity"": 1}], ""order_mode"": ""REGULAR""}",,248.00,2026-04-28T12:00:00+08:00,156
136,"{""id"": 157, ""slip_number"": ""9740574"", ""order_type"": """", ""payment_method"": """", ""table_number"": """", ""items_json"": [{""productId"": 7, ""name"": ""Pechopak - Only"", ""price"": 159, ""quantity"": 4}], ""order_mode"": ""REGULAR""}",,636.00,2026-04-28T12:00:00+08:00,157
137,"{""id"": 158, ""slip_number"": ""9740575"", ""order_type"": """", ""payment_method"": """", ""table_number"": """", ""items_json"": [{""productId"": 0, ""name"": ""Pakpak half solo (temp)"", ""price"": 0, ""quantity"": 3}], ""order_mode"": ""REGULAR""}",,0.00,2026-04-28T12:00:00+08:00,158
138,"{""id"": 159, ""slip_number"": ""9740576"", ""order_type"": """", ""payment_method"": """", ""table_number"": """", ""items_json"": [{""productId"": 8, ""name"": ""Liempo - Meal"", ""price"": 189, ""quantity"": 1}], ""order_mode"": ""REGULAR""}",,189.00,2026-04-28T12:00:00+08:00,159
139,"{""id"": 160, ""slip_number"": ""9740577"", ""order_type"": """", ""payment_method"": """", ""table_number"": """", ""items_json"": [{""productId"": 11, ""name"": ""Wings - Unli"", ""price"": 139, ""quantity"": 1}, {""productId"": 9, ""name"": ""BBQ - Meal"", ""price"": 139, ""quantity"": 1}, {""productId"": 9, ""name"": ""BBQ - Unli"", ""price"": 149, ""quantity"": 2}], ""order_mode"": ""REGULAR""}",,576.00,2026-04-28T12:00:00+08:00,160
140,"{""id"": 161, ""slip_number"": ""9740578"", ""order_type"": """", ""payment_method"": """", ""table_number"": """", ""items_json"": [{""productId"": 10, ""name"": ""Leg - Meal"", ""price"": 149, ""quantity"": 2}, {""productId"": 7, ""name"": ""Pechopak - Meal"", ""price"": 169, ""quantity"": 1}, {""productId"": 8, ""name"": ""Liempo - Meal"", ""price"": 189, ""quantity"": 1}], ""order_mode"": ""REGULAR""}",,656.00,2026-04-28T12:00:00+08:00,161
141,"{""id"": 162, ""slip_number"": ""9740579"", ""order_type"": """", ""payment_method"": """", ""table_number"": """", ""items_json"": [{""productId"": 11, ""name"": ""Wings - Unli"", ""price"": 139, ""quantity"": 1}], ""order_mode"": ""REGULAR""}",,139.00,2026-04-28T12:00:00+08:00,162
142,"{""id"": 163, ""slip_number"": ""9740580"", ""order_type"": """", ""payment_method"": """", ""table_number"": """", ""items_json"": [{""productId"": 10, ""name"": ""Leg - Meal"", ""price"": 149, ""quantity"": 1}, {""productId"": 10, ""name"": ""Leg - Unli"", ""price"": 159, ""quantity"": 3}, {""productId"": 8, ""name"": ""Liempo - Unli"", ""price"": 199, ""quantity"": 2}, {""productId"": 9, ""name"": ""BBQ - Meal"", ""price"": 139, ""quantity"": 3}], ""order_mode"": ""REGULAR""}",,1441.00,2026-04-28T12:00:00+08:00,163
143,"{""id"": 164, ""slip_number"": ""9740681"", ""order_type"": """", ""payment_method"": """", ""table_number"": """", ""items_json"": [{""productId"": 11, ""name"": ""Wings - Unli"", ""price"": 139, ""quantity"": 1}, {""productId"": 8, ""name"": ""Liempo - Unli"", ""price"": 199, ""quantity"": 1}], ""order_mode"": ""REGULAR""}",,338.00,2026-04-28T12:00:00+08:00,164
144,"{""id"": 165, ""slip_number"": ""9740682"", ""order_type"": """", ""payment_method"": """", ""table_number"": """", ""items_json"": [{""productId"": 10, ""name"": ""Leg - Unli"", ""price"": 159, ""quantity"": 1}], ""order_mode"": ""REGULAR""}",,159.00,2026-04-28T12:00:00+08:00,165
145,"{""id"": 166, ""slip_number"": ""9740683"", ""order_type"": """", ""payment_method"": """", ""table_number"": """", ""items_json"": [{""productId"": 10, ""name"": ""Leg - Meal"", ""price"": 149, ""quantity"": 1}, {""productId"": 7, ""name"": ""Pechopak - Meal"", ""price"": 169, ""quantity"": 1}, {""productId"": 0, ""name"": ""Delivery Fee 1"", ""price"": 0, ""quantity"": 1}], ""order_mode"": ""REGULAR""}",,318.00,2026-04-28T12:00:00+08:00,166
146,"{""id"": 167, ""slip_number"": ""9740684"", ""order_type"": """", ""payment_method"": """", ""table_number"": """", ""items_json"": [{""productId"": 7, ""name"": ""Pechopak - Unli"", ""price"": 179, ""quantity"": 1}, {""productId"": 11, ""name"": ""Wings - Meal"", ""price"": 129, ""quantity"": 1}], ""order_mode"": ""REGULAR""}",,308.00,2026-04-28T12:00:00+08:00,167
147,"{""id"": 168, ""slip_number"": ""9740685"", ""order_type"": """", ""payment_method"": """", ""table_number"": """", ""items_json"": [{""productId"": 10, ""name"": ""Leg - Unli"", ""price"": 159, ""quantity"": 1}, {""productId"": 7, ""name"": ""Pechopak - Unli"", ""price"": 179, ""quantity"": 2}, {""productId"": 8, ""name"": ""Liempo - Unli"", ""price"": 199, ""quantity"": 1}], ""order_mode"": ""REGULAR""}",,716.00,2026-04-28T12:00:00+08:00,168
148,"{""id"": 169, ""slip_number"": ""9740686"", ""order_type"": """", ""payment_method"": """", ""table_number"": """", ""items_json"": [{""productId"": 7, ""name"": ""Pechopak - Unli"", ""price"": 179, ""quantity"": 1}, {""productId"": 8, ""name"": ""Liempo - Meal"", ""price"": 189, ""quantity"": 1}], ""order_mode"": ""REGULAR""}",,368.00,2026-04-28T12:00:00+08:00,169
149,"{""id"": 170, ""slip_number"": ""9740687"", ""order_type"": """", ""payment_method"": """", ""table_number"": """", ""items_json"": [{""productId"": 7, ""name"": ""Pechopak - Unli"", ""price"": 179, ""quantity"": 3}], ""order_mode"": ""REGULAR""}",,537.00,2026-04-28T12:00:00+08:00,170
150,"{""id"": 171, ""slip_number"": ""9740688"", ""order_type"": """", ""payment_method"": """", ""table_number"": """", ""items_json"": [{""productId"": 8, ""name"": ""Liempo - Unli"", ""price"": 199, ""quantity"": 2}], ""order_mode"": ""REGULAR""}",,398.00,2026-04-28T12:00:00+08:00,171
151,"{""id"": 172, ""slip_number"": ""9740689"", ""order_type"": """", ""payment_method"": """", ""table_number"": """", ""items_json"": [{""productId"": 9, ""name"": ""BBQ - Meal"", ""price"": 139, ""quantity"": 1}], ""order_mode"": ""REGULAR""}",,139.00,2026-04-28T12:00:00+08:00,172
152,"{""id"": 173, ""slip_number"": ""9740690"", ""order_type"": """", ""payment_method"": """", ""table_number"": """", ""items_json"": [{""productId"": 10, ""name"": ""Leg - Unli"", ""price"": 159, ""quantity"": 1}], ""order_mode"": ""REGULAR""}",,159.00,2026-04-28T12:00:00+08:00,173
153,"{""id"": 174, ""slip_number"": ""9740691"", ""order_type"": """", ""payment_method"": """", ""table_number"": """", ""items_json"": [{""productId"": 9, ""name"": ""BBQ - Meal"", ""price"": 139, ""quantity"": 1}], ""order_mode"": ""REGULAR""}",,139.00,2026-04-28T12:00:00+08:00,174
